-- MySQL dump 10.13  Distrib 8.0.36, for Linux (x86_64)
--
-- Host: localhost    Database: hheskeny_market
-- ------------------------------------------------------
-- Server version	8.0.36-2ubuntu3

/*!40101 SET @OLD_CHARACTER_SET_CLIENT=@@CHARACTER_SET_CLIENT */;
/*!40101 SET @OLD_CHARACTER_SET_RESULTS=@@CHARACTER_SET_RESULTS */;
/*!40101 SET @OLD_COLLATION_CONNECTION=@@COLLATION_CONNECTION */;
/*!50503 SET NAMES utf8mb4 */;
/*!40103 SET @OLD_TIME_ZONE=@@TIME_ZONE */;
/*!40103 SET TIME_ZONE='+00:00' */;
/*!40014 SET @OLD_UNIQUE_CHECKS=@@UNIQUE_CHECKS, UNIQUE_CHECKS=0 */;
/*!40014 SET @OLD_FOREIGN_KEY_CHECKS=@@FOREIGN_KEY_CHECKS, FOREIGN_KEY_CHECKS=0 */;
/*!40101 SET @OLD_SQL_MODE=@@SQL_MODE, SQL_MODE='NO_AUTO_VALUE_ON_ZERO' */;
/*!40111 SET @OLD_SQL_NOTES=@@SQL_NOTES, SQL_NOTES=0 */;

--
-- Table structure for table `author`
--

DROP TABLE IF EXISTS `author`;
/*!40101 SET @saved_cs_client     = @@character_set_client */;
/*!50503 SET character_set_client = utf8mb4 */;
CREATE TABLE `author` (
  `id` int NOT NULL AUTO_INCREMENT,
  `name` varchar(255) COLLATE utf8mb4_unicode_ci NOT NULL,
  `biography` longtext COLLATE utf8mb4_unicode_ci NOT NULL,
  PRIMARY KEY (`id`)
) ENGINE=InnoDB AUTO_INCREMENT=32 DEFAULT CHARSET=utf8mb4 COLLATE=utf8mb4_unicode_ci;
/*!40101 SET character_set_client = @saved_cs_client */;

--
-- Dumping data for table `author`
--

LOCK TABLES `author` WRITE;
/*!40000 ALTER TABLE `author` DISABLE KEYS */;
INSERT INTO `author` VALUES (1,'Julian Melgosa','<p>Julian Melgosa, Spanish dean. Chartered psychologist British Psychological Society. Member of American Psychological Association (international affiliat), British Psychology Society.</p>\r\n\r\n<h2>Background</h2>\r\n\r\n<p>Melgosa, Julian was born on February 14, 1957 in Madrid. Son of Fortunato Melgosa and Maria Natividad Mohedano.</p>\r\n\r\n<h2>Education</h2>\r\n\r\n<p>Bachelor in Education, University Madrid, 1979. Master of Arts in Education and Psychology, University Madrid, 1980. Doctor of Philosophy in Educational Psychology, Andrews University, 1985.</p>\r\n\r\n<h2>Career</h2>\r\n\r\n<p>Elementary teacher Division Gifted, Bridgman, Michigan, 1983&mdash;1984. Assistant professor Colegio Adventista de Sagunto (Chemical Abstracts Service), Sagunto, Valencia, Spain, 1985&mdash;1990, language program director Spain, 1986&mdash;1990. Associate lecturer Open University, Oxford, England, 1993&mdash;1996.<br />\r\n<br />\r\nMaster of Arts education program director Newbold College, Bracknell, England, 1991&mdash;1998. Academy dean Adventist International Institute Advanced Studies (AIIAS), Silang, Philippines, 1998&mdash;2002.</p>\r\n\r\n<h2>Achievements</h2>\r\n\r\n<ul>\r\n	<li>\r\n	<p>Julian Melgosa has been listed as a noteworthy dean by Marquis Who&#39;s Who.</p>\r\n	</li>\r\n</ul>\r\n\r\n<h2>Membership</h2>\r\n\r\n<p>Member of American Psychological Association (international affiliat), British Psychology Society.</p>\r\n\r\n<ul>\r\n</ul>\r\n\r\n<h2>Connections</h2>\r\n\r\n<p>Married Annette Alyce Dunbebin, August 21, 1983. Children: Claudia Susana, Eric Nicolas.</p>'),(2,'Ardis Dick Stenbakken','Biography not available.'),(3,'Ben Carson','Ben Carson is a renowned neurosurgeon and former Secretary of the U.S. Department of Housing and Urban Development (HUD). Born on September 18, 1951, in Detroit, Michigan, Carson overcame poverty and academic struggles to become one of the world\'s leading neurosurgeons. He gained fame for pioneering surgeries to separate conjoined twins and for his work at Johns Hopkins Hospital. Carson has also authored several books, including his autobiography, \"Gifted Hands.\"'),(4,'Celedonio García','Biography not available.'),(5,'Pozuelo Ramos','Biography not available.'),(6,'César Gálvez','Biography not available.'),(7,'Rafael Escandón','Biography not available.'),(8,'Dália Mateus','Biography not available.'),(9,'María Augusta Lopes','Biography not available.'),(10,'Dr. Clemency Mitchell','Biography not available.'),(11,'Dr. Ernst Schneider','Biography not available.'),(12,'Dr. George D. Pamplona Roger','Dr. George D. Pamplona Roger is a Spanish physician and author specializing in health and nutrition. He is known for his books on natural remedies and healthy living, which combine medical science with practical advice on diet and lifestyle. His works aim to educate the public on preventing and treating diseases through natural means.'),(13,'Dr. Herminia Galbes','Biography not available.'),(14,'Isidro Aguilar','Biography not available.'),(15,'Dr. Julián Melgosa','Dr. Julián Melgosa is an author and psychologist who writes on topics related to mental health, emotional well-being, and personal development. His works often focus on practical strategies for improving mental health through lifestyle changes, positive thinking, and emotional resilience.'),(16,'Dr. Ramón Gelabert','Dr. Ramón Gelabert is known for his contributions to health education, particularly within the context of holistic and preventive medicine. His work likely includes publications on the benefits of a healthy lifestyle, emphasizing nutrition, exercise, and mental well-being.'),(17,'Ellen G. White','Ellen G. White (1827-1915) was a co-founder of the Seventh-day Adventist Church and is considered a prophetess within the denomination. She wrote extensively on religion, health, and education, with her works being foundational for Adventist theology. Her most notable books include \"The Great Controversy\" and \"Steps to Christ.\" White\'s visions and writings have significantly influenced the Adventist movement.'),(18,'Hans Diehl','Hans Diehl is a clinical professor of preventive medicine at Loma Linda University and the founder of the Complete Health Improvement Program (CHIP). He is a prominent advocate of lifestyle medicine, focusing on plant-based nutrition and preventive health measures to combat chronic diseases like heart disease and diabetes. Diehl has authored several books and research papers on health and wellness.'),(19,'Aileen Ludington','Aileen Ludington is a physician and author known for her work in preventive medicine and health education. She has collaborated with Hans Diehl on health programs and publications, promoting lifestyle changes to prevent and reverse chronic diseases. Ludington\'s work emphasizes the benefits of a plant-based diet, regular exercise, and other healthy habits.'),(20,'Home Health Education Service','Biography not available.'),(21,'Pattiejean Brown','Biography not available.'),(22,'Jeffrey Brown','Jeffrey Brown is typically associated with health and wellness education, often contributing to literature on maintaining health through natural and preventive measures. His work might include guides on nutrition, fitness, and holistic health practices.'),(23,'Jonathan & Ana Callagher','Biography not available.'),(24,'Julie McPherson','Biography not available.'),(25,'Karen Holford','Biography not available.'),(26,'Lidia La Marca','Biography not available.'),(27,'María Augusta Lopes','Biography not available.'),(28,'Nancy Van Pelt','Biography not available.'),(29,'Richard J. B. Willis','Biography not available.'),(30,'John M. Wilby','Biography not available.'),(31,'Robert J. Wieland','Biography not available.');
/*!40000 ALTER TABLE `author` ENABLE KEYS */;
UNLOCK TABLES;

--
-- Table structure for table `book`
--

DROP TABLE IF EXISTS `book`;
/*!40101 SET @saved_cs_client     = @@character_set_client */;
/*!50503 SET character_set_client = utf8mb4 */;
CREATE TABLE `book` (
  `id` int NOT NULL AUTO_INCREMENT,
  `publisher_id` int DEFAULT NULL,
  `user_id` int DEFAULT NULL,
  `title` varchar(255) COLLATE utf8mb4_unicode_ci NOT NULL,
  `slug` varchar(255) COLLATE utf8mb4_unicode_ci NOT NULL,
  `isbn` varchar(255) COLLATE utf8mb4_unicode_ci DEFAULT NULL,
  `description` longtext COLLATE utf8mb4_unicode_ci NOT NULL,
  `language` varchar(255) COLLATE utf8mb4_unicode_ci NOT NULL,
  `image` varchar(255) COLLATE utf8mb4_unicode_ci NOT NULL,
  `cost` double NOT NULL,
  `availability` varchar(255) COLLATE utf8mb4_unicode_ci NOT NULL,
  `uploaded` datetime NOT NULL,
  `deleted` tinyint(1) NOT NULL,
  `banner` tinyint(1) DEFAULT NULL,
  `featured` tinyint(1) DEFAULT NULL,
  PRIMARY KEY (`id`),
  KEY `IDX_CBE5A33140C86FCE` (`publisher_id`),
  KEY `IDX_CBE5A331A76ED395` (`user_id`),
  CONSTRAINT `FK_CBE5A33140C86FCE` FOREIGN KEY (`publisher_id`) REFERENCES `publisher` (`id`),
  CONSTRAINT `FK_CBE5A331A76ED395` FOREIGN KEY (`user_id`) REFERENCES `user` (`id`)
) ENGINE=InnoDB AUTO_INCREMENT=60 DEFAULT CHARSET=utf8mb4 COLLATE=utf8mb4_unicode_ci;
/*!40101 SET character_set_client = @saved_cs_client */;

--
-- Dumping data for table `book`
--

LOCK TABLES `book` WRITE;
/*!40000 ALTER TABLE `book` DISABLE KEYS */;
INSERT INTO `book` VALUES (1,NULL,2,'Healthy Foods','healthy-foods',NULL,'Our health and well-being depend, more than on any other factor, on the food that we take in every day. Whereas some foods can be the origin of disease, others are capable of preventing, alleviating, or even curing, our ailments.\n\nA research physician and an author of extensive experience, Dr. Pamplona-Roger describes with scientific clarity and precision the composition, curative properties, and usage of nearly one hundred “star” foods. Their regular consumption can do as much for our health as most medicines and other medical treatments. Additionally, an indication is given as to which foods we should take advantage of, and which ones ought to be shunned when suffering from some of the most common diseases and maladies.\n\nThis book will help the reader to know the foods endowed with medicinal power better, and enjoy eating them as well.','english','img/books/health/Healthy_Foods/Slide1.jpg',6800,'available','2017-10-26 07:12:47',0,NULL,NULL),(2,NULL,2,'250 Recipes','250-recipes',NULL,'This work presents 250 recipes that use over 130 different foods, which can prevent and cure a multitude of diseases. The vegetarian recipes included in this volume are recommended for nearly 150 diseases and are presented according to the organ or body part that most benefits from their use.\n\nDr. Pamplona-Roger, research physician and highly-experienced author, collaborates with Dr. Malaxetxebarria to provide an in-depth analysis of the composition and nutritional, preventive and curative value of each recipe.\n\nThe recipes proposed in this work are useful during all stages of life: for children, pre-teens and adolescents, adults, and elders. Diseases such as stress, infarcts, high cholesterol, ulcers, cancer, and many more, can find part of their prevention or cure in the recipes suggested in this book','english','img/books/health/250_Recipes/Slide1.jpg',5800,'available','2017-03-22 08:34:49',0,NULL,NULL),(3,NULL,2,'For Raising Your Child','for-raising-your-child',NULL,'The authors of this book, experienced educators and parents, offer us all of the secrets to educating children, both at home and at school. They provide practical advice and describe how to educate our children at the different stages of their childhood.\n\nNine fundamental topics are explored, beginning with education in the family, which teaches us the principles of the family relationship and its environment, and helps parents adopt a more efficient educational plan.','english','img/books/family/For_Raising_Your_Child/Slide1.jpg',5100,'available','2017-03-22 09:05:52',0,NULL,NULL),(4,NULL,2,'Healthy And Strong','healthy-and-strong',NULL,'Healthy and Strong represents an indispensable nutritional manual through the children development process, since pregnancy, lactation, and adolescence.  Its reading and implementation of the exposed advices may imply the prevention of future health problems in our sons and daughters.\n\nOnce again, Dr. Pamplona-Roger, physician and surgeon, and renowned author of a variety of books and encyclopedias, shares his broad experience as an educator and communicator through this more than 330 page volume, which is filled with educational and instructional explanations and advice.','english','img/books/health/Healthy_And_Strong/Slide1.jpg',8800,'available','2017-03-22 09:05:31',0,NULL,NULL),(5,NULL,2,'To Adolescents And Parents','to-adolescents-and-parents',NULL,'There may be no other time in life that is more complex and turbulent than adolescence. It is a transition stage, where all doubts and uncertainties are manifested and during which, nevertheless, crucial decisions must be made about the future.\n\nThis unique work has been developed for adult to know and be able to understand the new generations, as well as for young people to be able to understand their elders. The author, Julián Melgosa, psychologist and a recognized communicator, describes for us the causes of the generation gap, while offering practical advice for bridging this distance, which many times can seem impossible to do.\n\nThe book is comprised of 8 chapters, distributed over more than 190 pages. All of the information is accompanied by photographs, charts, and diagrams which help organize ideas and facilitate understanding.','english','img/books/counselling/To_Adolescents_And_Parents/Picture3.jpg',5100,'available','2017-04-10 09:49:15',0,NULL,NULL),(7,NULL,2,'Heart To Heart','heart-to-heart',NULL,'This book, written by Nancy Van Pelt, author of several successful works on the family, teaches us a series of communication techniques that can be applied in interpersonal relationships, from our most intimate environment to the social world where we interact on a daily basis.\n\nOver 180 pages in length, this book provides the reader with a series of innovative techniques and strategies for evaluating his own communication habits and a good method for understanding the needs of those that surround him.\n\nThe book has eight chapters, in addition to an epilogue and a series of self-evaluation tests.','english','img/books/family/Heart_To_Heart/Slide1b.jpg',5100,'available','2017-03-22 11:09:55',0,NULL,NULL),(8,NULL,2,'The Great Hope','the-great-hope',NULL,'A nice book that gives the history of the Church since Christ ascended to the end time. You will never find a detailed history this deep and inspiring in one volume. This is a book you definitely need in your home.','english','img/books/abc/The_Great_Hope/abc12.png',100,'available','2017-03-29 08:37:54',0,NULL,NULL),(9,NULL,2,'Diabetes','diabetes',NULL,'Diabetes is one of the most important diseases in the world. About 250,000,000 people suffer from it, even though many of them unknowingly suffer from a mild form of this disease\n\nDr. Gelabert’s clear, complete, and direct advice provides the best guidance alfor learning if you suffer from diabetes and how to prevent it. If you already know that you have this disease, you will discover how to control it by the use of the most advanced methods and scientific and natural treatments.','english','img/books/health/Diabetes/Slide1.jpg',4700,'available','2017-04-03 06:26:41',0,NULL,NULL),(10,NULL,2,'Amazing Nature','amazing-nature',NULL,'The book shows us some of nature’s magnificent teachings, so that children and even adults can come to understand, appreciate and respect it to a greater and better extent.\n\nWritten by Celedonio García-Pozuelo Ramos, this unique book teaches us a wide range of little-known facts about nature, in a rigorous but very didactic language supported by numerous surprising photographs and extraordinarily beautiful illustrations.\n\nIt also features numerous experiments to carry out at home and short morals for children. Over more than 90 pages, the author reveals proof that nature possesses all of the attributes of a phenomenon born from a creationary will.','english','img/books/children/Amazing_Nature/Slide1.jpg',3500,'available','2017-04-03 06:29:32',0,NULL,NULL),(11,NULL,2,'Discover The Bible','discover-the-bible',NULL,'This work, which is indispensable for the education of our children, presents over four hundred biblical stories, allowing our youngsters to take a look at and enter into the enormous range of tales presented.\n\nIt is presented in six volumes adding up to over nine hundred and fifty pages, written in a very educational speech and completely illustrated with colourful and meaningful pictures, in which your children can discover everything from the Creation to Revelation.\n\nAs you can see, Discover the Bible through its wonderful stories, is a very complete work, full of wisdom and beauty; an ideal tool for parents and educators, which puts Scripture within the reach of all children.','english','img/books/children/Discover_The_Bible/Picture1.png',21450,'available','2017-04-03 06:43:58',0,NULL,NULL),(12,NULL,2,'Discover Your Worth','discover-your-worth',NULL,'To achieve any level of success, you have to believe in yourself. Consequently, the subject of self-esteem is something to think about and act on. The goal of this book is to teach the reader the meaning of self-esteem, important factors that influence it and how it can be improved.','english','img/books/counselling/Discover_Your_Worth/Slide1.jpg',5100,'available','2017-04-03 06:47:02',0,NULL,NULL),(13,NULL,2,'Encyclopedia of Health and Education for the Family','encyclopedia-of-health-and-education-for-the-family',NULL,'This essential book explores and explains over 400 diseases along with their natural, pharmaceutical and surgical treatments, including a myriad of advice in an educational format for children, parents, and grandparents.\n\nThis practical guide for physicians, psychologists, and educators helps preserve and improve physical, mental, and social health.\n\nThis four-volume, 1540-page work was developed by Dr. Isidro Aguilar, a specialist in gynaecology and a highly renowned author, along with Dr. Herminia Galbes, a specialist in pediatrics and child development, and the collaboration of 20 certified physicians, psychologists, and educators.','english','img/books/health/Encyclopedia_of_Health_and_Education_for_the_Family/Slide40.jpg',28800,'available','2018-04-07 18:05:55',0,NULL,NULL),(16,NULL,14,'Encyclopedia of Medicinal Plants','encyclopedia-of-medicinal-plants',NULL,'In this two-volume work, comprised of over 800 pages and an interactive multimedia DVD, Dr. Pamplona-Roger, doctor of medicine and surgery and health education specialist, describes the botanical features of over 470 plants, classified according to disease.\n\nIt also describes numerous natural treatments, in a clear and simple language with practical illustrations for all audiences, helping us to learn about the curative virtues of medicinal plants and their practical application.','english','img/books/health/Encyclopedia_of_Medicinal_Plants/Slide24.jpg',22450,'available','2017-04-03 07:03:42',0,NULL,NULL),(17,NULL,14,'Encyclopedia Of Foods And Their Healing Powers','encyclopedia-of-foods-and-their-healing-powers',NULL,'An up-to-date and broad encyclopedia that details the most current research on the science of foods, nutrition, and diet. This three-volume work with over 1264 pages is an explanation of nutrition and diet-therapy that describes nearly 700 foods from the five continents and about 300 recipes with the practical application of nutrition science in the kitchen.\n\nDr. Pamplona-Roger, a physician specializing in general surgery and the digestive tract, a specialist in health education and a highly-experienced author, details the advantages and disadvantages of all types of foods, providing an in-depth analysis of the composition and preventive and curative value of foods and recipes.','english','img/books/health/Encyclopedia_Of_Foods_And_Their_Healing_Powers/Slide32.jpg',28200,'available','2017-04-03 07:06:18',0,NULL,NULL),(18,NULL,14,'Enjoy It','enjoy-it',NULL,'This work shows that paying attention to health and developing healthy habits can really be fun and creative at the same time. It is truly a joy to change to a healthier life philosophy.\n\nDr. Pamplona-Roger, renowned author of numerous educational and scientific works, has developed this more-than 190-page book in which he explains how to stay healthy according to the most recent recommendations by the European Union and the World Health Organization.','english','img/books/Enjoy_It/Slide1.jpg',5100,'available','2017-04-03 07:18:47',0,NULL,NULL),(19,NULL,1,'Enjoy Life','enjoy-life',NULL,'We are meant to live intensely and positively throughout life. This holds true for our later years, the third age. Preparing for this period helps to ensure a stable and joyous life through our final days. Now that we have added years to our lives, it is time to add quality to the years that we have ahead of us.\n\nThis thought defines Dr. Julian Melgosa’s new, internationally-distributed work, which is a valuable guide to enjoying life throughout the third age. Fourteen chapters offer a complete investigative tool full of practical advice that is specifically designed to help the reader achieve optimal health and find enjoyment in this stage of life.','english','img/books/counselling/Enjoy_Life/Slide1.jpg',8800,'available','2017-04-16 02:48:57',0,NULL,NULL),(22,NULL,14,'Feeling Good','feeling-good','215234-3214','<p>This book focuses on the ailments and diseases that are specific to the woman, along with how to prevent and cure them. It presents the principles of good health that are fundamental to physical, mental, social, and spiritual well-being. During her extensive career and the many years of contact with thousands of women, author Lidia La Marca has produced and developed many projects in the field of social health that provided her an overview of each stage of a woman&rsquo;s life. The book is divided into nine chapters, which are distributed over more than 180 pages. It discusses over one hundred fifty ailments and diseases, explaining various diagnostic tests, emphasizing the need for regular medical examinations and showing ways to face and overcome a variety of situations.</p>','english','feeling-good-1718547940.jpg',4100,'available','2017-07-28 05:58:00',0,0,0),(23,NULL,14,'Free From Addictions','free-from-addictions',NULL,'This unique work presents a positive and practical focus, not only in the face of drugs, other addictions and their aftermath, but also promotes and facilitates self-control over human addictive tendencies.\n\nDrugs, both legal and illegal, are not the only things that can be addictive. Many other objects, behaviors, and situations can lead to addictions: gambling, sex, work, television, violence… Therefore, it is worth it to place a greater emphasis on addiction itself, that is: on what all dependency has in common. From there, we can learn to overcome it.','english','img/books/counselling/Free_From_Addictions/Slide1.jpg',4100,'available','2017-04-11 23:47:01',0,NULL,NULL),(24,NULL,14,'Healthy Body','healthy-body',NULL,'This work shows us the extraordinary worth of the human body, explaining the function of each part and organ, and offering valuable advice for keeping it healthy and in shape, based on the most up-to-date research. This is a compendium of preventive medicine, written for those who wish to take care of their bodies; a veritable maintenance manual for the most complex and efficient machine of all.\n\nOnce again, Dr. Pamplona-Roger, physician and surgeon, and renowned author of a variety of books and encyclopedias, shares his broad experience as an educator and communicator through this more than 330-page volume, which is filled with educational and instructional explanations and advice.','english','img/books/health/Healthy_Body/Slide1.jpg',8800,'available','2017-04-03 07:49:08',0,NULL,NULL),(25,NULL,14,'Healthy By Nature','healthy-by-nature',NULL,'Nature shows us her eight remedies to preserve our integral health: water and earth, sun, physical exercise, air, rest, abstinence from toxic substances, nourishment, and a positive mental attitude.\n\nThis unique work, written by Dr. Ernst Schneider, an eminent researcher and author of various pioneering books on natural medicine, brings the healing virtues of natural agents and the practical manner of their application within the reach of everybody.\n\nThe work is made up of two volumes, which add up to over 650 pages. The first volume describes over one hundred natural therapies of proven effectiveness as well as the techniques for application of all of them.\n\nThis unique work, written by Dr. Ernst Schneider, an eminent researcher and author of various pioneering books on natural medicine, brings the healing virtues of natural agents and the practical manner of their application within the reach of everybody.\n\nThe work is made up of two volumes, which add up to over 650 pages. The first volume describes over one hundred natural therapies of proven effectiveness as well as the techniques for application of all of them.','english','img/books/health/Healthy_By_Nature/Slide2.jpg',10000,'available','2017-04-03 08:15:05',0,NULL,NULL),(26,NULL,14,'Healthy Plants','healthy-plants',NULL,'Nature has endowed medicinal plants with the strength and healing power that the human body needs. Medicinal plants are within our reach and many of us can benefit from using these natural remedies correctly.\n\nThis work, comprised of a 400 page volume and a multimedia interactive DVD, shows us how to use plants to benefit our health.\n\nDr. Pamplona-Roger, physician and specialist in health education, describes for us a multitude of natural treatments, in simple, straightforward language, that places the healing characteristics of medicinal plants and their practical use within everyone’s reach.','english','img/books/health/Healthy_Plants/Slide1.jpg',6100,'available','2017-04-10 07:01:00',0,NULL,NULL),(27,NULL,14,'Less Stress','less-stress',NULL,'A certain amount of stress is necessary to maintain a productive life, but excessive tension causes stress and keeps us from enjoying life.\n\nStress is a disease of our times; it affects both men and women, the young and old, and even children and adolescents.\n\nIn this work of nearly 190 pages, the author, Julian Melgosa, Doctor of Psychology and a well-known communicator, shows us solutions to the stress issue through an alternative lifestyle in which meditation, physical activity, nutrition, and a positive mental attitude, are the best weapons for keeping it under control.','english','img/books/counselling/Less_Stress/Picture2.jpg',5100,'available','2017-04-03 08:10:25',0,NULL,NULL),(28,NULL,14,'Making Friends','making-friends',NULL,'Made up of seven books and an interactive CD-ROM, this series has been developed to teach values in an entertaining way. Its enjoyable and informative stories will connect our children to nature, the origin of life, history, and a very special friend.\n\nMaking Friends Series is an educational, practical, unique and beautifully illustrated way for your children to learn the value of life, nature and history, and at the same time acquire the highest values.','english','img/books/children/Making_Friends/Slide1.jpg',18700,'available','2017-04-03 08:16:24',0,NULL,NULL),(29,NULL,14,'My Little Health Book','my-little-health-book',NULL,'This book sets out the necessary elements for enjoying good health and a youthful, happy spirit from childhood in a language that’s accessible to children.\n\nWritten by Julie McPherson and illustrated by Gustavo Mazali, it teaches children the importance of a balanced diet, water, sun, air, exercise and enough rest – in short, how the body works and the best habits to take care of yourself.\n\nAll of the topics are approached in a very didactic manner, using simple, clear explanations, accompanied by beautiful illustrations.','english','img/books/children/My_Little_Health_Book/Slide1.jpg',3200,'available','2017-04-03 08:18:07',0,NULL,NULL),(30,NULL,14,'Nature\'s Amazing Migrations','natures-amazing-migrations',NULL,'This book offers one of the most extraordinary events that occurs every so often in nature: migration in the animal kingdom.\n\nThe author, Celedonio García-Pozuelo, whose curiosity leads him to study everything that moves and lives, takes us magically by the hand into each of the mysteries of the phenomenon of migration, and shows us the scope of the journeys undertaken by some animals on our planet.\n\nThe author goes in depth about these phenomena with extensive knowledge and skill, using precise yet educational language, presenting information in paragraphs that stand out, so that their reading is very appealing and can be discussed among parents and their children.','english','img/books/children/Nature_s_Amazing_Migrations/Slide1.jpg',3500,'available','2017-04-03 08:24:51',0,NULL,NULL),(31,NULL,14,'Positive Mind','positive-mind-counselling',NULL,'This unique work gives us the tools to face challenges that we often do not know how to face. This 331-page volume is a manual that offers an extensive listing of problematic situations that everyone may face sometime during life.\n\nThe author, Julian Melgosa, is a widely-known communicator, with decades of success as a teacher and a writer, who provides his thoughtful and deep analysis of adversities and behavioral choices for developing a positive and healthy mind.\n\nIn the prologue, Dr. Jose Luis Pinillos writes: “I am sure that no one will regret reading this excellent book. It will not protect them from all pain, but it will prevent evil from taking over their spirit.”','english','img/books/counselling/Positive_Mind/Slide1.jpg',8800,'available','2017-04-16 02:53:32',0,NULL,NULL),(32,NULL,14,'Positive Mind','positive-mind-health',NULL,'This unique work gives us the tools to face challenges that we often do not know how to face. This 331-page volume is a manual that offers an extensive listing of problematic situations that everyone may face sometime during life.\n\nThe author, Julian Melgosa, is a widely-known communicator, with decades of success as a teacher and a writer, who provides his thoughtful and deep analysis of adversities and behavioral choices for developing a positive and healthy mind.\n\nIn the prologue, Dr. Jose Luis Pinillos writes: “I am sure that no one will regret reading this excellent book. It will not protect them from all pain, but it will prevent evil from taking over their spirit.”','english','img/books/health/Positive_Mind/Slide1.jpg',8800,'available','2017-04-16 02:52:43',0,NULL,NULL),(33,NULL,14,'To Couples','to-couples',NULL,'This work shows us how to have a stable and happy relationship during the different stages that a couple goes through. It is a very practical book, which takes us through the itinerary of couple lives, from courtship to old age.\n\nThe authors, Julian and Annette Melgosa, recognized educators and authors of several books about the family, describe for us each of the stages of a couple’s life, and offer an abundance of explanations and advice for facing the most common problems.','english','img/books/family/To_Couples/Slide1.jpg',3900,'available','2017-04-05 09:21:51',0,NULL,NULL),(34,NULL,14,'To Adolescents and Parents','to-adolescents-and-parents',NULL,'There may be no other time in life that is more complex and turbulent than adolescence. It is a transition stage, where all doubts and uncertainties are manifested and during which, nevertheless, crucial decisions must be made about the future.\n\nThis unique work has been developed for adult to know and be able to understand the new generations, as well as for young people to be able to understand their elders. The author, Julián Melgosa, psychologist and a recognized communicator, describes for us the causes of the generation gap, while offering practical advice for bridging this distance, which many times can seem impossible to do.\n\nThe book is comprised of 8 chapters, distributed over more than 190 pages. All of the information is accompanied by photographs, charts, and diagrams which help organize ideas and facilitate understanding.','english','img/books/family/To_Adolescents_and_Parents/Picture3.jpg',5100,'available','2017-04-03 08:39:08',0,NULL,NULL),(35,NULL,7,'THINK BIG','think-big',NULL,'This Book is for you if your life is a series. of shattered dreams.\nThis book is for you if you have no dreams at all. Its for you if you\'ve bought the lie that you will never amount to anything. Thats not true. Your life is BIG far bigger than you\'ve imagined.','english','img/books/counselling/THINK_BIG/think big.jpg',1100,'available','2017-04-03 13:09:19',0,NULL,NULL),(36,NULL,2,'Highly Effective Marriage','highly-effective-marriage',NULL,'Amazingly, recent studies show that marital happiness has little to do with whom you marry and everything to do with how you cope with conflict. By learning and practicing a few simple rules, you can join the 10 percent who enjoy true marital happiness. If you long for marital intimacy, tenderness, and respect, or just need a 100,000-mile marital tune-up, this book is filled with powerful secrets to keep your spouse madly in love with you.\n\nYou\'ll learn\n\n    How to change the status quo by changing your tactics\n    Six rules for fighting fair\n    The magic of \'share prayer\'\n    Thirteen creative ideas for a date with your spouse\n    How a few words of affection can lower your medical bills\n    Nine ways to put play back into your marriage\n    Twenty one ways to love your wife\n    How to decide who submits to whom\n    How to replenish an overdrawn love bank\n    Five ways to make your spouse feel accepted\n    How to put pizzazz back in the bedroom\n\nPlus scores of other suggestions to banish boredom, rekindle the old flame, and create the marriage of your dreams!','english','img/books/family/Highly_Effective_Marriage/image5.png',3700,'available','2017-04-05 05:10:52',0,NULL,NULL),(37,NULL,14,'To Have And To Hold','to-have-and-to-hold',NULL,'A \'marriage manual\' for wives and husbands alike. \n\nTo Have & To Hold will not only outline a woman\'s responsibility in holding the marriage together but will also help men find a better balance among the pursuit of goals, career fulfillment and a happy family life. \n\nTo Have & To Hold is a book that goes beyond theory and explores hundreds of concrete, practical methods on which husband and wife can work together in achieving a happy married life. \n\nTo Have & To Hold is aimed at three specific groups of people: \nYoung couples preparing for marriage,\nThe average couple looking to liven up their average marriage\nTroubled couples that are looking to solve their problems and enjoy a happiness not yet realised.\n\n\'When you take the time and effort to make a marriage good, the rewards are enormous.\'','english','img/books/family/To_Have_And_To_Hold/image9.png',3400,'available','2017-04-05 05:17:11',0,NULL,NULL),(38,NULL,14,'The Family Book','the-family-book',NULL,'This book shares the nuts and bolts of being a successful marriage partner and parent. It is intended to help you reflect upon, and consider, your own family, with its unique needs and skills. You are the expert on your family. Why not browse among the pages of this book and take what is helpful to you, and leave the rest for another day?\n\nThe 173-page, full-color book covers:\nThe Biblical foundations of the family\nParenting, including love, conflict management and communication\nHelping your family to grow spiritually\nFamily worship, prayer and things to do together\nBuilding a strong marriage, including preparation for marriage and secrets of a successful marriage\nReaching out to other relationships\nCreating a welcoming home\nHow to be a great grandparent\nAIDS and the family','english','img/books/family/The_Family_Book/image13.png',3400,'available','2017-04-05 05:31:48',0,NULL,NULL),(39,NULL,14,'The Total Marriage','the-total-marriage',NULL,'The authors stress that marriage is not about finding the right person, but about being the right person.\n\nThey answer such questions as, What do you do when your marriage is not all you expected? How can conflicts within marriage be resolved? How can marital sex be made more fulfilling? How can a dead or dying marriage be brought back to life? Is there life beyond children?\n\nExperience a Total Marriage — looking, liking, learning, living and loving.','english','img/books/family/The_Total_Marriage/image17.png',3400,'available','2017-04-05 05:35:50',0,NULL,NULL),(40,NULL,14,'The Smart Parent','the-smart-parent',NULL,'We all like to be smart about our decisions and knowing how to best bring up our children is one of the most important.\nIn her new book, The Smart Parent, Nancy Van Pelt presents the latest research and studies that will help us be better equipped to be smart parents.\n\nA practical and up-dated book that will help parents find clues on how to become successful, happy parents in today’s society.\nIf you want to become a smart parent, and feel happier and more in control of yourself and your family, then try the guidelines presented in this book.','english','img/books/family/The_Smart_Parent/image25.png',3700,'available','2017-04-05 05:55:39',0,NULL,NULL),(41,NULL,14,'Train Up A Child','train-up-a-child',NULL,'This comprehensive guide to good parenting presents a wealth of insights and ideas for creating healthy, confident people.\n\nIt is never too late to start making positive improvements.','english','img/books/family/Train_Up_A_Child/image29.png',3700,'available','2017-04-05 06:11:22',0,NULL,NULL),(42,NULL,14,'A Guide To Parenting','a-guide-to-parenting',NULL,'This book is for children, young people, and the parents, pastors and teachers who love them.\n\nBe on the winning team with your children after exploring subjects such as entertainment, education, discipline, abuse, sexuality, grief, service and family time.','english','img/books/family/A_Guide_To_Parenting/image32.png',3400,'available','2017-04-05 06:12:03',0,NULL,NULL),(43,NULL,14,'Smart Love','smart-love',NULL,'Straight talk to young adults about dating, love and sex.\n\nSmart dating requires more than just cash, cars and clothes...\n\nFind out lot of finer points to learn so can handle the pressure.\n\nSmart Love is a practical book for our youth. A “dating for beginners” guide.','english','img/books/family/Smart_Love/image37.png',3750,'available','2017-04-05 06:09:07',0,NULL,NULL),(44,NULL,2,'Young Man','young-man',NULL,'Growing up as a boy is not easy today.\n\nYoung Man is a young boy’s guide to teenage sexuality and other “growing pains”.\n\nExcellent for boys and fathers too','english','img/books/family/Young_Man/image41.png',3400,'available','2017-04-05 06:14:37',0,NULL,NULL),(45,NULL,2,'Young Woman','young-woman',NULL,'What is the truth about sex, and how should teenagers relate to the issues of sex and sexuality?\n\nWhat about sex before marriage? What are the risks? How is God involved?','english','img/books/family/Young_Woman/image42.jpeg',3400,'available','2017-04-05 06:15:20',0,NULL,NULL),(46,NULL,2,'Single And Gifted','single-and-gifted',NULL,'How to survive as a single – and turn singleness to your advantage.\n\nHope for those desperately seeking someone.\n\nHow to cope with being alone – and with the crisis of marital separation.\n\nSex and the single person. Surviving as a single parent.\n\nHow to tell love from infatuation','english','img/books/family/Single_And_Gifted/image44.png',3400,'available','2017-04-05 06:18:24',0,NULL,NULL),(47,NULL,2,'Cracking The Stress Problem','cracking-the-stress-problem',NULL,'We face stress at every stage of life – from infancy to old age. The intensity is different in men, women, adolescents, etc.\n\nOur success and quality of life depends on how we deal with stress.\n\nThis book tackles these issues by placing them in a number of contexts and giving stress management programs.','english','img/books/counselling/Cracking_The_Stress_Problem/image50.png',3400,'available','2017-04-05 06:21:42',0,NULL,NULL),(48,NULL,14,'Understanding Nutrition','understanding-nutrition',NULL,'More than 30 years experience have taught Dr Clemency Mitchell that a change in diet and lifestyle would be by far the best prescription for most chronic health problems.\n\nNowadays we are bombarded with information about health, including numerous nutritional theories that often seem to change from day to day.\n\nWhat information and principles should we trust?','english','img/books/health/Understanding_Nutrition/image54.png',3700,'available','2017-04-05 06:24:13',0,NULL,NULL),(49,NULL,14,'Home Health Care','home-health-care',NULL,'An essential book for keeping your family safe and helping you deal with those emergencies in the home.\n\nThis books combines First AID measures with simple remedies that can be applied even at home.\n\nThe third section of this practical book is an A-Z to medical conditions and treatments','english','img/books/health/Home_Health_Care/image59.png',2350,'available','2017-04-05 06:26:52',0,NULL,NULL),(50,NULL,14,'Health Power (soft cover)','health-power-soft-cover',NULL,'Health is by choice – not by chance!\nThe most practical and effective book to follow if you want to change your lifestyle.\n\nIncludes over 200 health issues, explaining the symptoms and the causes. It also presents what we need to do to reverse or prevent the potential problem.\n\nAdvice for all members of the family.\nNow there is no excuse not to enjoy life to the fullest.','english','img/books/health/Health_Power_(soft_cover)/image63.png',2100,'available','2017-04-05 06:29:27',0,NULL,NULL),(51,NULL,14,'Health Power (hard cover)','health-power-hard-cover',NULL,'Health is by choice – not by chance!\nThe most practical and effective book to follow if you want to change your lifestyle.\n\nIncludes over 200 health issues, explaining the symptoms and the causes. It also presents what we need to do to reverse or prevent the potential problem.\n\nAdvice for all members of the family.\nNow there is no excuse not to enjoy life to the fullest.','english','img/books/health/Health_Power_(hard_cover)/image63.png',3700,'available','2017-04-05 06:30:04',0,NULL,NULL),(52,NULL,17,'Steps To Christ','steps-to-christ',NULL,'Thousands have become acquainted with Jesus through this little book, Steps to Christ. And it has helped many more, including those who have walked with Him for years, to know Him better.\n\nIn just thirteen short chapters, you discover the steps to finding a forever friendship with Jesus. You read about His love for you, repentance, faith and acceptance, growing like Him, the privilege of prayer, what to do with doubt, and how to spend your days rejoicing in your best Friend, Jesus.\n\nFollowing are some excerpts from this timeless Christian classic, which has been printed in more than 100 languages:\n\n\'In the matchless gift of His Son, God has encircled the whole world with an atmosphere of grace as real as the air which circulates around the globe. All who choose to breathe this life-giving atmosphere will live, and grow up to the stature of men and women in Christ Jesus.\'\n\n\'The relations between God and each soul are as distinct and full as though there were not another soul upon the earth to share His watchcare, not another soul for whom He gave His beloved Son.\'\n\n\'Prayer is the opening of the heart to God as to a friend. Not that it is necessary, in order to make known to God what we are, but in order to enable us to receive Him. Prayer does not bring God down to us, but brings us up to Him.\'\n\n\'Prayer is the key in the hand of faith to unlock heaven\'s storehouse, where are treasured the boundless resources of Omnipotence.\'\n\n\'Pray in your closet; and as you go about your daily labor, let your heart be often uplifted to God. It was thus that Enoch walked with God. These silent prayers rise like precious incense before the throne of grace.\'\n\n\'Take to Him everything that perplexes the mind. Nothing is too great for Him to bear, for He holds up worlds, He rules over all the affairs of the universe. Nothing that in any way concerns our peace is too small for Him to notice. There is no chapter in our experience too dark for Him to read; there is no perplexity too difficult for Him to unravel.\'\n\n\'As the flower turns to the sun, that the bright beams may aid in perfecting its beauty and symmetry, so should we turn to the Sun of Righteousness, that heaven\'s light may shine upon us, that our character may be developed into the likeness of Christ.\'','english','img/books/spiritual/Steps_To_Christ/image111.png',300,'available','2017-04-05 06:59:51',0,NULL,NULL),(53,NULL,31,'Daniel Reveals The Future','daniel-reveals-the-future',NULL,'Prophecy of Daniel as reflected in the History of the earth.\n\nNew text, revised by doctor David Marshall, one of our best theology scholars and well known author.\n\nNew illustrations and a fresh and ␋user-friendly presentation of Daniel verse by verse.','english','img/books/spiritual/Daniel_Reveals_The_Future/image91.png',3050,'available','2017-04-05 07:05:30',0,NULL,NULL),(54,NULL,NULL,'Renew','renew',NULL,'Throughout history and across cultures, women have borne the responsibility of nurturing their homes and communities. This vital work can leave us feeling drained, empty, with nothing left to give. But God has promised renewal - of your strength, your spirit and your life.','english','img/books/abc/Renew/New Document 3-Page 1.jpg',1500,'available','2017-10-02 05:16:41',0,NULL,NULL),(55,NULL,NULL,'Renew','renew-2',NULL,'You just write whatever is behind that book.','english','img/books/spiritual/Renew/New Document 3-Page 1.jpg',1500,'available','2017-10-02 06:47:34',0,NULL,NULL),(56,NULL,12,'Healthy Juices','healthy-juices','215234-3214','<p>People&#39;s health is being damaged more and more by the contemporary lifestyle. In spite of counting on the best monetary resources, millions of human beings around the world face serious health problems that could be prevented. For that reason, it is important to discover the healthy power of drinks, which, apart from delighting us with their delicious flavors, contribute to the well-being of the body and help to combat and prevent many disorders.</p>','english','juices-1718548142.png',8800,'available','2017-10-02 13:12:43',0,1,0),(57,1,2,'Healthy Juices','healthy-juices','234132-2341','<p>People&#39;s health is being damaged more and more by the contemporary lifestyle. It is important to discover the healthy power of drinks, which, apart from delighting us with flavors, contribute to the well-being of the body and help to combat and prevent many disorders.</p>','english','healthy-juices-1718547957.jpg',8800,'available','2017-10-26 07:11:20',0,0,0),(58,NULL,2,'Daily Devotional Calendar 2020','daily-devotional-calendar-2020',NULL,'It gives a Bible devotion for the whole year, a year planner, and offers good features.','english','/img/books/spiritual/Daily_Devotional_Calendar_2020/WP_20191223_07_39_02_Pro.jpg',250,'available','2019-12-23 04:39:30',1,NULL,NULL),(59,1,2,'Feeling Good','feeling-good','215234-3214','<p>This book focuses on the ailments and diseases that are specific to the woman, along with how to prevent and cure them. It presents the principles of good health that are fundamental to physical, mental, social, and spiritual well-being. During her extensive career and the many years of contact with thousands of women, author Lidia La Marca has produced and developed many projects in the field of social health that provided her an overview of each stage of a woman&amp;rsquo;s life. The book is divided into nine chapters, which are distributed over more than 180 pages. It discusses over one hundred fifty ailments and diseases, explaining various diagnostic tests, emphasizing the need for regular medical examinations and showing ways to face and overcome a variety of situations.</p>','english','feeling-good-1718548360.png',4100,'available','2024-06-16 14:32:40',0,1,0);
/*!40000 ALTER TABLE `book` ENABLE KEYS */;
UNLOCK TABLES;

--
-- Table structure for table `book_author`
--

DROP TABLE IF EXISTS `book_author`;
/*!40101 SET @saved_cs_client     = @@character_set_client */;
/*!50503 SET character_set_client = utf8mb4 */;
CREATE TABLE `book_author` (
  `book_id` int NOT NULL,
  `author_id` int NOT NULL,
  PRIMARY KEY (`book_id`,`author_id`),
  KEY `IDX_9478D34516A2B381` (`book_id`),
  KEY `IDX_9478D345F675F31B` (`author_id`),
  CONSTRAINT `FK_9478D34516A2B381` FOREIGN KEY (`book_id`) REFERENCES `book` (`id`) ON DELETE CASCADE,
  CONSTRAINT `FK_9478D345F675F31B` FOREIGN KEY (`author_id`) REFERENCES `author` (`id`) ON DELETE CASCADE
) ENGINE=InnoDB DEFAULT CHARSET=utf8mb4 COLLATE=utf8mb4_unicode_ci;
/*!40101 SET character_set_client = @saved_cs_client */;

--
-- Dumping data for table `book_author`
--

LOCK TABLES `book_author` WRITE;
/*!40000 ALTER TABLE `book_author` DISABLE KEYS */;
INSERT INTO `book_author` VALUES (1,12),(2,12),(3,15),(4,12),(5,15),(7,28),(8,17),(9,16),(10,4),(16,12),(17,12),(18,12),(19,1),(22,26),(23,28),(24,12),(25,11),(26,12),(27,15),(28,27),(29,24),(30,4),(31,15),(32,15),(33,15),(34,15),(35,3),(36,28),(37,28),(38,25),(39,22),(40,28),(41,28),(42,22),(43,28),(44,23),(45,23),(46,22),(47,29),(48,10),(49,30),(50,18),(50,19),(51,18),(51,19),(52,17),(53,31),(54,2),(55,2),(56,12),(57,12),(58,20),(59,26);
/*!40000 ALTER TABLE `book_author` ENABLE KEYS */;
UNLOCK TABLES;

--
-- Table structure for table `book_category`
--

DROP TABLE IF EXISTS `book_category`;
/*!40101 SET @saved_cs_client     = @@character_set_client */;
/*!50503 SET character_set_client = utf8mb4 */;
CREATE TABLE `book_category` (
  `book_id` int NOT NULL,
  `category_id` int NOT NULL,
  PRIMARY KEY (`book_id`,`category_id`),
  KEY `IDX_1FB30F9816A2B381` (`book_id`),
  KEY `IDX_1FB30F9812469DE2` (`category_id`),
  CONSTRAINT `FK_1FB30F9812469DE2` FOREIGN KEY (`category_id`) REFERENCES `category` (`id`) ON DELETE CASCADE,
  CONSTRAINT `FK_1FB30F9816A2B381` FOREIGN KEY (`book_id`) REFERENCES `book` (`id`) ON DELETE CASCADE
) ENGINE=InnoDB DEFAULT CHARSET=utf8mb4 COLLATE=utf8mb4_unicode_ci;
/*!40101 SET character_set_client = @saved_cs_client */;

--
-- Dumping data for table `book_category`
--

LOCK TABLES `book_category` WRITE;
/*!40000 ALTER TABLE `book_category` DISABLE KEYS */;
INSERT INTO `book_category` VALUES (22,1),(56,1),(57,1),(59,1);
/*!40000 ALTER TABLE `book_category` ENABLE KEYS */;
UNLOCK TABLES;

--
-- Table structure for table `category`
--

DROP TABLE IF EXISTS `category`;
/*!40101 SET @saved_cs_client     = @@character_set_client */;
/*!50503 SET character_set_client = utf8mb4 */;
CREATE TABLE `category` (
  `id` int NOT NULL AUTO_INCREMENT,
  `name` varchar(255) COLLATE utf8mb4_unicode_ci NOT NULL,
  PRIMARY KEY (`id`)
) ENGINE=InnoDB AUTO_INCREMENT=3 DEFAULT CHARSET=utf8mb4 COLLATE=utf8mb4_unicode_ci;
/*!40101 SET character_set_client = @saved_cs_client */;

--
-- Dumping data for table `category`
--

LOCK TABLES `category` WRITE;
/*!40000 ALTER TABLE `category` DISABLE KEYS */;
INSERT INTO `category` VALUES (1,'Health'),(2,'Family');
/*!40000 ALTER TABLE `category` ENABLE KEYS */;
UNLOCK TABLES;

--
-- Table structure for table `doctrine_migration_versions`
--

DROP TABLE IF EXISTS `doctrine_migration_versions`;
/*!40101 SET @saved_cs_client     = @@character_set_client */;
/*!50503 SET character_set_client = utf8mb4 */;
CREATE TABLE `doctrine_migration_versions` (
  `version` varchar(191) COLLATE utf8mb3_unicode_ci NOT NULL,
  `executed_at` datetime DEFAULT NULL,
  `execution_time` int DEFAULT NULL,
  PRIMARY KEY (`version`)
) ENGINE=InnoDB DEFAULT CHARSET=utf8mb3 COLLATE=utf8mb3_unicode_ci;
/*!40101 SET character_set_client = @saved_cs_client */;

--
-- Dumping data for table `doctrine_migration_versions`
--

LOCK TABLES `doctrine_migration_versions` WRITE;
/*!40000 ALTER TABLE `doctrine_migration_versions` DISABLE KEYS */;
INSERT INTO `doctrine_migration_versions` VALUES ('DoctrineMigrations\\Version20240612062240','2024-06-12 06:23:12',561),('DoctrineMigrations\\Version20240612090420','2024-06-12 09:04:25',185),('DoctrineMigrations\\Version20240612090610','2024-06-12 09:06:13',90),('DoctrineMigrations\\Version20240612103544','2024-06-12 10:35:52',119),('DoctrineMigrations\\Version20240613105150','2024-06-13 10:53:27',751),('DoctrineMigrations\\Version20240613110415','2024-06-13 11:04:19',851),('DoctrineMigrations\\Version20240613170546','2024-06-13 17:05:55',163),('DoctrineMigrations\\Version20240613172129','2024-06-13 17:21:33',273),('DoctrineMigrations\\Version20240616125628','2024-06-16 12:56:34',67);
/*!40000 ALTER TABLE `doctrine_migration_versions` ENABLE KEYS */;
UNLOCK TABLES;

--
-- Table structure for table `messenger_messages`
--

DROP TABLE IF EXISTS `messenger_messages`;
/*!40101 SET @saved_cs_client     = @@character_set_client */;
/*!50503 SET character_set_client = utf8mb4 */;
CREATE TABLE `messenger_messages` (
  `id` bigint NOT NULL AUTO_INCREMENT,
  `body` longtext COLLATE utf8mb4_unicode_ci NOT NULL,
  `headers` longtext COLLATE utf8mb4_unicode_ci NOT NULL,
  `queue_name` varchar(190) COLLATE utf8mb4_unicode_ci NOT NULL,
  `created_at` datetime NOT NULL COMMENT '(DC2Type:datetime_immutable)',
  `available_at` datetime NOT NULL COMMENT '(DC2Type:datetime_immutable)',
  `delivered_at` datetime DEFAULT NULL COMMENT '(DC2Type:datetime_immutable)',
  PRIMARY KEY (`id`),
  KEY `IDX_75EA56E0FB7336F0` (`queue_name`),
  KEY `IDX_75EA56E0E3BD61CE` (`available_at`),
  KEY `IDX_75EA56E016BA31DB` (`delivered_at`)
) ENGINE=InnoDB DEFAULT CHARSET=utf8mb4 COLLATE=utf8mb4_unicode_ci;
/*!40101 SET character_set_client = @saved_cs_client */;

--
-- Dumping data for table `messenger_messages`
--

LOCK TABLES `messenger_messages` WRITE;
/*!40000 ALTER TABLE `messenger_messages` DISABLE KEYS */;
/*!40000 ALTER TABLE `messenger_messages` ENABLE KEYS */;
UNLOCK TABLES;

--
-- Table structure for table `publisher`
--

DROP TABLE IF EXISTS `publisher`;
/*!40101 SET @saved_cs_client     = @@character_set_client */;
/*!50503 SET character_set_client = utf8mb4 */;
CREATE TABLE `publisher` (
  `id` int NOT NULL AUTO_INCREMENT,
  `name` varchar(255) COLLATE utf8mb4_unicode_ci NOT NULL,
  `address` varchar(255) COLLATE utf8mb4_unicode_ci NOT NULL,
  PRIMARY KEY (`id`)
) ENGINE=InnoDB AUTO_INCREMENT=3 DEFAULT CHARSET=utf8mb4 COLLATE=utf8mb4_unicode_ci;
/*!40101 SET character_set_client = @saved_cs_client */;

--
-- Dumping data for table `publisher`
--

LOCK TABLES `publisher` WRITE;
/*!40000 ALTER TABLE `publisher` DISABLE KEYS */;
INSERT INTO `publisher` VALUES (1,'Safeliz','Spain'),(2,'Stanborough Press','United Kingdom');
/*!40000 ALTER TABLE `publisher` ENABLE KEYS */;
UNLOCK TABLES;

--
-- Table structure for table `reset_password_request`
--

DROP TABLE IF EXISTS `reset_password_request`;
/*!40101 SET @saved_cs_client     = @@character_set_client */;
/*!50503 SET character_set_client = utf8mb4 */;
CREATE TABLE `reset_password_request` (
  `id` int NOT NULL AUTO_INCREMENT,
  `user_id` int NOT NULL,
  `selector` varchar(20) COLLATE utf8mb4_unicode_ci NOT NULL,
  `hashed_token` varchar(100) COLLATE utf8mb4_unicode_ci NOT NULL,
  `requested_at` datetime NOT NULL COMMENT '(DC2Type:datetime_immutable)',
  `expires_at` datetime NOT NULL COMMENT '(DC2Type:datetime_immutable)',
  PRIMARY KEY (`id`),
  KEY `IDX_7CE748AA76ED395` (`user_id`),
  CONSTRAINT `FK_7CE748AA76ED395` FOREIGN KEY (`user_id`) REFERENCES `user` (`id`)
) ENGINE=InnoDB AUTO_INCREMENT=3 DEFAULT CHARSET=utf8mb4 COLLATE=utf8mb4_unicode_ci;
/*!40101 SET character_set_client = @saved_cs_client */;

--
-- Dumping data for table `reset_password_request`
--

LOCK TABLES `reset_password_request` WRITE;
/*!40000 ALTER TABLE `reset_password_request` DISABLE KEYS */;
/*!40000 ALTER TABLE `reset_password_request` ENABLE KEYS */;
UNLOCK TABLES;

--
-- Table structure for table `user`
--

DROP TABLE IF EXISTS `user`;
/*!40101 SET @saved_cs_client     = @@character_set_client */;
/*!50503 SET character_set_client = utf8mb4 */;
CREATE TABLE `user` (
  `id` int NOT NULL AUTO_INCREMENT,
  `f_name` varchar(255) CHARACTER SET utf8mb3 COLLATE utf8mb3_unicode_ci NOT NULL,
  `l_name` varchar(255) CHARACTER SET utf8mb3 COLLATE utf8mb3_unicode_ci NOT NULL,
  `username` varchar(255) COLLATE utf8mb3_unicode_ci DEFAULT NULL,
  `password` varchar(255) COLLATE utf8mb3_unicode_ci NOT NULL,
  `email` varchar(180) COLLATE utf8mb3_unicode_ci NOT NULL,
  `phone` varchar(255) COLLATE utf8mb3_unicode_ci DEFAULT NULL,
  `residence` varchar(255) COLLATE utf8mb3_unicode_ci DEFAULT NULL,
  `category` varchar(255) COLLATE utf8mb3_unicode_ci DEFAULT NULL,
  `roles` longtext COLLATE utf8mb3_unicode_ci NOT NULL COMMENT '(DC2Type:json)',
  `usertype` varchar(255) COLLATE utf8mb3_unicode_ci DEFAULT NULL,
  `is_active` tinyint(1) DEFAULT NULL,
  `gender` varchar(255) COLLATE utf8mb3_unicode_ci DEFAULT NULL,
  `profile_picture` varchar(255) COLLATE utf8mb3_unicode_ci DEFAULT NULL,
  `registration_date` datetime DEFAULT NULL,
  PRIMARY KEY (`id`),
  UNIQUE KEY `UNIQ_IDENTIFIER_EMAIL` (`email`)
) ENGINE=InnoDB AUTO_INCREMENT=155 DEFAULT CHARSET=utf8mb3 COLLATE=utf8mb3_unicode_ci;
/*!40101 SET character_set_client = @saved_cs_client */;

--
-- Dumping data for table `user`
--

LOCK TABLES `user` WRITE;
/*!40000 ALTER TABLE `user` DISABLE KEYS */;
INSERT INTO `user` VALUES (1,'Kefa','Moruri','kefa','$2y$13$TJgnfHqcHgdbckosAY6yMe5VTaVSt1k60g21PxZVEBxemnGWRHtFS','kefmo2011@gmail.com','+254723819944','Lavington HHES Headquarters','office','[]','',0,'',NULL,NULL),(2,'Josiah','Birai','maestro','$2y$13$njFpmd6Jm0ENWc3Ie2Xi1OtjR7CaE0ze2YCTggQnl9iqEG0EHk5Wu','maestrojosiah@gmail.com','0705285959','Nairobi, Githurai','active','[\"ROLE_USER\",\"ROLE_ADMIN\"]','admin',0,'male',NULL,'2024-06-16 11:07:28'),(3,'Dalmas','Oyomo','dalmas','$2y$13$/YG5zpXvQA6swfk63y23bu38EGCgEikDjNagLIrGoZ0cOO8URQ.tS','hildepurity@gmail.com','0726007021','Homabay','le','[]','',0,'',NULL,NULL),(4,'Mburu','Njoroge','mburusam','$2y$13$lDxuwOqhPH72Lc34E5hwnOujKWeQN7YAS19jZvu73uhElLvME7TNi','danmburu2003@yahoo.com','0791328170','Githunguri','le','[]','',0,'',NULL,NULL),(5,'ADVENTIST BOOK CENTRE','ABC','abclms','$2y$13$xoLAPpjt1t1zXEH82USrhuLvQF4W6mRFNdNNsbd9TT80k7JuvIYFO','davidrutto2012@gmail.com','0720286134','Adventist Book Centre','abc','[]','',0,'',NULL,NULL),(6,'Norah','Kemunto','norah','$2y$13$mXhhwa.DRRPFBzmxGIRFEuSmxg8XoWiXU9KwyV7pzFXTZ2wYOZbN6','norakefa@gmail.com','0722609370','Nairobi Hurlngham','le','[]','',0,'',NULL,NULL),(7,'Roselyne','Oyugi','roselyne','$2y$13$38lsp4hwoBQ9h4xjIVH0geJWXSy3Yg0A0FD50uUIyNwZT/M74ovQG','roselyneakoth@gmail.com','0727630293','Ranen Conference','le','[]','',0,'',NULL,NULL),(8,'Tabitha','Wayua','tabitha','$2y$13$0a/81o64m8drqdOXJ4lF1e3iGkVHKOupjTLfYm1Ydm2KgBerjRfym','mylepostsolutions@gmail.com','0720779455','Narok','le','[]','',0,'',NULL,NULL),(9,'Happiness','Kerubo','happiness','$2y$13$znzT4StQLwRnur4Lt8byBeoy8VMRNc55Lv9cj6pauVfLqtT2T3ijS','kerubo2011@Gmail.com','0729450751','Nairobi Bruce house/ Shauri Moyo','le','[]','',0,'',NULL,NULL),(10,'Zachariah','Nyaenya','zack','$2y$13$Lzpi573DGjmH8nvgoHmyEumey6vr.eMrR.6AUc2QIx7hOfRcxG3HO','nyaenyaz@gmail.com','0713664021','Kapsabet','le','[]','',0,'',NULL,NULL),(11,'Samson','Onyango','samonyango','$2y$13$PGmuEtp8VtIeuyX0Uqp3Eegm9kqdyF4NdFkw9IGZ8Joqmq.PhFp3K','samsononyango4@gmail.com','0736834641','Kisumu','office','[]','',0,'',NULL,NULL),(12,'ROSE','ODIMA','levodimar','$2y$13$uHueAopnCfILqcIKIt1JUetJFkEAXY/gPSbMfeUPf1xKWPorqeaIK','adhiambo.rodima@gmail.com','0725300269/0732398010','SIAYA/KISUMU D1','le','[]','',0,'',NULL,NULL),(13,'Simon','Karanja','simonbooks','$2y$13$2k923v34b7couJhI6VL5zO7zZCqegJHhAX1ee4G5XfFjcUClyc3aO','simonbooks@hheskenya.org','+254723059202','Nairobi','le','[]','',0,'',NULL,NULL),(14,'Monica','Nyalele','monica','$2y$13$iA4ApV/qe2nXd6gDZymFGeGBQrgAnSOIAAUHUP95A9hIRfnn.OYBi','mnyalele@gmail.com','0724380282','Nairobi, Ongata Rongai','le','[]','',0,'',NULL,NULL),(15,'Mariah','Nyariki','mariah','$2y$13$8RiDjyJs1jQ.XHlWBxJH5.NN2J8Ee1ZF9YKMpnmIExyZLZeie9WwW','nyalyma@gmail','0723857833','Kisii','le','[]','',0,'',NULL,NULL),(16,'Eliud','Too','eliudtoo','$2y$13$U0cWym3Aqa.VesIgnKkV/uCe7vFRTT9v4kFFA8cLVWJ5ShSnr7CjW','toolaga@gmail.com','0722642352','Eldoret','le','[]','',0,'',NULL,NULL),(17,'Abraham','Omwenga','abraham','$2y$13$xUfm44Rgstq/WPQ.stk3zurY1Bl96YpKE1bskTzOs3mRsyEvyFgSG','abnyao@gmail.com','0720893413','Kitale book depository','le','[]','',0,'',NULL,NULL),(18,'Werunga','Otunga','letunga','$2y$13$9UakTt67mpQNGLBS.yWUg.L0/pThylWq5zyTgJMg/qrN6Vrs8MAtC','tunga.werunga@gmail.com','0720296703','Kitale','le','[]','',0,'',NULL,NULL),(19,'Peter','Ombwera','ombwera','$2y$13$bFmhJNphO1fRMNuCibzOOu.VO2anap7mF1I/x5xqNP60DdTimbxy6','peterombwera@gmail. com','0728278250','Kakamega','le','[]','',0,'',NULL,NULL),(20,'Tabitha','Opiyo','tabithaopiyo','$2y$13$n7GbuWmqvAt2IUQnNAQlpeAWqvIr/5mHKoKJebBOpExgnqIOx0Q66','tabithaopiyo@yahoo.com','0724602628','Kisumu','le','[]','',0,'',NULL,NULL),(21,'Meresha','Achieng','meresha','$2y$13$CYW/71hdAJE35E5sspD2KeGHxrUFKSDMUy95qQmEDOYVWBwFsvKrO','mereshahwaluvengo@gmail.com','0722217729','Eldoret','le','[]','',0,'',NULL,NULL),(22,'Hellen','Akinyi','hellenakinyi','$2y$13$.B4HM5/u8bhUrPlNpyuJ1.5UdQp98R38OeaXm3wvee7teV89RBX2y','onyangh2017@yahoo.com','0723656111','Rangwe','le','[]','',0,'',NULL,NULL),(23,'Eunice','Onyango','eunice','$2y$13$eeVPDYYjLraczK9jJWjg1eAYeEUVsIjjPscuX.aB7AeJf/G95MCgS','euniceonyango8@gmail.com','0716494810','webuye','le','[]','',0,'',NULL,NULL),(24,'MARY','MBURU','abc','$2y$13$GA35/u70NJ43PuMel2TLCO/FemUCMKPMKsSh5R8xvKfNuInCxy1Te','marynyambura705@gmail.com','0728286137','EMBU','abc','[]','',0,'',NULL,NULL),(25,'ELIMERINTA','SARANGE OCHWANGI','elimerinta','$2y$13$f4p3oARj6zr3BncdotWHSOkGRKi1GoGDIQ/FB.klUWp3CnPA5zxJW','elimeritan@gmail.com','0714246397','KAPSABET','le','[]','',0,'',NULL,NULL),(26,'Norah','Bett','norahbett','$2y$13$fgrV51oCbUGigwBmaz2Yt.MGVBJKNR5W6J.IGLse6hecYFU0govU2','norahbett@yahoo.com','0722229528','Kisumu','le','[]','',0,'',NULL,NULL),(27,'EUNICE','MPATHE','empathe','$2y$13$ga3lMoYpz1FQc0c6EGt2KO/cPv9hTlmHaIj6jmGQ/OzEWFzdqXUrS','ethanboke1976@gmail.com','0716684884','Shaurimoyo','le','[]','',0,'',NULL,NULL),(28,'Knight','Onenga','knightonenga','$2y$13$Ga5e2e8HNeRNK6KUxsBNM.qIwJ3i5O0.EXniALWFEjHDMwo6PV4qC','onengaknight@gmail.com','0707296256','Kisumu','le','[]','',0,'',NULL,NULL),(29,'rael','kerubo','kerubo','$2y$13$kplen8tPDKylOWd63CGFZOksP5H4w7TV1eX0p1TKBza0d0xZLIt8S','keruborael26@gmail.co','0718242875','kisumu','le','[]','',0,'',NULL,NULL),(30,'Maureen','Achieng','achiengmaurine','$2y$13$5mIRcYYGil6R0v2ZZdvYuu1QsYI9wq.OUJVsXmAcuddtuUwJ0uTR.','omaurine87@gmail.com','0710104049','Kisumu','le','[]','',0,'',NULL,NULL),(31,'Simon','Komu','komusimon','$2y$13$OqbKDD./Ut2HYcWkvbaO9.YtFAXSyAe5C.lxEtXAwNdbtr6ZJtNmK','daniel.komu@yahoo.com','0728310703','Voi','le','[]','',0,'',NULL,NULL),(32,'Miriam','Muthoka','miriamndunge','$2y$13$YhtBslUYAZE71zIEXi1SX.eZE8Uqqc8a/yCC5ohr5KzV1gbySL5HS','mirriammule001@gmail.com','0724681284','Nairobi','le','[]','',0,'',NULL,NULL),(33,'Tom','Osuri','osuri','$2y$13$D8CJ51DmV1nUuZgCkGagiegNxncWiZvYGLVaUV71O0RHqhJIWK/w.','tomosuriogola@gmail.com','0728882676','Kisii/Migori','le','[]','',0,'',NULL,NULL),(34,'Lorna','Okemwa','lornakerubo','$2y$13$2YfbF2yz.SHfYs8scNTp6OOSESc0aAVAdajGn7AVjD7loHrZoIe0m','lornahkerry@gmail.com','0726554582','Malindi','le','[]','',0,'',NULL,NULL),(35,'Naomi Kwamboka','Bosire','naomikwamboka','$2y$13$rb6ijPYUgiHPWH.Ts1v3.u3jH1TnwP4Fwu8igCGyP5gDPLgUavhKC','naomibosire@gmail.com','0711910553','Nakuru','le','[]','',0,'',NULL,NULL),(36,'Mary','Kigundu','marykigundu','$2y$13$zw98HHLbGh7wonItXNl0f.i3OSQIxsUdVHRZ11ER1QrH8VLAsOlzi','kigundumary@gmail.com','0721328906','Nairobi','le','[]','',0,'',NULL,NULL),(37,'Staley','Kiarie','stanleykiarie','$2y$13$tf48XjWmTTDVnSi3Cu0wFefj47QEVAHlg/8BMHxY7oiLS7uBPKvI6','stkiariehh1@gmail.com','0723430000','Naivasha','le','[]','',0,'',NULL,NULL),(38,'JECINTA','KAIBI','kaibi','$2y$13$LdqjcA8HEz8wPvA1/GL58.EBsAGM9mBtLJDdywfGUGAtay6M0RfEm','kaibidoughter@gmail.com','0722148948','NAKURU','le','[]','',0,'',NULL,NULL),(39,'MARGARET','WANJIRU','wanjiru','$2y$13$w.alg8m195Zg/gfY/4CSru8jlfKXMm5zp68zvWpDRut2Oj2NUGNpG','wanjirumargeret27@gmail.com','0712715941','NAKURU','le','[]','',0,'',NULL,NULL),(40,'Peter','Okeyo','peter','$2y$13$oU63xC6JfSpk7bNoZiESXefXlvswzOL/iruaR5Z/ZgFXvJm8w5h3e','npeterokeyo@yahoo.com','+254723888446','Shauri Moyo','le','[]','',0,'',NULL,NULL),(41,'Makori','Gichana','makori-benard-g','$2y$13$k/165vCd8JrVYStH2bmivOJIutY/1K8f5bSOTwfn8WfW4DW7j9tMG','makoribenard44@gmail.com','0791488225','High rise Nairobi','le','[]','',0,'',NULL,NULL),(42,'serah','musyoka','princessi','$2y$13$DJPMg6nDqRU7VkAXR.yYHeGO2J7jKmdu4rBcEfKhtt6k3TNYdzdVG','ndungwaserah@gmail.com','0724270692','Nairobi','le','[]','',0,'',NULL,NULL),(43,'Pamela','Okeyo','pamokeyo','$2y$13$gkFeB3U7L9xO13eClGW94.P7UEFQLn0s70kziQBr1rbOdpeeBYNFy','pamokeyo5@gmail.com','0721174290','Nairobi','le','[]','',0,'',NULL,NULL),(44,'Frederick','Bosire','bosire','$2y$13$6J1OpPej3iYkJAn98de3d.gMAGwtSXoYrpvwNNTPPTdwQu7027tZW','fredbosire2013@yahoo.com','0775491996','Shauri Moyo','le','[]','',0,'',NULL,NULL),(45,'Benard','Bosire','bosireben','$2y$13$51ypRfVPGUdyCpEDPT6SkexRugik3HWKyq0EEoxbwaC4vrcE3dVcC','benardbosireben@gmail.com','254710327135','Nairobi','le','[]','',0,'',NULL,NULL),(46,'Ruth','Onguru','ruthbooks','$2y$13$EIHeqAZI.thEMJZgE1QUcuIHH7u7kSrTUtMpYWBK73idsvNP0EPAC','ruthonguru@gmail.com','0702595400','Nairobi','le','[]','',0,'',NULL,NULL),(47,'Stella','Peter','stella','$2y$13$BI9Ei5yefchp0lFZHA5CdOmbKjFixn5mRTvesP5fbfkRNXqlEfL0y','stellapeter.k@gmail.com','0714692912','Nairobi,cbd','le','[]','',0,'',NULL,NULL),(48,'Phirace','Omeri','bisase','$2y$13$HnCPEURuFznMZrhVk85blORMIWzjx.EKBQ.l1rSECK/SaOGwTPHeu','phiraceomeri@gmail','0720944978','Joska/Bruce hse','le','[]','',0,'',NULL,NULL),(49,'Gilbert','Mogaka','gilbertmogaka','$2y$13$WdJyzgUFNxgbbeC2zfK8ievTuLVZixB1.eOUfhlHPh6kfqyw8o.Am','gmarubes@yahoo.com','0720403459/0732403459','Nairobi/Ruai','le','[]','',0,'',NULL,NULL),(50,'Julius','Gitonga','gitonga','$2y$13$RwjU6p513.JTVFhjbUIqsur.KAzMkSs0KBWckumvf15bVU0tEKame','jugika72@yahoo.co.uk','0733368451','Nairobi','office','[]','',0,'',NULL,NULL),(51,'Esther','Gitonga','esthergitonga','$2y$13$ESmyCwz3VJhkXwNwPR25QOTa5GLxPM5OqsnuR4qey2bkMoDqfWrJK','estherjuli1995@yahoo.com','0727387214','Nairobi, Buruburu','le','[]','',0,'',NULL,NULL),(52,'Janet','Wainaina','janet-wainaina','$2y$13$T9mZK7mVsV2dq/GNQWt38uSyqRUQGL7cx9yDO2ccTo7YV7epEG/2C','wainainajanet@gmail.com','0722650104','Nairobi','le','[]','',0,'',NULL,NULL),(53,'Richard','Kamotho','kamotho','$2y$13$KniJza0S4aqiJXupWx0rU.NSDkYoBOrXTBL24xAcewIiJkG6RKhOG','richkamotho@gmail.com','0723765561','Nairobi','le','[]','',0,'',NULL,NULL),(54,'Margaret','Kimani','margaretkimani','$2y$13$iXhFaR2n.xBdFB.CO0xK9OWQ/gOYyuVsRp.obylmTxg70CDZxGdbS','margaretkimani101@yahoo.com','0723695068','Nairobi','le','[]','',0,'',NULL,NULL),(55,'Virginia','Gichuki','virginia','$2y$13$Vw3p4o5xVul5N932.K5HZujz0K.Wf3tMD.pOXNsHS52eHzHL08F2e','muthoninjoroge11@gmail.com','0720274948','Nairobi','le','[]','',0,'',NULL,NULL),(56,'Emmah','Mahero','mabookss','$2y$13$tNRlIeUTeoyWjp.nbq885.giobDk6PqDZ0wJzoMRfNBGFMq.gg4RC','mabookss2@gmail.com','0722307444','Nairobi/Kabete','le','[]','',0,'',NULL,NULL),(57,'Jackline','Ayako','jackline','$2y$13$V5fq9ogNQYuq5vKaf2FoYOlvxz3z2Qv6x98sDVIxSneOITH4zrL8S','jackayako6@gmail.com','0722659789','Nairobi tassia','le','[]','',0,'',NULL,NULL),(58,'Norah','Angwenyi','angwenyi','$2y$13$0BsmsCKA.fUFIsxtZr/.8OsVuQrfCMSA1XIuRzoaaBg6tm6ATP21S','norahngwenyi16@gmail.com','0723491930','Nairobi, Saika','le','[]','',0,'',NULL,NULL),(59,'Esther','Ichwara','esther','$2y$13$8ULJlWZ4gcDXOUaV/M0nm.kZWGabQtM6xvyaiGsmM9PuXwwQKiqTe','estherkemunto72@gmail..com','0725624074','Nairobi/Tasia','le','[]','',0,'',NULL,NULL),(60,'David','Odwar','odwar','$2y$13$OrmEv8HRst8bXwQNX6UR..RA2wDTpjMufqkkC9nWL0suVC3W9zIPS','odwardavid96@gmail.com','0722232502','Kabete','','[]','',0,'',NULL,NULL),(61,'Jane','Gakuo','janegakuo','$2y$13$Syi9O3EzXdJfZTGnDVJMTuLsCd7sszYC1HCwGvYfmEg8jQ0QSUv6C','wangecigakuo@gmail.com','0716444850','Nairobi/Syokmau','le','[]','',0,'',NULL,NULL),(62,'Rachel','Omwega','rachelomwega','$2y$13$6IVApqMsyDI/N9hPm2J7R.jmsz0vfTtu9wV8lA9MQZauXATBipn56','rnomwega@yahoo.com','0721627703','Nairobi/Rongai','le','[]','',0,'',NULL,NULL),(63,'Gladys','Nyandoro','nyandoro','$2y$13$eYSJVtXpuwmJRX1k8nBy8u8ipesNbchzejmWxGXRIXQ8ABEdhRahS','gladysnyandoro@gmail.com','0700727757','Nairobi Umoja','le','[]','',0,'',NULL,NULL),(64,'Doris','Masanga','doris','$2y$13$JUvu9iw/xkwECh4hpyURWO2t/5X87t.7.D9ubYkpt/bUTorvnRFY.','dorismasanga@yahoo','0721362723','Nairobi','le','[]','',0,'',NULL,NULL),(65,'Godfrey','Mambo','mambogodfrey','$2y$13$SR3LKZZb214edN2W3rCg/.xmFtcDzofJpH/vw75JZnIoo/71llBEa','godfreymambo@gmail.com','0722223485','Nairobi kamulu','le','[]','',0,'',NULL,NULL),(66,'Elijah','Were','jewo','$2y$13$wIgzM9hKZHZRgkx07pRjvOPkW2EFbL2tSiERbUk5hBSSPXk8AMv2q','ewere43@gmail.com','0722340363','Greenspan','le','[]','',0,'',NULL,NULL),(67,'John','kimani','john','$2y$13$E9w.3hegapoe6dbk4drpo.IBq.6UPP7EjTTkeBtFjlGuzDxmCM4EK','jkimkinuthia77@gmail.com','0729364422','Nairobi','le','[]','',0,'',NULL,NULL),(68,'ZIPPORAH','MARUBE','marube','$2y$13$QtXineFrxlXaldwLTiG51eG6tXw9D6uZrzs3REDtI7am4a.FsY.tO','zmarube2017@gmail.com','0726239983','Nairobi /ruai','le','[]','',0,'',NULL,NULL),(69,'Margaret','Nyakundi','margaret','$2y$13$syCWmGARsN3Ep.DYKBuZRe4LWrGb4kbmds8V.AV3hInvFAJmPxwE.','margaretnyakundi687@gmai.com','0720552258','Riruta','','[]','',0,'',NULL,NULL),(70,'Teresa','Nyakundi','teresa','$2y$13$yiqTnjf7kek8JjmUfMpOFeJeoU9DxDIXOvovf4qy0uKCYGbmS6/sW','tetesanyakundi960@gmail.com','0726646747','Nairobi/South B','le','[]','',0,'',NULL,NULL),(71,'Charles','Okindo','charlesokindo','$2y$13$M6UjHxas2Qaz1oByJ41FseBl52/NWm4COwszHb5AmEINySbPrR6xW','charlesogori@gmail.com','+254722484259','Nairobi/Utawala','le','[]','',0,'',NULL,NULL),(72,'Alice','Alolo','alicealolo','$2y$13$o/ecj24PtEgGi3yjA6DkfelaB/8GMLOyP4AMxMBgCOEHDo5Q7Acj6','aloluckie6@gmail.com','0735628104','Nairobi','le','[]','',0,'',NULL,NULL),(73,'Beatrice','Keya','beatrice','$2y$13$Io/7qL6Cc0rNgZ7j1.3FWOG.iLTabGv0XEdEm9N1fJ2Z3UVGgqVU2','bkeya13@gmail.com','0723352594/0788413934','Nairobi/Riruta','le','[]','',0,'',NULL,NULL),(74,'Joy','Tutu','joy','$2y$13$eA6YRxjwU/9lGYwzCGmZTOirwRRmARA/.Qs3dfPGITuVwQqeW613C','wanjirujoy2@gmail.com','0712275670','Nairobi, Gigiri','le','[]','',0,'',NULL,NULL),(75,'Hannah','mbugua','hannah','$2y$13$fNA0jYqgzfHW8s1vpXa/geH6LlYDC2fWgWy15hNEBMBOBlSU9TBRa','hannahmbugua12@gmail.com','0724619193','Nairobi, Kikuyu','le','[]','',0,'',NULL,NULL),(76,'Zilpa','Akenga','zilpah','$2y$13$k6cJgmvRbUjsbQITNnPvVusPBbcR145.nzLg3i9zvjyVaK6rr3QWK','0720859690zilpah@gmail.com','0720859690','Nairobi cbd','le','[]','',0,'',NULL,NULL),(77,'Margaret','Nyakundi','-salome','$2y$13$UCDDQQVicTkBOM9p.0oXE.rmpwjXXXE8nSBgvD7UfMrPaTG0zScWC','margaretnyakundi685@gmail.com','0720552258','Nairobi','','[]','',0,'',NULL,NULL),(78,'Hephzibah','Akunga','hakunga','$2y$13$tJekuiu7j7XBVtDh4f0dN..6KfCq1futmCh2nN2ht.A59CIUfkpIy','hakunga@gmail.com','0721716822','Gigiri, Runda, Nairobi','le','[]','',0,'',NULL,NULL),(79,'Boniface','Orwa','orwa','$2y$13$ngv3gYw6N40k8OP/dTKiAOXMI8t.1hJXbKaRP5nAlNisAHE7ml07G','bonifaceochieng94@gmail.com','0717279663','Shauri Moyo','le','[]','',0,'',NULL,NULL),(80,'Peter','Moikoyo','peters123','$2y$13$9ljI1vSdNmvL7x0UNMcGbuzxbavh4mYoOhhhvfgUrbVxqrY7Z3qcu','Omwpeter88@yahoo.com','0729174945','Molo','le','[]','',0,'',NULL,NULL),(81,'Someone','New','someonenew','$2y$13$mvx76.pRzH7wspQrXTkVWuzYOIn/KaS5wSaPc7Dip5DtobUPrG3W2','someone@gmail.com','0702020202','Kayole','le','[]','',0,'',NULL,NULL),(82,'Asenath','Ongeri','asenathongeri','$2y$13$uYZ.VhXqk7BnamNnfMb8JuPKAa8ZRe7yDflk5meRpPwsDLqeERXrO','anongeri@yahoo.com','0721202908','Nairobi Westlands','le','[]','',0,'',NULL,NULL),(83,'Andrea','Richard','Vidhya','$2y$13$GKu273BSRV5EHZXBQkFis.e8I69RxEv1HgjmKkOlyIA49trVsHj5K','vidhya@hhes.my','601116329454','Puchong','le','[]','',0,'',NULL,NULL),(84,'SHALET','IDAWO','Shalet.hheskenya.org','$2y$13$hDosRE6amdi3Ah7Xs4vefOU27WnX287crGr2p2c2Wfhr990jUnxZy','idawoshallet@gmail.com','+254716409955','Nairobi Ruaraka','le','[]','',0,'',NULL,NULL),(85,'JASTIN','MANYA','JASTIN','$2y$13$PD3Vdlf3ypOvLiqI3T05SeuGeFD5DSrT95KWOjd8St53FkBRO8Ena','jastynmanya@gmail.com','0726081293','VOI','le','[]','',0,'',NULL,NULL),(86,'Jacquiline','Ong\'era','jacongera','$2y$13$D4pMnA3r8gbeI9juhZsUM.B1/tOn2clx1fNNHFYPrr1s2NL0hiaA.','jacongera@gmail.com','0723343326','Nairobi','le','[]','',0,'',NULL,NULL),(87,'Lawrence','Otieno','Lawrence','$2y$13$zXx6ho8sYvNjFM.Gb6Pm.eC5mr7HYxEBQgJZ41av8mwjc3zk5DY0y','younglawrez@gmail.com','+254701744335','Kisumu','office','[]','',0,'',NULL,NULL),(88,'Lawrence','Otieno','Adams','$2y$13$iWZ7t2RARTy3v6T9geWV0OfBjpW4tAF.dsl6.hlacEL2mHICpfgx2','lawyotieno@yahoo.com','+254701744335','Kisumu','abc','[]','',0,'',NULL,NULL),(89,'Chrispine','Omondi','Krispine','$2y$13$91DuwUBCBdzEfDhfoKgCYOlO5SgEjozqcr08/5d8NDwgFATELf5tO','chrisravasco@gmail.com','+254725247714','Eldoret','abc','[]','',0,'',NULL,NULL),(90,'Richard','Dogbe','Student','$2y$13$O6YCWKgNJZhI0vGF61gI2exzG6ncAaX3xRWxKggYyrsajH67eWUCe','dogberichard64@gmail.com','0574027429','0244969001','le','[]','',0,'',NULL,NULL),(91,'kering','meshack','kering','$2y$13$q7/THuk1oRp.EuZTJOVYvOtqwL7CVnGZKq3EZgm35zqrSfA4QZYEe','meshackkering@gmail.com','0735102583','Eldoret','le','[]','',0,'',NULL,NULL),(92,'Sharley','Eboe','Sharley  Eboe','$2y$13$C5eQ8dccNHzqYltdjcXQgubEGKQ5uhxGyOSKOQLJOfCMQ0ogsNnb6','shaleyeboe@gmail.com','0714346096','Voi','le','[]','',0,'',NULL,NULL),(93,'erick','Omondi','Erickomondi','$2y$13$a7NNymoI5U6.gL8XY.CV7O8v8kq/JiB.xxIR2Ct5sWMKtUmuyUULa','omondierick658@gmail.com','0795197790','Nairobi','abc','[]','',0,'',NULL,NULL),(95,'Joseph','Nyarangi','@josephnyarangi','$2y$13$8BH32rxOGHnKC8nPl9.EDuBHxZVaSG37BG4Y2uaRpbVzzOK.Qv3f6','jnyarangi3@gmail.com','0714913403','MLOLONGO','le','[]','',0,'',NULL,NULL),(96,'Joseph','Irungu','JoeBooks','$2y$13$csxx3UMHYTxEHRImfY7zIe5AIwnj0IOLJhK1dGbkGIU56wNcHSp0u','smj.irungugitundu@gmail.com','0719248080','Nairobi Eastleigh Pumwani','le','[]','',0,'',NULL,NULL),(97,'Joyce','Kameda','jkameda','$2y$13$BcgOnIF71.E2TLlBBTby5uqifeJNMflmOHQKgpSwH/Wer2bQSAYu2','joyce.kameda@pacifichelicopters.aero','-','Komiufa village,Goroka,EHP, Papua New Guinea','abc','[]','',0,'',NULL,NULL),(98,'Boitumelo','Sakiele','abraham.kgants17@gmail.com','$2y$13$mksF0kQ4n4bcFeo392lrg.i1sYbCbuaNdAsaJ8bQp.TiJ.Lxa.Py2','abraham.kgants17@gmail.com','658898624','Randgate','abc','[]','',0,'',NULL,NULL),(99,'Eunice','Mpathe','#mpathe','$2y$13$GYVdeUt3Gk8JglvnC2qJCuD9Jb5KsvsTS7wvfLbf7D750TmJOlIUG','masumbuoziro@gmail.com','0734640786','mtwapa','le','[]','',0,'',NULL,NULL),(101,'CHRISPHINE','KITHINJI','MWIRIGI','$2y$13$Va9CikECBPjFG8nJyXiOceGTmnhGKB..4X59dxn5H.7UCyD.g1Esm','chrisphinekithinji@gmail.com','0715027952','MERU','le','[]','',0,'',NULL,NULL),(102,'CHRISPHINE','KITHINJI','soul searcher','$2y$13$0xtRVgIii2LZY.yss8X7y.mMGNg0FvwibcOW.U6STPYAq8vWkjPn2','chrispinemwirigi@gmail.com','0715027952','MERU','le','[]','',0,'',NULL,NULL),(103,'Evelyn','Kengere','Sonie Kengere','$2y$13$wCZO3MJA8Zy6gEcT7lPdqu5pk7ziCybickxCnCH8O6j2j0NXFn/fi','vlnnduati@gmail.com','+254728224143','Sagana','le','[]','',0,'',NULL,NULL),(104,'Chrispine','Kithinji','Kithinji','$2y$13$cjJe0.6q/RHQVhXRvUYhae5ttGAWzavx3T5BM.4tVq5BLlCqplMfq','kithinjic@aua.ac.ke','+254715027952','Meru','le','[]','',0,'',NULL,NULL),(105,'Test','Name','username','$2y$13$93kU5f2rJ.o0RMw70B7q4u7EoWvO.HW.RO1gadPdmLrYIEuL8k8uy','email@example.com','0707070707','Residence','le','[]','',0,'',NULL,NULL),(107,'Frankline','Were','Frank','$2y$13$6s4Oq1.PQMeXbcv1r.TRc.oynw7Ta73c0I0NJHnLB/z6IdE9/asIm','franklinewere7@gmail.com','0768991196','Kisumu','abc','[]','',0,'',NULL,NULL),(108,'Jacob','Odero','Jacob','$2y$13$HkCRyqtAekjFRZ33c2fnMepTsgWAYYok/IjSqV0WPF.SQfR7mcKyK','jacobluoch@gmail.com','+254726805032','Migori','le','[]','',0,'',NULL,NULL),(110,'Emily','Owuor','Emily Owuor','$2y$13$EYm2kT.B45iZyJFTm/UnGut3WUf1Gca2V04PJ/pbYLSaG2nlw93km','everlynowuor202@gmail.com','0729 568927','Nairobi','le','[]','',0,'',NULL,NULL),(111,'lweendo','Katowa','lweendokatowa','$2y$13$8dCs/b.UsC8oUXp6qR65He8mfIGTl.nOUiRD8kgMTI5Ul70rbDX.q','lweendokatowa@gmail.com','+260977420915','Zambia','abc','[]','',0,'',NULL,NULL),(112,'Jared','Mangera','Mangera','$2y$13$Lm4uITEQVXhRYFqvPMVqhOkXRuSqvwavcYGPz91VInjRtG4VFQWz6','jaredmangera19@gmail.com','254725810850','Mtwapa','abc','[]','',0,'',NULL,NULL),(113,'Margaret','Nyakundi','Margaret salome','$2y$13$P5wiphCe0.cfoMo6bksgSOYdcMh6IumwsxShNnlRN.sCak0ytOlA6','margaretsalome2020@gmail.com','0720552258','Riruta','le','[]','',0,'',NULL,NULL),(114,'Dickson','Machumu','Dickson','$2y$13$gNfvth1hMtJKn9SY7cTi8OwR5RmRgUv0i7QD4L2bjesCP359bnNtO','dicksonmachumu1999@gmail.com','0740461458','Kayole','le','[]','',0,'',NULL,NULL),(115,'LIYUNGU','NUMWA','NUMWA','$2y$13$u4rDwYt3iqRLQhfvx2q8bekGURDvO/9usRikmgSB8KWhhEvgogVVC','simzykumsa@Gmail.com','0969256155','ZAMBIA','abc','[]','',0,'',NULL,NULL),(116,'Audrey','Lynn Reuben','Daele','$2y$13$0Xc7R9h9tB5IG6yQZ9W2A.7wXXO487xFo3vTYWZnVSxH6Fml8v4mG','alynnreuben@gmail.com','0138724752','Sabah, Malaysia','le','[]','',0,'',NULL,NULL),(117,'Happiness','Kerubo','Kerubo Happiness','$2y$13$05aHqSAlETDSdWiZWqUWSel5ruP5axhPuXfzNZlY5cLvwKAgpFJiW','kenoro14@gmail.com','0729450751','Kahawa West','le','[]','',0,'',NULL,NULL),(118,'Rodgers','Aduda','Raduda','$2y$13$qathn1nielCvbpt5I4CqxeZQ0On4h7181EQDWxVfwaR8u3HyvBkZG','adudarodgers@gmail.com','0723958120','Homa Bay county','le','[]','',0,'',NULL,NULL),(119,'Rachel','Cameron','Rachy4adam','$2y$13$lgt/U9d4RvrwvilWnYHfC./1Fys3IBweHLJWmPOZSPfW8p.FkSpYi','Rachy4adam@gmail.com','+61406636188','Sa','abc','[]','',0,'',NULL,NULL),(120,'Maurice','Aran','Adel','$2y$13$xXjPUL7TnNmUc6LXXSOV4OdUIj3vIZQdVFyKiFfuYprStpA9NK2A2','mauriceodiero@gmail.com','0707364418','Kenya','abc','[]','',0,'',NULL,NULL),(121,'Valens','NGABOYISONGA','ngaboyivalens@gmail.com','$2y$13$.AEC.cvg5Wi8.x8ogBhRgOzc2o1FwD9nkHLuE8eBy5RldMHed0v1m','ngaboyivalens@gmail.com','+250787134401','Rwanda','abc','[]','',0,'',NULL,NULL),(122,'TABITHA','MIRANGA','KAMESU','$2y$13$uuc9ZAO9Ej/5R/VaRH0WhumejE0gaAy7VPPZlhilIxbreKzDNtl6C','kamesutabby@gmail.com','254713951673','MOMBASA','le','[]','',0,'',NULL,NULL),(123,'MALACH','OKIAMBE','NYACHOTI','$2y$13$vSI9.WCxjNdW0pDlLSN3s.nEQJk3QmZihi0DicGfpKFwL0iJkArea','nyachotiokiambe@gmail.com','0705171948','MOMBASA','abc','[]','',0,'',NULL,NULL),(124,'Vuyiseka','Magqabi','VuyiLe','$2y$13$FOW.kmdhcIEZMFAus6H.MOYmGQkaxmwG0OUEAImruG.d9EVrxwMZC','magqabiv@yahoo.com','0614076636','Novia Scotia,26 New Scotland Road,Pelham,Pietermaritzburg, 3201','le','[]','',0,'',NULL,NULL),(125,'Mercy','Menge','Mercy','$2y$13$im/LHyr2xLzd7ZSiPgQBA.mC..zjUztjJ.ViQDXD1IifRBYYnAKem','mercymenge@gmail.com','0721647486','Nairobi','le','[]','',0,'',NULL,NULL),(126,'Mercyline','Menge','Mercyline','$2y$13$/U0Ilr/ksXN8kUzA.6gZY.kh0VlHC4VY47SVgc80DoGYkSwY4l3d6','mercylinemenge@gmail.com','0721647486','Nairobi','abc','[]','',0,'',NULL,NULL),(127,'Mulondo','Isaac','Mukisa','$2y$13$/t0kNvNxjPzbZJGoDz9gAOPkzlkxG6skUmLju1X8yDk0vvNuvEcWK','mmulondoisaac73@gmail.com','+256774751005','Uganda','abc','[]','',0,'',NULL,NULL),(128,'Christopher','Mutuku','Chris','$2y$13$PTbhg8u.sCt3z/M5G28X9ORtY.y.mWQSZBx6l5wKGzRjGTizl.ZHm','mutukuchristopher1@gmail.com','0715813169','Bungoma','abc','[]','',0,'',NULL,NULL),(129,'lavinia','bani','lavirose','$2y$13$wnZp4RJuNOZqfyK.S9xTD.5u1XIFVFVLhsnQzhYh2EO9JFpixkMPC','laviniarose12@gmail.com','7778384','teoumaville','abc','[]','',0,'',NULL,NULL),(130,'VICTOR','MWANGI','victormwangi','$2y$13$.zddr5NuVQC4hUxzsYCGS.hZEGDD9vr8.WsUljNd.vdR/JXxS1l8S','mwangivictor668@gmail.com','0729297905','NAIROBI','le','[]','',0,'',NULL,NULL),(131,'Dan','Okoth','Okothouma','$2y$13$/vizN..DvAnKLTIGOleL.OQtkZUxEdjEzTrUfMnBr8lsQyFbeRNZC','dookoth82@gmail.com','0727961719','Kisumu','le','[]','',0,'',NULL,NULL),(132,'Iradukunda','Jean Felix','Rambagira','$2y$13$l6mIaArUShqYODntUW9t5.BP1aqBHvhmzOBZH5j7QWwTl8PbMLKki','iradukundajeanfelix5@gmail.com','+250784455409','Rwanda','le','[]','',0,'',NULL,NULL),(133,'Otieno','Okun','Okun','$2y$13$BlETvfiy1mp9qjmtwufMF.Ekv2965E1Lvw5WNyLgtIwTR6XgIZ1nq','otieno_okun@yahoo.com','0735571490','Nyali','le','[]','',0,'',NULL,NULL),(134,'Naomi','Thaiting\'a','Naomi','$2y$13$KC86Kd0e1TM.TG/26lMa3ec6tZMeG/D4s5lTDi84UYqEXaYB/7vbq','neothaniel@gmail.com','0708106246','Komarock','le','[]','',0,'',NULL,NULL),(135,'EMILY','OWUOR','AUMA','$2y$13$ZHKBQCF8qM4o2q4JqRKc/.24IaGreYfB/HQG5YrdIXSXv9taQNX1u','emiaumaowuor@gmail.com','0721306935','Kangemi','le','[]','',0,'',NULL,NULL),(136,'JOHN','OMBUSURO','johnmicro1844','$2y$13$1ZprR99He2gZKfl2cJj7g.lFjFAdvH3PnwilP67WrNyShwLLDBWtq','johnmicro1844@gmail.com','+254701008939','Eldoret','le','[]','',0,'',NULL,NULL),(137,'Josphat','Onyiego','Josphat Onyiego','$2y$13$v6POTFadvq8uYS04.oLGwOBHHsjlZsV4PJ9kH1rFewuLYSqfKoJja','Jonyiego@ymail.com','724754699','Nairobi','le','[]','',0,'',NULL,NULL),(138,'suzyo','phiri','darius s suzyo','$2y$13$C7XVs8Kut6b6kFIau6zFKuRJcQ5Jgk.GqIziUKBS7Bd9fpIQOckOu','suzyo2@gmail.com','0978090469','Zambia  ndola','le','[]','',0,'',NULL,NULL),(140,'martin','lumbasi','martin lumbasi kisebe','$2y$13$blFSUnquXjBbvoTkyebtu.r8TjbUOkG3qkcoJcZ8DushstH0TV2w2','lumbasimartin13@gmail.com','0713133755','bungoma county','le','[]','',0,'',NULL,NULL),(141,'Samuel','Kioko','kiokosamuel','$2y$13$Om7/GoBBx6XeSvvKdxwZdu14Pr0FqwA.ie4YZDNC83LpLrIg/eiFu','skiokomuia@outlook.com','0714922716','Nakuru','le','[]','',0,'',NULL,NULL),(142,'PETER','KINYANJUI','peterkinyanjui','$2y$13$AUP7z9ZIIIvlJuK14GYusuzaeO9JfJV6X63fWLS2kgc8EaMR0tO3S','pkinyanjui90@gmail.com','0702487184','Nakuru','abc','[]','',0,'',NULL,NULL),(143,'upendo','mshana','hassan','$2y$13$zzXlGZbyEJvWoFMFd7ktu.MUAkiY05.OIwgJNdgE5k7Ef.p0Z9TP2','Upendomshana264@gmail.com','0782312029','korogwe','abc','[]','',0,'',NULL,NULL),(144,'Thomas','Chinjanga','Tommys','$2y$13$PHPBm48aRCAIcaIrE8uz5OtkaEZqYDqnzQXWE67kO0sVJUzN0L2Ae','chilutoms@yahoo.com','0977277220','Nairobi','le','[]','',0,'',NULL,NULL),(145,'samuel','njoroge','Mburu njoroge','$2y$13$eH1FSRo8Hoy1N.rVZt8OzevXOT8NsZgSwMjtmWwNExm4iTVGxtVJW','mburusam39@gmail.com','0723019691','kiambu','le','[]','',0,'',NULL,NULL),(146,'Elijah','Getono','Eliget','$2y$13$Ymo2FCmCNDoqJXfWwNOOYOpa7z3FuEMKWKfe/KmMQ4k7mUcbjkcHS','elijahgetono@gmail.com','0799886572','Satellite','le','[]','',0,'',NULL,NULL),(147,'Kefa Nyaribo','Moruri','Kefanyaribo','$2y$13$TJgnfHqcHgdbckosAY6yMe5VTaVSt1k60g21PxZVEBxemnGWRHtFS','kefanyaribo@yahoo.com','0702874750','Nairobi','abc','[]','',0,'',NULL,NULL),(148,'Wycliffe','Ongori','Wycky','$2y$13$P6KTZb.k5o0NtnQyH/DqYOX5bNdoPKrUFQvddb.tIsV6ZMvUSjhPi','Wkegeni@gmail.com','0724581994','Kilifi','le','[]','',0,'',NULL,NULL),(149,'lena','keter','lenaketer','$2y$13$kTc0rKAa07haPT9Df/z5VO7dE7Nnzv/X8SSD00xsCfZ258BxJN2gu','kemboikim47@gmail.com','0729959495','nandi hills','abc','[]','',0,'',NULL,NULL),(150,'Happiness','Kerubo','happy','$2y$13$0eNGqa8WEPWITM8oYzB1POtyMdz2jhxWvfspEZzYdw.D3/IWe5gMe','kerubohappiness23@gmail.com','0729450751','Nairobi','abc','[]','',0,'',NULL,NULL),(151,'ALEXADER','NDEGWA','MWAI','$2y$13$wgKL1eTMhjGd9LRN9Szz0unZBl3hemxxOeAVCohp2nkMIGgsIMgOK','alexadermwai@gmail.com','0111228747','BARICHO','le','[]','',0,'',NULL,NULL),(152,'Birai','Josiah','maestrojosiah','$2y$13$XSFOen3lX3O/j9v6bhUWX.CR9.4FL5d8mfNd1.X6mRHOx.zXWhu5.','jshbr7@gmail.com','0705285959','Kiamumbi, Kiambu','active','[\"ROLE_USER\",\"ROLE_ADMIN\"]','admin',1,'male',NULL,'2024-06-16 11:04:03'),(154,'Josiah','Testing','mjs','$2y$13$4z2drr5i03XKsIRJisvgOuM1wg7SOl6HtmuOYJUuBGCea0jBBbiTu','test@mail.com','0705285959','Kiamumbi, Kiambu','inactive','[]','user',1,'male','august-holiday-camp-duet-piano-1703488873-1718303117-1718303616.jpg','2024-06-13 18:43:26');
/*!40000 ALTER TABLE `user` ENABLE KEYS */;
UNLOCK TABLES;
/*!40103 SET TIME_ZONE=@OLD_TIME_ZONE */;

/*!40101 SET SQL_MODE=@OLD_SQL_MODE */;
/*!40014 SET FOREIGN_KEY_CHECKS=@OLD_FOREIGN_KEY_CHECKS */;
/*!40014 SET UNIQUE_CHECKS=@OLD_UNIQUE_CHECKS */;
/*!40101 SET CHARACTER_SET_CLIENT=@OLD_CHARACTER_SET_CLIENT */;
/*!40101 SET CHARACTER_SET_RESULTS=@OLD_CHARACTER_SET_RESULTS */;
/*!40101 SET COLLATION_CONNECTION=@OLD_COLLATION_CONNECTION */;
/*!40111 SET SQL_NOTES=@OLD_SQL_NOTES */;

-- Dump completed on 2024-06-16 20:50:36
