-- MySQL dump 10.13  Distrib 8.0.41, for Linux (x86_64)
--
-- Host: localhost    Database: hheskeny_market
-- ------------------------------------------------------
-- Server version	8.0.41-0ubuntu0.24.04.1

/*!40101 SET @OLD_CHARACTER_SET_CLIENT=@@CHARACTER_SET_CLIENT */;
/*!40101 SET @OLD_CHARACTER_SET_RESULTS=@@CHARACTER_SET_RESULTS */;
/*!40101 SET @OLD_COLLATION_CONNECTION=@@COLLATION_CONNECTION */;
/*!50503 SET NAMES utf8mb4 */;
/*!40103 SET @OLD_TIME_ZONE=@@TIME_ZONE */;
/*!40103 SET TIME_ZONE='+00:00' */;
/*!40014 SET @OLD_UNIQUE_CHECKS=@@UNIQUE_CHECKS, UNIQUE_CHECKS=0 */;
/*!40014 SET @OLD_FOREIGN_KEY_CHECKS=@@FOREIGN_KEY_CHECKS, FOREIGN_KEY_CHECKS=0 */;
/*!40101 SET @OLD_SQL_MODE=@@SQL_MODE, SQL_MODE='NO_AUTO_VALUE_ON_ZERO' */;
/*!40111 SET @OLD_SQL_NOTES=@@SQL_NOTES, SQL_NOTES=0 */;

--
-- Table structure for table `address`
--

DROP TABLE IF EXISTS `address`;
/*!40101 SET @saved_cs_client     = @@character_set_client */;
/*!50503 SET character_set_client = utf8mb4 */;
CREATE TABLE `address` (
  `id` int NOT NULL AUTO_INCREMENT,
  `user_id` int DEFAULT NULL,
  `street_address` varchar(255) CHARACTER SET utf8mb4 COLLATE utf8mb4_unicode_ci DEFAULT NULL,
  `county` varchar(255) CHARACTER SET utf8mb4 COLLATE utf8mb4_unicode_ci DEFAULT NULL,
  PRIMARY KEY (`id`),
  KEY `IDX_D4E6F81A76ED395` (`user_id`),
  CONSTRAINT `FK_D4E6F81A76ED395` FOREIGN KEY (`user_id`) REFERENCES `user` (`id`)
) ENGINE=InnoDB AUTO_INCREMENT=12 DEFAULT CHARSET=utf8mb4 COLLATE=utf8mb4_unicode_ci;
/*!40101 SET character_set_client = @saved_cs_client */;

--
-- Dumping data for table `address`
--

LOCK TABLES `address` WRITE;
/*!40000 ALTER TABLE `address` DISABLE KEYS */;
INSERT INTO `address` VALUES (1,2,'Tel Aviv Street hse 40','Kiambu'),(2,155,'Tel Aviv Street hse 40','Central'),(4,165,'Tel Aviv Street hse 40','Central'),(5,173,'Dunhill Towers, Westlands','Nairobi'),(6,174,'6821','Nairobi 00300'),(7,190,'42276','Nairobi '),(8,180,'P.o  box 307 embu','Embu'),(9,191,'300','Meru '),(10,254,'Tel Aviv Street Hse 40','Kiambu'),(11,278,'Nachu Plaza,7th floor, suite 714 Kiambere road','Nairobi');
/*!40000 ALTER TABLE `address` ENABLE KEYS */;
UNLOCK TABLES;

--
-- Table structure for table `author`
--

DROP TABLE IF EXISTS `author`;
/*!40101 SET @saved_cs_client     = @@character_set_client */;
/*!50503 SET character_set_client = utf8mb4 */;
CREATE TABLE `author` (
  `id` int NOT NULL AUTO_INCREMENT,
  `name` varchar(255) CHARACTER SET utf8mb4 COLLATE utf8mb4_unicode_ci NOT NULL,
  `biography` longtext CHARACTER SET utf8mb4 COLLATE utf8mb4_unicode_ci NOT NULL,
  `photo` varchar(255) CHARACTER SET utf8mb4 COLLATE utf8mb4_unicode_ci DEFAULT NULL,
  PRIMARY KEY (`id`)
) ENGINE=InnoDB AUTO_INCREMENT=107 DEFAULT CHARSET=utf8mb4 COLLATE=utf8mb4_unicode_ci;
/*!40101 SET character_set_client = @saved_cs_client */;

--
-- Dumping data for table `author`
--

LOCK TABLES `author` WRITE;
/*!40000 ALTER TABLE `author` DISABLE KEYS */;
INSERT INTO `author` VALUES (1,'Julian Melgosa','<p>Julian Melgosa, Spanish dean. Chartered psychologist British Psychological Society. Member of American Psychological Association (international affiliat), British Psychology Society.</p>\r\n\r\n<h2>Background</h2>\r\n\r\n<p>Melgosa, Julian was born on February 14, 1957 in Madrid. Son of Fortunato Melgosa and Maria Natividad Mohedano.</p>\r\n\r\n<h2>Education</h2>\r\n\r\n<p>Bachelor in Education, University Madrid, 1979. Master of Arts in Education and Psychology, University Madrid, 1980. Doctor of Philosophy in Educational Psychology, Andrews University, 1985.</p>\r\n\r\n<h2>Career</h2>\r\n\r\n<p>Elementary teacher Division Gifted, Bridgman, Michigan, 1983&mdash;1984. Assistant professor Colegio Adventista de Sagunto (Chemical Abstracts Service), Sagunto, Valencia, Spain, 1985&mdash;1990, language program director Spain, 1986&mdash;1990. Associate lecturer Open University, Oxford, England, 1993&mdash;1996.<br />\r\n<br />\r\nMaster of Arts education program director Newbold College, Bracknell, England, 1991&mdash;1998. Academy dean Adventist International Institute Advanced Studies (AIIAS), Silang, Philippines, 1998&mdash;2002.</p>\r\n\r\n<h2>Achievements</h2>\r\n\r\n<ul>\r\n	<li>\r\n	<p>Julian Melgosa has been listed as a noteworthy dean by Marquis Who&#39;s Who.</p>\r\n	</li>\r\n</ul>\r\n\r\n<h2>Membership</h2>\r\n\r\n<p>Member of American Psychological Association (international affiliat), British Psychology Society.</p>\r\n\r\n<ul>\r\n</ul>\r\n\r\n<h2>Connections</h2>\r\n\r\n<p>Married Annette Alyce Dunbebin, August 21, 1983. Children: Claudia Susana, Eric Nicolas.</p>',NULL),(2,'Ardis Dick Stenbakken','Biography not available.',NULL),(3,'Ben Carson','Ben Carson is a renowned neurosurgeon and former Secretary of the U.S. Department of Housing and Urban Development (HUD). Born on September 18, 1951, in Detroit, Michigan, Carson overcame poverty and academic struggles to become one of the world\'s leading neurosurgeons. He gained fame for pioneering surgeries to separate conjoined twins and for his work at Johns Hopkins Hospital. Carson has also authored several books, including his autobiography, \"Gifted Hands.\"',NULL),(4,'Celedonio García','Biography not available.',NULL),(5,'Pozuelo Ramos','Biography not available.',NULL),(6,'César Gálvez','Biography not available.',NULL),(7,'Rafael Escandón','Biography not available.',NULL),(8,'Dália Mateus','Biography not available.',NULL),(9,'María Augusta Lopes','Biography not available.',NULL),(10,'Dr. Clemency Mitchell','Biography not available.',NULL),(11,'Dr. Ernst Schneider','Biography not available.',NULL),(12,'Dr. George D. Pamplona Roger','Dr. George D. Pamplona Roger is a Spanish physician and author specializing in health and nutrition. He is known for his books on natural remedies and healthy living, which combine medical science with practical advice on diet and lifestyle. His works aim to educate the public on preventing and treating diseases through natural means.',NULL),(13,'Dr. Herminia Galbes','Biography not available.',NULL),(14,'Isidro Aguilar','Biography not available.',NULL),(15,'Dr. Julián Melgosa','Dr. Julián Melgosa is an author and psychologist who writes on topics related to mental health, emotional well-being, and personal development. His works often focus on practical strategies for improving mental health through lifestyle changes, positive thinking, and emotional resilience.',NULL),(16,'Dr. Ramón Gelabert','Dr. Ramón Gelabert is known for his contributions to health education, particularly within the context of holistic and preventive medicine. His work likely includes publications on the benefits of a healthy lifestyle, emphasizing nutrition, exercise, and mental well-being.',NULL),(17,'Ellen G. White','Ellen G. White (1827-1915) was a co-founder of the Seventh-day Adventist Church and is considered a prophetess within the denomination. She wrote extensively on religion, health, and education, with her works being foundational for Adventist theology. Her most notable books include \"The Great Controversy\" and \"Steps to Christ.\" White\'s visions and writings have significantly influenced the Adventist movement.',NULL),(18,'Hans Diehl','Hans Diehl is a clinical professor of preventive medicine at Loma Linda University and the founder of the Complete Health Improvement Program (CHIP). He is a prominent advocate of lifestyle medicine, focusing on plant-based nutrition and preventive health measures to combat chronic diseases like heart disease and diabetes. Diehl has authored several books and research papers on health and wellness.',NULL),(19,'Aileen Ludington','Aileen Ludington is a physician and author known for her work in preventive medicine and health education. She has collaborated with Hans Diehl on health programs and publications, promoting lifestyle changes to prevent and reverse chronic diseases. Ludington\'s work emphasizes the benefits of a plant-based diet, regular exercise, and other healthy habits.',NULL),(20,'Home Health Education Service','Biography not available.',NULL),(21,'Pattiejean Brown','Biography not available.',NULL),(22,'Jeffrey Brown','Jeffrey Brown is typically associated with health and wellness education, often contributing to literature on maintaining health through natural and preventive measures. His work might include guides on nutrition, fitness, and holistic health practices.',NULL),(23,'Jonathan & Ana Callagher','Biography not available.',NULL),(24,'Julie McPherson','Biography not available.',NULL),(25,'Karen Holford','Biography not available.',NULL),(26,'Lidia La Marca','Biography not available.',NULL),(27,'María Augusta Lopes','Biography not available.',NULL),(28,'Nancy Van Pelt','Biography not available.',NULL),(29,'Richard J. B. Willis','Biography not available.',NULL),(30,'John M. Wilby','Biography not available.',NULL),(31,'Robert J. Wieland','<p>Biography not available.</p>','robert-j-wieland-1718631452.jpg'),(32,'Denis Smith','Not available',NULL),(33,'Stephen N. Haskel','Not available',NULL),(34,'C. Mervyn Maxwell','Not available',NULL),(35,'Gerhard Pfandl','Not available',NULL),(36,'A. S. Maxwell','Not available',NULL),(37,'Kwabena Donkor, Editor','Not available',NULL),(38,'Reinder Bruinsma','Not available',NULL),(39,'GC SDA, SS dept.','Not available',NULL),(40,'George R. Knight','Not available',NULL),(41,'Fernando Chaij','Not available',NULL),(42,'Ted N.C Wilson','Not available',NULL),(43,'Danny Shelton','Not available',NULL),(44,'Ray Markham','Not available',NULL),(45,'Anita Marshall','Not available',NULL),(46,'Llewellyn Edwards','Not available',NULL),(47,'Clifford Goldstein','Not available',NULL),(48,'Herbert E. Douglass','Not available',NULL),(49,'Charles Mills, Linda Koh','Not available',NULL),(50,'Jerry D. Thomas','Not available',NULL),(51,'Kimberley Tagert-Paul','Not available',NULL),(52,'Caren Collum','Not available',NULL),(53,'Leslie Ackie','Not available',NULL),(54,'Brain Kluth','Not available',NULL),(55,'John Mathews','Not available',NULL),(57,'Dr. Julian Melgosa','<p>Dr. Julian Melgosa</p>',NULL),(58,'J C Kurian','<p>J C Kurian</p>',NULL),(60,'Beverley Ramages','<p>Beverley</p>',NULL),(61,'Enrique Chaij','<p>Enrique</p>',NULL),(62,'Cesar Galvez','<p>Galvez</p>',NULL),(63,'Harry J. Baerg','<p>Harry J.</p>',NULL),(64,'Nancy Van Pelt','<p>Nancy Van Pelt</p>',NULL),(65,'Dr. Raul Posse','<p>Raul Posse</p>',NULL),(66,'Gabor Mihalec','<p>Gabor Mihalec</p>',NULL),(67,'Tucker','<p>Tucker</p>',NULL),(68,'Gayle','<p>Gayle</p>',NULL),(69,'Mike','<p>Mike</p>',NULL),(70,'Rhona Davies','<p>Rhona Davies</p>',NULL),(71,'Kirly Sue','<p>Kirly Sue</p>',NULL),(72,'Anne Pilmoor','<p>Anne Pilmoor</p>',NULL),(73,'Renee Joseph','<p>Renee Joseph</p>',NULL),(74,'Uncle  Arthur','<p>Uncle Arthur</p>',NULL),(75,'Mirian Montanari Grudtner','<p>Mirian</p>',NULL),(76,'Carolyn Stuyvesant','<p>Carolyn</p>',NULL),(77,'Paulette Alden','<p>Alden</p>',NULL),(78,'Celedonio Garcia','<p>Garcia</p>',NULL),(79,'Pozuelo Ramos','<p>Ramos</p>',NULL),(80,'Carlos Puyol Buil','<p>Puyol</p>',NULL),(81,'Anna Galeniece','<p>Anna</p>',NULL),(82,'Laura Fidanza','<p>Laura</p>',NULL),(83,'Arthur S. Maxwell','<p>Arthur</p>',NULL),(84,'Francis Njau','<p>Njau</p>',NULL),(85,'Eunice Kemunto Marube','<p>Eunice</p>',NULL),(86,'Reinder Bruinsma','<p>Reinder</p>',NULL),(87,'Roger J. Morneau','<p>Roger</p>',NULL),(88,'Jerusha Muga','<p>Jerusha Muga</p>',NULL),(89,'Jerusha Muga','<p>Jerusha Muga</p>',NULL),(90,'Sharon Platt-MCDonald','<p>Sharon</p>',NULL),(91,'David Marshall','<p>Marshall</p>',NULL),(92,'Richard Daly','<p>Daly</p>',NULL),(93,'Reg Brown','<p>Reg Brown</p>',NULL),(94,'Doug Batchelor','<p>Doug</p>',NULL),(95,'Mary Barrett','<p>Mary Barrett</p>',NULL),(97,'Bernie Holford','<p>Bernie</p>',NULL),(98,'Sarah Jarvis','<p>Sarah</p>',NULL),(99,'Elize Hibbert','<p>Elize Hibbert</p>',NULL),(100,'Richard De Lisser','<p>Richard</p>',NULL),(101,'Julian Hibbert','<p>Julian Hibbert</p>',NULL),(102,'Onesmus Erickson Makensi','<p>Onesmus Erickson</p>',NULL),(103,'Dan Matekere','<p>Dan</p>',NULL),(104,'Carlyle B. Hynes','<p>Hynes</p>',NULL),(105,'Tully M. Musyani','<p>Tully</p>',NULL),(106,'David Maduhu Makoye','<p>Maduhu</p>',NULL);
/*!40000 ALTER TABLE `author` ENABLE KEYS */;
UNLOCK TABLES;

--
-- Table structure for table `blog`
--

DROP TABLE IF EXISTS `blog`;
/*!40101 SET @saved_cs_client     = @@character_set_client */;
/*!50503 SET character_set_client = utf8mb4 */;
CREATE TABLE `blog` (
  `id` int NOT NULL AUTO_INCREMENT,
  `author_id` int DEFAULT NULL,
  `title` varchar(255) CHARACTER SET utf8mb4 COLLATE utf8mb4_unicode_ci DEFAULT NULL,
  `content` longtext CHARACTER SET utf8mb4 COLLATE utf8mb4_unicode_ci,
  `publication_date` datetime DEFAULT NULL,
  `is_published` tinyint(1) DEFAULT NULL,
  `last_modified` datetime DEFAULT NULL,
  `slug` varchar(255) CHARACTER SET utf8mb4 COLLATE utf8mb4_unicode_ci DEFAULT NULL,
  `featured_image` varchar(255) CHARACTER SET utf8mb4 COLLATE utf8mb4_unicode_ci DEFAULT NULL,
  `meta_title` varchar(255) CHARACTER SET utf8mb4 COLLATE utf8mb4_unicode_ci DEFAULT NULL,
  `meta_description` longtext CHARACTER SET utf8mb4 COLLATE utf8mb4_unicode_ci,
  `is_featured` tinyint(1) DEFAULT NULL,
  `keywords` varchar(255) CHARACTER SET utf8mb4 COLLATE utf8mb4_unicode_ci DEFAULT NULL,
  PRIMARY KEY (`id`),
  KEY `IDX_C0155143F675F31B` (`author_id`),
  CONSTRAINT `FK_C0155143F675F31B` FOREIGN KEY (`author_id`) REFERENCES `user` (`id`)
) ENGINE=InnoDB AUTO_INCREMENT=5 DEFAULT CHARSET=utf8mb4 COLLATE=utf8mb4_unicode_ci;
/*!40101 SET character_set_client = @saved_cs_client */;

--
-- Dumping data for table `blog`
--

LOCK TABLES `blog` WRITE;
/*!40000 ALTER TABLE `blog` DISABLE KEYS */;
INSERT INTO `blog` VALUES (1,2,'Balancing Work and Family Life: Tips for Busy Parents','<p>In the bustling cities and serene countryside of Kenya, parents strive to provide the best for their families. They work tirelessly to ensure that their children have access to quality education, healthcare, and a promising future. However, in the quest to secure a stable and prosperous life, many parents find themselves caught in a cycle where work takes precedence over family. By the time they realize the extent of the neglect, it is often too late. The essence of the home, the very place they return to after the hustle, becomes a distant reality.</p>\r\n\r\n<h2>The Importance of Home</h2>\r\n\r\n<p>The home is more than just a physical space. It is a sanctuary where love, support, and warmth should flourish. It is the place where values are instilled, memories are made, and bonds are strengthened. For Kenyan families, the home is a cornerstone of cultural and social identity. Neglecting the family can lead to strained relationships, emotional distance, and missed opportunities to guide and nurture the next generation.</p>\r\n\r\n<h2>Recognizing the Signs of Neglect</h2>\r\n\r\n<p>Busy parents often overlook the subtle signs that indicate their family is feeling neglected:</p>\r\n\r\n<p>- Children&#39;s Behavioral Changes: Increased irritability, withdrawal, or a decline in academic performance.</p>\r\n\r\n<p>- Spousal Distance: Reduced communication, emotional detachment, and frequent conflicts.</p>\r\n\r\n<p>- Personal Guilt: A persistent feeling of guilt and regret for missing out on family milestones and activities.</p>\r\n\r\n<h2>Practical Tips for Balancing Work and Family Life</h2>\r\n\r\n<p>1. Set Boundaries: Clearly define work hours and family time. Communicate these boundaries with your employer and colleagues. When you are at home, be present both physically and mentally.</p>\r\n\r\n<p>2. Prioritize Quality Time: Dedicate specific times each week for family activities. This could be as simple as sharing meals together, playing games, or going for walks. Quality time is more impactful than the quantity of time spent.</p>\r\n\r\n<p>3. Involve the Family in Planning: Engage your spouse and children in creating a family schedule. This ensures that everyone&#39;s needs and preferences are considered, fostering a sense of belonging and teamwork.</p>\r\n\r\n<p>4. Delegate and Share Responsibilities: Household chores and responsibilities should not fall on one person. Distribute tasks among family members to lighten the load and teach children the value of teamwork and responsibility.</p>\r\n\r\n<p>5. Utilize Technology Wisely: Use technology to stay connected with your family throughout the day. A simple phone call, text, or video chat can bridge the gap created by physical absence.</p>\r\n\r\n<p>6. Be Flexible: Understand that balancing work and family life is an ongoing process that requires flexibility. Be prepared to adjust your plans as needed to accommodate family needs.</p>\r\n\r\n<p>7. Take Care of Yourself: Parental well-being is crucial. Ensure you get enough rest, eat healthily, and engage in activities that rejuvenate you. A healthy, happy parent is better equipped to care for their family.</p>\r\n\r\n<p>8. Seek Professional Help if Needed: If the challenges seem overwhelming, do not hesitate to seek advice from a family counselor or therapist. Professional guidance can provide valuable insights and strategies for improving family dynamics.</p>\r\n\r\n<h2>Reinforcing the Value of Home</h2>\r\n\r\n<p>Home should be a place where everyone feels valued, loved, and respected. Reinforcing this value involves:</p>\r\n\r\n<p>- Open Communication: Encourage open dialogue about feelings, experiences, and expectations. Listening to each other fosters mutual understanding and respect.</p>\r\n\r\n<p>- Celebrating Together: Celebrate achievements, big or small, together. Recognize and appreciate each family member&#39;s efforts and successes.</p>\r\n\r\n<p>- Building Traditions: Create family traditions that everyone looks forward to. Whether it&rsquo;s a weekly movie night or annual vacation, traditions strengthen family bonds and create lasting memories.</p>\r\n\r\n<h2>Conclusion</h2>\r\n\r\n<p>Balancing work and family life is a challenge that many Kenyan parents face. However, with deliberate effort and a commitment to prioritizing family, it is possible to create a harmonious balance. Remember, the home is not just a place to return to after the hustle; it is the foundation upon which strong, resilient families are built. By nurturing this foundation, parents can ensure a brighter, more connected future for their children and themselves.</p>','2024-06-23 19:18:24',1,'2024-06-23 19:25:04','balancing-work-and-family-life-tips-for-busy-parents','family-time-tips-1719170704.jpg','How To Balance Work and Family Life: Busy Parent\'s Tips','Parents strive to give the best to their families, sometimes at the expense of the very families. How do we strike the balance?',0,'Busy parents, parenting, family and relationships, busy life, Nairobi family'),(2,2,'How to Create a Family Budget That Works','<p>Creating a family budget is a vital step towards achieving financial stability and ensuring that your family&rsquo;s needs are met both now and in the future. A budget helps you manage your money effectively, save for future goals, and prepare for unexpected expenses. Here&rsquo;s how to create a family budget that works, emphasizing the importance of paying yourself first, saving, and living within your means. Additionally, we&rsquo;ll explore the advantages and disadvantages of buying things in bulk versus buying them little by little.</p>\r\n\r\n<h2>The Importance of Paying Yourself First</h2>\r\n\r\n<p>Paying yourself first means setting aside a portion of your income for savings before spending on anything else. This practice is crucial for several reasons:</p>\r\n\r\n<p>Ensures Consistent Savings: By prioritizing savings, you guarantee that a part of your income is always directed towards your financial goals, such as an emergency fund, retirement, or education.</p>\r\n\r\n<p>Builds Financial Discipline: Paying yourself first helps develop a disciplined approach to managing money. It reduces the temptation to spend on non-essential items and encourages long-term financial planning.</p>\r\n\r\n<p>Creates a Safety Net: Having savings set aside provides a cushion for unexpected expenses, reducing the likelihood of falling into debt during emergencies.</p>\r\n\r\n<h2>Saving and Living Within One&rsquo;s Means</h2>\r\n\r\n<p>Living within your means involves spending less than you earn and avoiding debt. This approach is fundamental for financial health:</p>\r\n\r\n<p>Financial Stability: Spending within your means ensures that you can cover your necessary expenses without relying on credit, leading to a more stable financial situation.</p>\r\n\r\n<p>Reduced Stress: Knowing that you are not overspending and have control over your finances reduces anxiety and stress related to money.</p>\r\n\r\n<p>Long-Term Benefits: Living within your means allows for steady growth in savings and investments, contributing to a secure financial future.</p>\r\n\r\n<h2>Buying in Bulk vs. Buying Little by Little</h2>\r\n\r\n<p>When managing a family budget, decisions about purchasing can have a significant impact. Here are the advantages and disadvantages of buying things in bulk compared to buying them little by little.</p>\r\n\r\n<p>Buying in Bulk</p>\r\n\r\n<h3>Advantages:</h3>\r\n\r\n<p>- Cost Savings: Bulk purchases often come at a lower per-unit cost, saving money in the long run.</p>\r\n\r\n<p>- Convenience: Reduces the frequency of shopping trips, saving time and effort.</p>\r\n\r\n<p>- Stockpiling: Ensures that you always have essential items on hand, reducing the risk of running out.</p>\r\n\r\n<h3>Disadvantages:</h3>\r\n\r\n<p>- Upfront Cost: Requires a larger initial expenditure, which might strain the budget if not planned properly.</p>\r\n\r\n<p>- Storage Space: Needs adequate storage space to keep bulk items, which can be a challenge in smaller homes.</p>\r\n\r\n<p>- Waste: Risk of items expiring or going unused, leading to waste if not properly managed.</p>\r\n\r\n<p>- Tendency to Use More: Having large quantities of items on hand can lead to using them more liberally, potentially increasing consumption and reducing the anticipated savings.</p>\r\n\r\n<h2>Buying Little by Little</h2>\r\n\r\n<h3>Advantages:</h3>\r\n\r\n<p>- Lower Immediate Costs: Smaller, more manageable expenses that are easier to fit into a weekly or monthly budget.</p>\r\n\r\n<p>- Less Storage Required: Requires less storage space, making it more suitable for smaller living spaces.</p>\r\n\r\n<p>- Flexibility: Allows for more flexibility in spending and adapting to changes in needs and preferences.</p>\r\n\r\n<p>- Tendency to Save: Buying items in smaller quantities often encourages more mindful consumption and careful usage, potentially leading to overall savings.</p>\r\n\r\n<h3>Disadvantages:</h3>\r\n\r\n<p>- Higher Per-Unit Cost: Often more expensive per unit compared to bulk purchases.</p>\r\n\r\n<p>- More Frequent Shopping: Requires more frequent trips to the store, which can be time-consuming and potentially lead to impulse buying.</p>\r\n\r\n<p>- Risk of Shortages: Higher risk of running out of essential items, especially if shopping trips are missed.</p>\r\n\r\n<p>Step-by-Step Process to Create a Family Budget That Works</p>\r\n\r\n<p>Creating a family budget that works involves several crucial steps. Here&rsquo;s a step-by-step guide to help you establish a budget that promotes financial stability and aligns with your family&rsquo;s goals.</p>\r\n\r\n<h2>Step 1: Assess Your Income</h2>\r\n\r\n<p>Gather Income Information:</p>\r\n\r\n<p>- List all sources of income, including salaries, bonuses, freelance work, and any other earnings.</p>\r\n\r\n<p>- Calculate the total monthly income for your household.</p>\r\n\r\n<h2>Step 2: Track Your Expenses</h2>\r\n\r\n<h3>Categorize Your Spending:</h3>\r\n\r\n<p>- Fixed Expenses: Rent/mortgage, utilities, insurance, loan payments.</p>\r\n\r\n<p>- Variable Expenses: Groceries, dining out, entertainment, transportation.</p>\r\n\r\n<p>- Periodic Expenses: Annual insurance premiums, car maintenance, property taxes.</p>\r\n\r\n<h3>Record Every Expense:</h3>\r\n\r\n<p>- Keep track of every expense for at least one month. Use a notebook, spreadsheet, or budgeting app to log all purchases and payments.</p>\r\n\r\n<h2>Step 3: Set Financial Goals</h2>\r\n\r\n<p>Short-Term Goals:</p>\r\n\r\n<p>- Build an emergency fund.</p>\r\n\r\n<p>- Save for a family vacation or a new appliance.</p>\r\n\r\n<h3>Long-Term Goals:</h3>\r\n\r\n<p>- Save for retirement.</p>\r\n\r\n<p>- Plan for children&rsquo;s education.</p>\r\n\r\n<p>- Pay off a mortgage or other significant debts.</p>\r\n\r\n<h3>Prioritize Goals:</h3>\r\n\r\n<p>- Determine which goals are most important and set realistic timeframes for achieving them.</p>\r\n\r\n<h2>Step 4: Create a Savings Plan</h2>\r\n\r\n<h3>Pay Yourself First:</h3>\r\n\r\n<p>- Decide on a percentage of your income to save each month before paying other expenses.</p>\r\n\r\n<p>- Automate savings transfers to ensure consistency.</p>\r\n\r\n<h3>Emergency Fund:</h3>\r\n\r\n<p>- Aim to save 3-6 months&rsquo; worth of living expenses in an easily accessible account.</p>\r\n\r\n<h3>Investment and Retirement:</h3>\r\n\r\n<p>- Contribute to retirement accounts (401(k), IRA) and other investment vehicles.</p>\r\n\r\n<h2>Step 5: Develop Your Budget</h2>\r\n\r\n<h3>Allocate Income to Categories:</h3>\r\n\r\n<p>- Assign portions of your income to each expense category based on your tracked spending and financial goals.</p>\r\n\r\n<p>- Ensure that total expenses do not exceed total income.</p>\r\n\r\n<h3>Create Spending Limits:</h3>\r\n\r\n<p>- Set specific spending limits for variable expenses to avoid overspending.</p>\r\n\r\n<h2>Step 6: Implement and Adjust Your Budget</h2>\r\n\r\n<h3>Monitor Your Spending:</h3>\r\n\r\n<p>- Regularly review your spending to ensure you are within budget limits.</p>\r\n\r\n<p>- Adjust categories and limits as needed based on actual spending patterns.</p>\r\n\r\n<h3>Make Adjustments:</h3>\r\n\r\n<p>- If you find certain categories consistently exceed the budget, consider reallocating funds or reducing spending in other areas.</p>\r\n\r\n<h3>Review Periodically:</h3>\r\n\r\n<p>- Conduct a monthly review to assess progress towards financial goals and make necessary adjustments to the budget.</p>\r\n\r\n<h2>Step 7: Plan for Unexpected Expenses</h2>\r\n\r\n<h3>Build a Buffer:</h3>\r\n\r\n<p>- Include a miscellaneous category in your budget for unexpected expenses.</p>\r\n\r\n<p>- Replenish the buffer each month if used.</p>\r\n\r\n<h3>Adjust Savings as Needed:</h3>\r\n\r\n<p>- If unexpected expenses arise, adjust your savings plan temporarily to accommodate them without disrupting other financial goals.</p>\r\n\r\n<h2>Step 8: Engage the Whole Family</h2>\r\n\r\n<h3>Communicate:</h3>\r\n\r\n<p>- Discuss the budget with all family members to ensure everyone understands and agrees with the financial plan.</p>\r\n\r\n<h3>Involve Everyone:</h3>\r\n\r\n<p>- Encourage family members to participate in budgeting decisions and tracking expenses.</p>\r\n\r\n<h3>Set Family Goals:</h3>\r\n\r\n<p>- Establish common goals to foster teamwork and commitment to the budget.</p>\r\n\r\n<h2>Step 9: Stay Flexible and Adaptable</h2>\r\n\r\n<h3>Expect Changes:</h3>\r\n\r\n<p>- Life circumstances can change, requiring adjustments to your budget. Stay flexible and be prepared to adapt as needed.</p>\r\n\r\n<h3>Celebrate Milestones:</h3>\r\n\r\n<p>- Recognize and celebrate when you achieve financial goals or successfully stick to your budget. This will keep the family motivated.</p>\r\n\r\n<p>By following these steps, you can create a comprehensive and adaptable family budget that supports your financial well-being and helps you achieve your financial goals.</p>\r\n\r\n<h2>What to Look for in a Healthy Budget</h2>\r\n\r\n<p>A healthy budget includes several key components that ensure its effectiveness and sustainability:</p>\r\n\r\n<p>1. Realistic Income Assessment: Accurately calculate your total household income, including salaries, bonuses, and any other sources of income.</p>\r\n\r\n<p>2. Comprehensive Expense Tracking: List all your expenses, including fixed costs (rent/mortgage, utilities, insurance) and variable costs (groceries, entertainment, dining out).</p>\r\n\r\n<p>3. Savings and Investment Goals: Allocate a portion of your income to savings and investments. Include short-term (emergency fund) and long-term (retirement, college funds) goals.</p>\r\n\r\n<p>4. Debt Management: Plan for debt repayment. Prioritize paying off high-interest debt first and aim to reduce overall debt levels.</p>\r\n\r\n<p>5. Adjustable Categories: Ensure your budget is flexible enough to accommodate unexpected expenses and changes in income or costs.</p>\r\n\r\n<p>6. Periodic Review: Regularly review and adjust your budget to reflect changes in your financial situation, goals, and priorities.</p>\r\n\r\n<h2>Conclusion</h2>\r\n\r\n<p>Creating a family budget that works is not just about tracking expenses&mdash;it&#39;s about setting priorities, being disciplined, and planning for the future. By paying yourself first, saving consistently, and living within your means, you can achieve financial stability and peace of mind. Whether you choose to buy in bulk or little by little, make sure your decisions align with your budget and storage capabilities. Remember, a healthy budget is one that is realistic, flexible, and regularly reviewed to ensure it continues to meet your family&rsquo;s financial needs and goals.</p>','2024-06-23 19:55:01',1,'2024-06-24 04:52:36','how-to-create-a-family-budget-that-works','how-to-budget-1719204756.jpg','Step-By-Step Guide to Create A Budget That Really Works','Creating a family budget is a vital step towards achieving financial stability and ensuring that your family’s needs are met both now and in the future.',0,'Budget that works, Pay yourself first, Bulk purchases, Living within your means, Expenses'),(3,2,'Top 5 Books for New Parents: A Comprehensive Guide','<p>Navigating the journey of parenthood can be both exhilarating and daunting for new parents. To ease the transition and provide valuable insights, here is a curated list of five essential books that offer practical advice, comprehensive knowledge, and emotional support.</p>\r\n\r\n<h2>1. <strong>For Raising Your Child by Fernando A. Sampedro</strong></h2>\r\n\r\n<p><a href=\"https://safelizwellness.com/en/product-view/para-el-nino/\" target=\"_new\">For Raising Your Child</a> is an excellent resource for parents seeking to understand the nuances of child development and effective parenting strategies. This book is filled with practical tips and comprehensive advice on nurturing a child&#39;s physical, emotional, and cognitive growth from infancy through adolescence.</p>\r\n\r\n<h3>Importance to New Parents:</h3>\r\n\r\n<ul>\r\n	<li>\r\n	<p><strong>Holistic Development</strong>: Covers a wide range of topics including nutrition, sleep, and educational activities.</p>\r\n	</li>\r\n	<li>\r\n	<p><strong>Practical Guidance</strong>: Provides actionable tips that are easy to integrate into daily routines.</p>\r\n	</li>\r\n	<li>\r\n	<p><strong>Confidence Building</strong>: Empowers parents with knowledge to make informed decisions.</p>\r\n	</li>\r\n</ul>\r\n\r\n<h2><strong>2</strong><strong>. Heart to Heart by Nancy Van Pelt</strong></h2>\r\n\r\n<p><a href=\"https://hheskenya.org/book/41.html\" target=\"_new\">Heart to Heart</a> by Nancy Van Pelt provides invaluable insights into fostering strong, loving relationships within the family. This book emphasizes the importance of open communication, emotional connection, and mutual respect in parenting.</p>\r\n\r\n<h3>Importance to New Parents:</h3>\r\n\r\n<ul>\r\n	<li>\r\n	<p><strong>Communication Skills</strong>: Teaches effective communication strategies to build trust and understanding.</p>\r\n	</li>\r\n	<li>\r\n	<p><strong>Emotional Bonding</strong>: Highlights ways to strengthen emotional ties with your child.</p>\r\n	</li>\r\n	<li>\r\n	<p><strong>Conflict Resolution</strong>: Offers practical advice on resolving conflicts amicably and fostering a peaceful home environment.</p>\r\n	</li>\r\n</ul>\r\n\r\n<h2>3. <strong>Train Up a Child by Nancy Van Pelt</strong></h2>\r\n\r\n<p><a href=\"https://hheskenya.org/book/7.html\" target=\"_new\">Train Up a Child</a> by Nancy Van Pelt is a comprehensive guide to effective parenting techniques. This book offers insights into developing healthy, confident children through positive reinforcement and consistent discipline.</p>\r\n\r\n<h3>Importance to New Parents:</h3>\r\n\r\n<ul>\r\n	<li>\r\n	<p><strong>Behavioral Insights</strong>: Provides methods for managing common behavioral issues.</p>\r\n	</li>\r\n	<li>\r\n	<p><strong>Positive Reinforcement</strong>: Emphasizes the importance of praise and encouragement.</p>\r\n	</li>\r\n	<li>\r\n	<p><strong>Structured Guidance</strong>: Offers a framework for consistent and loving discipline.</p>\r\n	</li>\r\n</ul>\r\n\r\n<h2>4. <strong>Child Guidance by Ellen G. White</strong></h2>\r\n\r\n<p><a href=\"https://hheskenya.org/book/40.html\" target=\"_new\">Child Guidance</a> by Ellen G. White is a timeless resource that provides extensive advice on child-rearing. The book focuses on nurturing children&#39;s character and moral development.</p>\r\n\r\n<h3>Importance to New Parents:</h3>\r\n\r\n<ul>\r\n	<li>\r\n	<p><strong>Moral Development</strong>: Emphasizes the importance of instilling strong moral values.</p>\r\n	</li>\r\n	<li>\r\n	<p><strong>Comprehensive Advice</strong>: Covers various aspects of child-rearing including education, discipline, and health.</p>\r\n	</li>\r\n	<li>\r\n	<p><strong>Time-Tested Principles</strong>: Offers enduring wisdom that remains relevant across generations.</p>\r\n	</li>\r\n</ul>\r\n\r\n<h2>5. <strong>Family Book by Karen Holford</strong></h2>\r\n\r\n<p><a href=\"https://hheskenya.org/book/40.html\" rel=\"noreferrer\" target=\"_new\">Family Book</a> by Karen Holford is a comprehensive guide designed to help families strengthen their bonds and create a nurturing home environment. This book is filled with practical activities and advice aimed at enhancing family relationships and fostering a supportive, loving atmosphere.</p>\r\n\r\n<h3>Importance to New Parents:</h3>\r\n\r\n<ul>\r\n	<li><strong>Practical Activities</strong>: Provides a variety of activities that promote family togetherness and bonding.</li>\r\n	<li><strong>Strengthening Relationships</strong>: Focuses on building strong, healthy relationships within the family.</li>\r\n	<li><strong>Creating a Positive Environment</strong>: Offers strategies to create a loving and supportive home atmosphere.</li>\r\n</ul>\r\n\r\n<h3>&nbsp;</h3>\r\n\r\n<p>&nbsp;</p>','2024-06-24 05:11:52',1,'2024-06-24 05:14:26','top-5-books-for-new-parents-comprehensive-guide','new-parents-1719206066.jpg','Top 5 Books for New Parents: A Comprehensive Guide','Becoming a new parent is an exhilarating and often overwhelming experience. To help you on this journey, we’ve curated a list of the top five essential books for new parents.',0,'Parenting, new parents, navigating parenting, top 5 books, relationship'),(4,2,'Recognizing and Addressing Depression in Teens','<p>Depression among teenagers is a pressing issue that often goes unnoticed, with serious consequences for their mental and physical health. According to the National Institute of Mental Health (NIMH), approximately 3.2 million adolescents aged 12 to 17 in the United States experienced at least one major depressive episode in 2017, representing 13.3% of this age group. Addressing depression in teens requires understanding its signs, causes, and effective interventions. This blog post delves into recognizing and addressing depression in teens, offering practical advice for parents, educators, and peers.</p>\r\n\r\n<p>{{to-adolescents-and-parents}}</p>\r\n\r\n<h2>Recognizing Depression in Teens</h2>\r\n\r\n<p><strong>1. Behavioral Changes:</strong></p>\r\n\r\n<ul>\r\n	<li>\r\n	<p><strong>Withdrawal from Social Activities:</strong> Teens who are normally outgoing may suddenly avoid friends and family.</p>\r\n	</li>\r\n	<li>\r\n	<p><strong>Decline in Academic Performance:</strong> A noticeable drop in grades or a lack of interest in school can be a red flag.</p>\r\n	</li>\r\n	<li>\r\n	<p><strong>Changes in Sleeping Patterns:</strong> Look for signs of insomnia, excessive sleeping, or disrupted sleep.</p>\r\n	</li>\r\n</ul>\r\n\r\n<p><strong>2. Emotional Indicators:</strong></p>\r\n\r\n<ul>\r\n	<li>\r\n	<p><strong>Persistent Sadness or Irritability:</strong> A teen who seems constantly sad, empty, or irritable over an extended period may be depressed.</p>\r\n	</li>\r\n	<li>\r\n	<p><strong>Feelings of Worthlessness or Guilt:</strong> Pay attention if they frequently express feelings of inadequacy or guilt.</p>\r\n	</li>\r\n	<li>\r\n	<p><strong>Lack of Enthusiasm or Motivation:</strong> Loss of interest in activities they once enjoyed can be indicative of depression.</p>\r\n	</li>\r\n</ul>\r\n\r\n<p><strong>3. Physical Symptoms:</strong></p>\r\n\r\n<ul>\r\n	<li>\r\n	<p><strong>Unexplained Aches and Pains:</strong> Depression can manifest physically with headaches, stomachaches, or other unexplained pains.</p>\r\n	</li>\r\n	<li>\r\n	<p><strong>Changes in Appetite or Weight:</strong> Significant weight loss or gain, or changes in eating habits, can be signs of depression.</p>\r\n	</li>\r\n</ul>\r\n\r\n<h2>Addressing Depression in Teens</h2>\r\n\r\n<p><strong>1. Open Communication:</strong></p>\r\n\r\n<ul>\r\n	<li>\r\n	<p><strong>Create a Safe Space:</strong> Encourage open conversations without judgment. Teens need to feel safe to express their feelings.</p>\r\n	</li>\r\n	<li>\r\n	<p><strong>Active Listening:</strong> Show empathy and understanding. Avoid immediately offering solutions; instead, listen to their concerns.</p>\r\n	</li>\r\n</ul>\r\n\r\n<p><strong>2. Professional Help:</strong></p>\r\n\r\n<ul>\r\n	<li>\r\n	<p><strong>Therapy:</strong> Cognitive Behavioral Therapy (CBT) has been shown to be effective. According to the American Psychological Association, CBT can significantly reduce depressive symptoms in teens.</p>\r\n	</li>\r\n	<li>\r\n	<p><strong>Medication:</strong> Antidepressants can be useful, particularly in combination with therapy. The NIMH suggests that medications like SSRIs (selective serotonin reuptake inhibitors) can be effective but should be closely monitored.</p>\r\n	</li>\r\n</ul>\r\n\r\n<p><strong>3. Lifestyle Adjustments:</strong></p>\r\n\r\n<ul>\r\n	<li>\r\n	<p><strong>Regular Exercise:</strong> Physical activity can boost mood. The Mayo Clinic notes that exercise releases endorphins, which can alleviate depression symptoms.</p>\r\n	</li>\r\n	<li>\r\n	<p><strong>Healthy Diet:</strong> Encourage a balanced diet rich in fruits, vegetables, lean proteins, and whole grains. Nutritional deficiencies can exacerbate depression.</p>\r\n	</li>\r\n	<li>\r\n	<p><strong>Adequate Sleep:</strong> Ensure teens get 8-10 hours of sleep per night. Poor sleep can worsen depression.</p>\r\n	</li>\r\n</ul>\r\n\r\n<p><strong>4. Building Resilience:</strong></p>\r\n\r\n<ul>\r\n	<li>\r\n	<p><strong>Positive Reinforcement:</strong> Celebrate small victories and progress. Positive reinforcement can boost self-esteem.</p>\r\n	</li>\r\n	<li>\r\n	<p><strong>Problem-Solving Skills:</strong> Teach teens how to break down problems into manageable steps. This can reduce feelings of overwhelm.</p>\r\n	</li>\r\n	<li>\r\n	<p><strong>Mindfulness and Stress Reduction:</strong> Techniques such as mindfulness meditation, yoga, and deep breathing exercises can help manage stress and improve emotional regulation.</p>\r\n	</li>\r\n</ul>\r\n\r\n<h2>Practical Tips for Parents and Educators</h2>\r\n\r\n<p><strong>1. Stay Informed:</strong></p>\r\n\r\n<ul>\r\n	<li>\r\n	<p>Educate yourself about depression. Understanding the symptoms and treatments can help you support your teen more effectively.</p>\r\n	</li>\r\n</ul>\r\n\r\n<p><strong>2. Be Patient and Persistent:</strong></p>\r\n\r\n<ul>\r\n	<li>\r\n	<p>Recovery from depression can be a long process. Be patient and continue to offer support, even if progress seems slow.</p>\r\n	</li>\r\n</ul>\r\n\r\n<p><strong>3. Foster a Supportive Environment:</strong></p>\r\n\r\n<ul>\r\n	<li>\r\n	<p>Create an environment at home and school that supports mental health. Encourage open communication and provide resources for help.</p>\r\n	</li>\r\n</ul>\r\n\r\n<p><strong>4. Encourage Social Connections:</strong></p>\r\n\r\n<ul>\r\n	<li>\r\n	<p>Facilitate opportunities for your teen to engage with peers in a positive and supportive manner. Social support is crucial for recovery.</p>\r\n	</li>\r\n</ul>\r\n\r\n<h2>Conclusion</h2>\r\n\r\n<p>Recognizing and addressing depression in teens is vital for their overall well-being and development. By understanding the signs and providing the necessary support, we can help teens navigate this challenging period. Whether through open communication, professional help, or lifestyle changes, every step taken towards addressing depression can make a significant difference in a teen&rsquo;s life. Let&#39;s commit to being proactive and supportive, ensuring that no teen has to face depression alone.</p>','2024-06-24 05:20:31',1,'2025-01-30 13:58:46','recognizing-and-addressing-depression-in-teens','teen-depression-1719206594.jpg','Recognizing and Addressing Depression in Teens','Recognizing and addressing depression in teens is vital for their overall well-being and development. By understanding the signs and providing the necessary support, we can help teens navigate this challenging period.',1,'Depression, Teen depression, Signs of depression in teens, addressing depression in teens');
/*!40000 ALTER TABLE `blog` ENABLE KEYS */;
UNLOCK TABLES;

--
-- Table structure for table `blog_category`
--

DROP TABLE IF EXISTS `blog_category`;
/*!40101 SET @saved_cs_client     = @@character_set_client */;
/*!50503 SET character_set_client = utf8mb4 */;
CREATE TABLE `blog_category` (
  `id` int NOT NULL AUTO_INCREMENT,
  `parent_category_id` int DEFAULT NULL,
  `category_name` varchar(255) CHARACTER SET utf8mb4 COLLATE utf8mb4_unicode_ci DEFAULT NULL,
  `description` longtext CHARACTER SET utf8mb4 COLLATE utf8mb4_unicode_ci,
  `image_url` varchar(255) CHARACTER SET utf8mb4 COLLATE utf8mb4_unicode_ci DEFAULT NULL,
  `is_active` tinyint(1) DEFAULT NULL,
  `display_order` int DEFAULT NULL,
  `slug` varchar(255) CHARACTER SET utf8mb4 COLLATE utf8mb4_unicode_ci DEFAULT NULL,
  PRIMARY KEY (`id`),
  KEY `IDX_72113DE6796A8F92` (`parent_category_id`),
  CONSTRAINT `FK_72113DE6796A8F92` FOREIGN KEY (`parent_category_id`) REFERENCES `blog_category` (`id`)
) ENGINE=InnoDB AUTO_INCREMENT=7 DEFAULT CHARSET=utf8mb4 COLLATE=utf8mb4_unicode_ci;
/*!40101 SET character_set_client = @saved_cs_client */;

--
-- Dumping data for table `blog_category`
--

LOCK TABLES `blog_category` WRITE;
/*!40000 ALTER TABLE `blog_category` DISABLE KEYS */;
INSERT INTO `blog_category` VALUES (1,NULL,'Family & Relationships','<div>Family and relationship matters</div>',NULL,1,1,'family-relationships'),(2,NULL,'Healthy Foods & Plants','<div>About healthy foods and plants that prevent and heal diseases</div>',NULL,1,2,'healthy-foods-plants'),(3,NULL,'Bible Study','<div>Bible study</div>',NULL,1,3,'bible-study'),(4,NULL,'Parenting','<div>Parenting</div>',NULL,1,4,'parenting'),(5,NULL,'Mental Health','<div>Mental health</div>',NULL,1,5,'mental-health'),(6,NULL,'Life Skills','<div>Life skills</div>',NULL,1,6,'life-skills');
/*!40000 ALTER TABLE `blog_category` ENABLE KEYS */;
UNLOCK TABLES;

--
-- Table structure for table `blog_category_blog`
--

DROP TABLE IF EXISTS `blog_category_blog`;
/*!40101 SET @saved_cs_client     = @@character_set_client */;
/*!50503 SET character_set_client = utf8mb4 */;
CREATE TABLE `blog_category_blog` (
  `blog_category_id` int NOT NULL,
  `blog_id` int NOT NULL,
  PRIMARY KEY (`blog_category_id`,`blog_id`),
  KEY `IDX_3808E168CB76011C` (`blog_category_id`),
  KEY `IDX_3808E168DAE07E97` (`blog_id`),
  CONSTRAINT `FK_3808E168CB76011C` FOREIGN KEY (`blog_category_id`) REFERENCES `blog_category` (`id`) ON DELETE CASCADE,
  CONSTRAINT `FK_3808E168DAE07E97` FOREIGN KEY (`blog_id`) REFERENCES `blog` (`id`) ON DELETE CASCADE
) ENGINE=InnoDB DEFAULT CHARSET=utf8mb4 COLLATE=utf8mb4_unicode_ci;
/*!40101 SET character_set_client = @saved_cs_client */;

--
-- Dumping data for table `blog_category_blog`
--

LOCK TABLES `blog_category_blog` WRITE;
/*!40000 ALTER TABLE `blog_category_blog` DISABLE KEYS */;
INSERT INTO `blog_category_blog` VALUES (1,1),(1,3),(1,4),(4,1),(4,3),(4,4),(5,4),(6,2);
/*!40000 ALTER TABLE `blog_category_blog` ENABLE KEYS */;
UNLOCK TABLES;

--
-- Table structure for table `book`
--

DROP TABLE IF EXISTS `book`;
/*!40101 SET @saved_cs_client     = @@character_set_client */;
/*!50503 SET character_set_client = utf8mb4 */;
CREATE TABLE `book` (
  `id` int NOT NULL AUTO_INCREMENT,
  `publisher_id` int DEFAULT NULL,
  `user_id` int DEFAULT NULL,
  `title` varchar(255) CHARACTER SET utf8mb4 COLLATE utf8mb4_unicode_ci NOT NULL,
  `slug` varchar(255) CHARACTER SET utf8mb4 COLLATE utf8mb4_unicode_ci NOT NULL,
  `isbn` varchar(255) CHARACTER SET utf8mb4 COLLATE utf8mb4_unicode_ci DEFAULT NULL,
  `description` longtext CHARACTER SET utf8mb4 COLLATE utf8mb4_unicode_ci NOT NULL,
  `language` varchar(255) CHARACTER SET utf8mb4 COLLATE utf8mb4_unicode_ci NOT NULL,
  `image` varchar(255) CHARACTER SET utf8mb4 COLLATE utf8mb4_unicode_ci DEFAULT NULL,
  `cost` double NOT NULL,
  `availability` varchar(255) CHARACTER SET utf8mb4 COLLATE utf8mb4_unicode_ci NOT NULL,
  `uploaded` datetime NOT NULL,
  `deleted` tinyint(1) NOT NULL,
  `banner` tinyint(1) DEFAULT NULL,
  `featured` tinyint(1) DEFAULT NULL,
  `format` varchar(255) CHARACTER SET utf8mb4 COLLATE utf8mb4_unicode_ci DEFAULT NULL,
  PRIMARY KEY (`id`),
  KEY `IDX_CBE5A33140C86FCE` (`publisher_id`),
  KEY `IDX_CBE5A331A76ED395` (`user_id`),
  CONSTRAINT `FK_CBE5A33140C86FCE` FOREIGN KEY (`publisher_id`) REFERENCES `publisher` (`id`),
  CONSTRAINT `FK_CBE5A331A76ED395` FOREIGN KEY (`user_id`) REFERENCES `user` (`id`)
) ENGINE=InnoDB AUTO_INCREMENT=208 DEFAULT CHARSET=utf8mb4 COLLATE=utf8mb4_unicode_ci;
/*!40101 SET character_set_client = @saved_cs_client */;

--
-- Dumping data for table `book`
--

LOCK TABLES `book` WRITE;
/*!40000 ALTER TABLE `book` DISABLE KEYS */;
INSERT INTO `book` VALUES (1,1,2,'Healthy Foods','healthy-foods',NULL,'<p>Our health and well-being depend, more than on any other factor, on the food that we take in every day. Whereas some foods can be the origin of disease, others are capable of preventing, alleviating, or even curing, our ailments. A research physician and an author of extensive experience, Dr. Pamplona-Roger describes with scientific clarity and precision the composition, curative properties, and usage of nearly one hundred “star” foods. Their regular consumption can do as much for our health as most medicines and other medical treatments. Additionally, an indication is given as to which foods we should take advantage of, and which ones ought to be shunned when suffering from some of the most common diseases and maladies. This book will help the reader to know the foods endowed with medicinal power better, and enjoy eating them as well.</p>','english','slide1-1718606214.jpg',7400,'available','2017-10-26 07:12:47',0,0,0,NULL),(2,1,2,'250 Recipes','250-recipes',NULL,'<p>This work presents 250 recipes that use over 130 different foods, which can prevent and cure a multitude of diseases. The vegetarian recipes included in this volume are recommended for nearly 150 diseases and are presented according to the organ or body part that most benefits from their use. Dr. Pamplona-Roger, research physician and highly-experienced author, collaborates with Dr. Malaxetxebarria to provide an in-depth analysis of the composition and nutritional, preventive and curative value of each recipe. The recipes proposed in this work are useful during all stages of life: for children, pre-teens and adolescents, adults, and elders. Diseases such as stress, infarcts, high cholesterol, ulcers, cancer, and many more, can find part of their prevention or cure in the recipes suggested in this book</p>','english','slide1-1718606124.jpg',7100,'available','2017-03-22 08:34:49',0,0,0,NULL),(3,1,2,'For Raising Your Child','for-raising-your-child',NULL,'<p>The authors of this book, experienced educators and parents, offer us all of the secrets to educating children, both at home and at school. They provide practical advice and describe how to educate our children at the different stages of their childhood. Nine fundamental topics are explored, beginning with education in the family, which teaches us the principles of the family relationship and its environment, and helps parents adopt a more efficient educational plan.</p>','english','slide1-1718605802.jpg',5600,'available','2017-03-22 09:05:52',0,0,0,NULL),(4,1,2,'Healthy And Strong','healthy-and-strong',NULL,'<p>Healthy and Strong represents an indispensable nutritional manual through the children development process, since pregnancy, lactation, and adolescence.  Its reading and implementation of the exposed advices may imply the prevention of future health problems in our sons and daughters. Once again, Dr. Pamplona-Roger, physician and surgeon, and renowned author of a variety of books and encyclopedias, shares his broad experience as an educator and communicator through this more than 330 page volume, which is filled with educational and instructional explanations and advice.</p>','english','slide1-1718605755.jpg',9600,'available','2017-03-22 09:05:31',0,0,0,NULL),(5,1,2,'To Adolescents And Parents','to-adolescents-and-parents',NULL,'<p>There may be no other time in life that is more complex and turbulent than adolescence. It is a transition stage, where all doubts and uncertainties are manifested and during which, nevertheless, crucial decisions must be made about the future. This unique work has been developed for adult to know and be able to understand the new generations, as well as for young people to be able to understand their elders. The author, Juli&aacute;n Melgosa, psychologist and a recognized communicator, describes for us the causes of the generation gap, while offering practical advice for bridging this distance, which many times can seem impossible to do. The book is comprised of 8 chapters, distributed over more than 190 pages. All of the information is accompanied by photographs, charts, and diagrams which help organize ideas and facilitate understanding.</p>','english','picture3-1718605696.jpg',5600,'available','2017-04-10 09:49:15',0,0,0,NULL),(7,1,2,'Heart To Heart','heart-to-heart',NULL,'<p>This book, written by Nancy Van Pelt, author of several successful works on the family, teaches us a series of communication techniques that can be applied in interpersonal relationships, from our most intimate environment to the social world where we interact on a daily basis. Over 180 pages in length, this book provides the reader with a series of innovative techniques and strategies for evaluating his own communication habits and a good method for understanding the needs of those that surround him. The book has eight chapters, in addition to an epilogue and a series of self-evaluation tests.</p>','english','slide1-1718605649.jpg',5600,'available','2017-03-22 11:09:55',0,0,0,'hardcover'),(8,NULL,2,'The Great Hope','the-great-hope',NULL,'<p>A nice book that gives the history of the Church since Christ ascended to the end time. You will never find a detailed history this deep and inspiring in one volume. This is a book you definitely need in your home.</p>','english','abc12-1718605523.png',100,'available','2017-03-29 08:37:54',0,0,0,NULL),(9,NULL,2,'Diabetes','diabetes',NULL,'<p>Diabetes is one of the most important diseases in the world. About 250,000,000 people suffer from it, even though many of them unknowingly suffer from a mild form of this disease Dr. Gelabert&rsquo;s clear, complete, and direct advice provides the best guidance alfor learning if you suffer from diabetes and how to prevent it. If you already know that you have this disease, you will discover how to control it by the use of the most advanced methods and scientific and natural treatments.</p>','english','slide1-1718605404.jpg',5600,'available','2017-04-03 06:26:41',0,0,0,NULL),(10,NULL,2,'Amazing Nature','amazing-nature',NULL,'<p>The book shows us some of nature&rsquo;s magnificent teachings, so that children and even adults can come to understand, appreciate and respect it to a greater and better extent. Written by Celedonio Garc&iacute;a-Pozuelo Ramos, this unique book teaches us a wide range of little-known facts about nature, in a rigorous but very didactic language supported by numerous surprising photographs and extraordinarily beautiful illustrations. It also features numerous experiments to carry out at home and short morals for children. Over more than 90 pages, the author reveals proof that nature possesses all of the attributes of a phenomenon born from a creationary will.</p>','english','slide1-1718605349.jpg',4300,'available','2017-04-03 06:29:32',0,0,0,NULL),(11,NULL,2,'Discover The Bible','discover-the-bible',NULL,'<p>This work, which is indispensable for the education of our children, presents over four hundred biblical stories, allowing our youngsters to take a look at and enter into the enormous range of tales presented. It is presented in six volumes adding up to over nine hundred and fifty pages, written in a very educational speech and completely illustrated with colourful and meaningful pictures, in which your children can discover everything from the Creation to Revelation. As you can see, Discover the Bible through its wonderful stories, is a very complete work, full of wisdom and beauty; an ideal tool for parents and educators, which puts Scripture within the reach of all children.</p>','english','picture1-1718605301.png',29650,'available','2017-04-03 06:43:58',0,0,0,NULL),(12,NULL,2,'Discover Your Worth','discover-your-worth',NULL,'<p>To achieve any level of success, you have to believe in yourself. Consequently, the subject of self-esteem is something to think about and act on. The goal of this book is to teach the reader the meaning of self-esteem, important factors that influence it and how it can be improved.</p>','english','slide1-1718605196.jpg',5600,'available','2017-04-03 06:47:02',0,0,0,NULL),(13,1,2,'Encyclopedia of Health and Education for the Family','encyclopedia-of-health-and-education-for-the-family',NULL,'<p>This essential book explores and explains over 400 diseases along with their natural, pharmaceutical and surgical treatments, including a myriad of advice in an educational format for children, parents, and grandparents. This practical guide for physicians, psychologists, and educators helps preserve and improve physical, mental, and social health. This four-volume, 1540-page work was developed by Dr. Isidro Aguilar, a specialist in gynaecology and a highly renowned author, along with Dr. Herminia Galbes, a specialist in pediatrics and child development, and the collaboration of 20 certified physicians, psychologists, and educators.</p>','english','slide40-1718605154.jpg',37000,'available','2018-04-07 18:05:55',0,0,0,NULL),(16,1,14,'Encyclopedia of Medicinal Plants','encyclopedia-of-medicinal-plants',NULL,'<p>In this two-volume work, comprised of over 800 pages and an interactive multimedia DVD, Dr. Pamplona-Roger, doctor of medicine and surgery and health education specialist, describes the botanical features of over 470 plants, classified according to disease. It also describes numerous natural treatments, in a clear and simple language with practical illustrations for all audiences, helping us to learn about the curative virtues of medicinal plants and their practical application.</p>','english','slide24-1718604986.jpg',25950,'available','2017-04-03 07:03:42',0,0,0,NULL),(17,1,14,'Encyclopedia Of Foods And Their Healing Powers','encyclopedia-of-foods-and-their-healing-powers',NULL,'<p>An up-to-date and broad encyclopedia that details the most current research on the science of foods, nutrition, and diet. This three-volume work with over 1264 pages is an explanation of nutrition and diet-therapy that describes nearly 700 foods from the five continents and about 300 recipes with the practical application of nutrition science in the kitchen. Dr. Pamplona-Roger, a physician specializing in general surgery and the digestive tract, a specialist in health education and a highly-experienced author, details the advantages and disadvantages of all types of foods, providing an in-depth analysis of the composition and preventive and curative value of foods and recipes.</p>','english','slide32-1718604713.jpg',34100,'available','2017-04-03 07:06:18',0,0,0,NULL),(18,NULL,14,'Enjoy It','enjoy-it',NULL,'<p>This work shows that paying attention to health and developing healthy habits can really be fun and creative at the same time. It is truly a joy to change to a healthier life philosophy. Dr. Pamplona-Roger, renowned author of numerous educational and scientific works, has developed this more-than 190-page book in which he explains how to stay healthy according to the most recent recommendations by the European Union and the World Health Organization.</p>','english','slide1-1718604630.jpg',4420,'available','2017-04-03 07:18:47',0,0,0,NULL),(19,NULL,1,'Enjoy Life','enjoy-life',NULL,'<p>We are meant to live intensely and positively throughout life. This holds true for our later years, the third age. Preparing for this period helps to ensure a stable and joyous life through our final days. Now that we have added years to our lives, it is time to add quality to the years that we have ahead of us. This thought defines Dr. Julian Melgosa’s new, internationally-distributed work, which is a valuable guide to enjoying life throughout the third age. Fourteen chapters offer a complete investigative tool full of practical advice that is specifically designed to help the reader achieve optimal health and find enjoyment in this stage of life.</p>','english','slide1-1718604580.jpg',9600,'available','2017-04-16 02:48:57',0,0,0,NULL),(22,1,14,'Feeling Good','feeling-good','215234-3214','<p>This book focuses on the ailments and diseases that are specific to the woman, along with how to prevent and cure them. It presents the principles of good health that are fundamental to physical, mental, social, and spiritual well-being. During her extensive career and the many years of contact with thousands of women, author Lidia La Marca has produced and developed many projects in the field of social health that provided her an overview of each stage of a woman’s life. The book is divided into nine chapters, which are distributed over more than 180 pages. It discusses over one hundred fifty ailments and diseases, explaining various diagnostic tests, emphasizing the need for regular medical examinations and showing ways to face and overcome a variety of situations.</p>','english','feeling-good-1718547940.jpg',5600,'available','2017-07-28 05:58:00',0,0,0,'hardcover'),(23,NULL,14,'Free From Addictions','free-from-addictions',NULL,'<p>This unique work presents a positive and practical focus, not only in the face of drugs, other addictions and their aftermath, but also promotes and facilitates self-control over human addictive tendencies. Drugs, both legal and illegal, are not the only things that can be addictive. Many other objects, behaviors, and situations can lead to addictions: gambling, sex, work, television, violence&hellip; Therefore, it is worth it to place a greater emphasis on addiction itself, that is: on what all dependency has in common. From there, we can learn to overcome it.</p>','english','slide1-1718604424.jpg',5600,'available','2017-04-11 23:47:01',0,0,0,'hardcover'),(24,NULL,14,'Healthy Body','healthy-body',NULL,'<p>This work shows us the extraordinary worth of the human body, explaining the function of each part and organ, and offering valuable advice for keeping it healthy and in shape, based on the most up-to-date research. This is a compendium of preventive medicine, written for those who wish to take care of their bodies; a veritable maintenance manual for the most complex and efficient machine of all. Once again, Dr. Pamplona-Roger, physician and surgeon, and renowned author of a variety of books and encyclopedias, shares his broad experience as an educator and communicator through this more than 330-page volume, which is filled with educational and instructional explanations and advice.</p>','english','slide1-1718604200.jpg',9600,'available','2017-04-03 07:49:08',0,0,0,NULL),(25,NULL,14,'Healthy By Nature','healthy-by-nature',NULL,'<p>Nature shows us her eight remedies to preserve our integral health: water and earth, sun, physical exercise, air, rest, abstinence from toxic substances, nourishment, and a positive mental attitude. This unique work, written by Dr. Ernst Schneider, an eminent researcher and author of various pioneering books on natural medicine, brings the healing virtues of natural agents and the practical manner of their application within the reach of everybody. The work is made up of two volumes, which add up to over 650 pages. The first volume describes over one hundred natural therapies of proven effectiveness as well as the techniques for application of all of them. This unique work, written by Dr. Ernst Schneider, an eminent researcher and author of various pioneering books on natural medicine, brings the healing virtues of natural agents and the practical manner of their application within the reach of everybody. The work is made up of two volumes, which add up to over 650 pages. The first volume describes over one hundred natural therapies of proven effectiveness as well as the techniques for application of all of them.</p>','english','slide1-1718604118.jpg',12900,'available','2017-04-03 08:15:05',0,0,0,NULL),(26,NULL,14,'Healthy Plants','healthy-plants',NULL,'<p>Nature has endowed medicinal plants with the strength and healing power that the human body needs. Medicinal plants are within our reach and many of us can benefit from using these natural remedies correctly. This work, comprised of a 400 page volume and a multimedia interactive DVD, shows us how to use plants to benefit our health. Dr. Pamplona-Roger, physician and specialist in health education, describes for us a multitude of natural treatments, in simple, straightforward language, that places the healing characteristics of medicinal plants and their practical use within everyone’s reach.</p>','english','slide1-1718604095.jpg',7400,'available','2017-04-10 07:01:00',0,0,0,NULL),(27,NULL,14,'Less Stress','less-stress',NULL,'<p>A certain amount of stress is necessary to maintain a productive life, but excessive tension causes stress and keeps us from enjoying life. Stress is a disease of our times; it affects both men and women, the young and old, and even children and adolescents. In this work of nearly 190 pages, the author, Julian Melgosa, Doctor of Psychology and a well-known communicator, shows us solutions to the stress issue through an alternative lifestyle in which meditation, physical activity, nutrition, and a positive mental attitude, are the best weapons for keeping it under control.</p>','english','picture2-1718603819.jpg',5600,'available','2017-04-03 08:10:25',0,0,0,'hardcover'),(28,NULL,14,'Making Friends','making-friends',NULL,'<p>Made up of seven books and an interactive CD-ROM, this series has been developed to teach values in an entertaining way. Its enjoyable and informative stories will connect our children to nature, the origin of life, history, and a very special friend. Making Friends Series is an educational, practical, unique and beautifully illustrated way for your children to learn the value of life, nature and history, and at the same time acquire the highest values.</p>','english','slide1-1718603779.jpg',24050,'available','2017-04-03 08:16:24',0,0,0,NULL),(29,NULL,14,'My Little Health Book','my-little-health-book',NULL,'<p>This book sets out the necessary elements for enjoying good health and a youthful, happy spirit from childhood in a language that’s accessible to children. Written by Julie McPherson and illustrated by Gustavo Mazali, it teaches children the importance of a balanced diet, water, sun, air, exercise and enough rest – in short, how the body works and the best habits to take care of yourself. All of the topics are approached in a very didactic manner, using simple, clear explanations, accompanied by beautiful illustrations.</p>','english','slide1-1718603007.jpg',3900,'available','2017-04-03 08:18:07',0,0,0,NULL),(30,NULL,14,'Nature\'s Amazing Migrations','natures-amazing-migrations',NULL,'<p>This book offers one of the most extraordinary events that occurs every so often in nature: migration in the animal kingdom. The author, Celedonio García-Pozuelo, whose curiosity leads him to study everything that moves and lives, takes us magically by the hand into each of the mysteries of the phenomenon of migration, and shows us the scope of the journeys undertaken by some animals on our planet. The author goes in depth about these phenomena with extensive knowledge and skill, using precise yet educational language, presenting information in paragraphs that stand out, so that their reading is very appealing and can be discussed among parents and their children.</p>','english','slide1-1718602526.jpg',4300,'available','2017-04-03 08:24:51',0,0,0,NULL),(31,NULL,14,'Positive Mind','positive-mind',NULL,'<p>This unique work gives us the tools to face challenges that we often do not know how to face. This 331-page volume is a manual that offers an extensive listing of problematic situations that everyone may face sometime during life. The author, Julian Melgosa, is a widely-known communicator, with decades of success as a teacher and a writer, who provides his thoughtful and deep analysis of adversities and behavioral choices for developing a positive and healthy mind. In the prologue, Dr. Jose Luis Pinillos writes: &ldquo;I am sure that no one will regret reading this excellent book. It will not protect them from all pain, but it will prevent evil from taking over their spirit.&rdquo;</p>','english','slide1-1718602499.jpg',9600,'available','2017-04-16 02:53:32',0,0,0,NULL),(32,2,14,'Highly Effective Marriage','highly-effective-marriage',NULL,'<p>Amazingly, recent studies show that marital happiness has little to do with whom you marry and everything to do with how you cope with conflict. By learning and practicing a few simple rules, you can join the 10 percent who enjoy true marital happiness. If you long for marital intimacy, tenderness, and respect, or just need a 100,000-mile marital tune-up, this book is filled with powerful secrets to keep your spouse madly in love with you. You&#39;ll learn How to change the status quo by changing your tactics Six rules for fighting fair The magic of &#39;share prayer&#39; Thirteen creative ideas for a date with your spouse How a few words of affection can lower your medical bills Nine ways to put play back into your marriage Twenty one ways to love your wife How to decide who submits to whom How to replenish an overdrawn love bank Five ways to make your spouse feel accepted How to put pizzazz back in the bedroom Plus scores of other suggestions to banish boredom, rekindle the old flame, and create the marriage of your dreams!</p>','english','highly-effective-marriage-1721989013.png',4600,'available','2017-04-16 02:52:43',0,1,0,'hardcover'),(33,NULL,14,'To Couples','to-couples',NULL,'<p>This work shows us how to have a stable and happy relationship during the different stages that a couple goes through. It is a very practical book, which takes us through the itinerary of couple lives, from courtship to old age. The authors, Julian and Annette Melgosa, recognized educators and authors of several books about the family, describe for us each of the stages of a couple’s life, and offer an abundance of explanations and advice for facing the most common problems.</p>','english','slide1-1718602441.jpg',5600,'available','2017-04-05 09:21:51',0,0,0,NULL),(34,NULL,14,'To Adolescents and Parents (SC)','to-adolescents-and-parents-soft',NULL,'<p>There may be no other time in life that is more complex and turbulent than adolescence. It is a transition stage, where all doubts and uncertainties are manifested and during which, nevertheless, crucial decisions must be made about the future. This unique work has been developed for adult to know and be able to understand the new generations, as well as for young people to be able to understand their elders. The author, Julián Melgosa, psychologist and a recognized communicator, describes for us the causes of the generation gap, while offering practical advice for bridging this distance, which many times can seem impossible to do. The book is comprised of 8 chapters, distributed over more than 190 pages. All of the information is accompanied by photographs, charts, and diagrams which help organize ideas and facilitate understanding.</p>','english','picture3-1718602409.jpg',4420,'available','2017-04-03 08:39:08',0,0,0,NULL),(35,NULL,7,'THINK BIG','think-big',NULL,'<p>This Book is for you if your life is a series. of shattered dreams. This book is for you if you have no dreams at all. Its for you if you\'ve bought the lie that you will never amount to anything. Thats not true. Your life is BIG far bigger than you\'ve imagined.</p>','english','think-big-1718602377.jpg',1450,'available','2017-04-03 13:09:19',0,0,0,NULL),(36,NULL,2,'Highly Effective Marriage','highly-effective-marriage',NULL,'<p>Amazingly, recent studies show that marital happiness has little to do with whom you marry and everything to do with how you cope with conflict. By learning and practicing a few simple rules, you can join the 10 percent who enjoy true marital happiness. If you long for marital intimacy, tenderness, and respect, or just need a 100,000-mile marital tune-up, this book is filled with powerful secrets to keep your spouse madly in love with you. You&#39;ll learn How to change the status quo by changing your tactics Six rules for fighting fair The magic of &#39;share prayer&#39; Thirteen creative ideas for a date with your spouse How a few words of affection can lower your medical bills Nine ways to put play back into your marriage Twenty one ways to love your wife How to decide who submits to whom How to replenish an overdrawn love bank Five ways to make your spouse feel accepted How to put pizzazz back in the bedroom Plus scores of other suggestions to banish boredom, rekindle the old flame, and create the marriage of your dreams!</p>','english','image5-1718602343.jpg',4600,'available','2017-04-05 05:10:52',0,0,0,NULL),(37,NULL,14,'To Have And To Hold','to-have-and-to-hold',NULL,'<p>A &#39;marriage manual&#39; for wives and husbands alike. To Have &amp; To Hold will not only outline a woman&#39;s responsibility in holding the marriage together but will also help men find a better balance among the pursuit of goals, career fulfillment and a happy family life. To Have &amp; To Hold is a book that goes beyond theory and explores hundreds of concrete, practical methods on which husband and wife can work together in achieving a happy married life. To Have &amp; To Hold is aimed at three specific groups of people: Young couples preparing for marriage, The average couple looking to liven up their average marriage Troubled couples that are looking to solve their problems and enjoy a happiness not yet realised. &#39;When you take the time and effort to make a marriage good, the rewards are enormous.&#39;</p>','english','image9-1718602319.jpg',4100,'available','2017-04-05 05:17:11',0,0,0,NULL),(38,NULL,14,'The Family Book','the-family-book',NULL,'<p>This book shares the nuts and bolts of being a successful marriage partner and parent. It is intended to help you reflect upon, and consider, your own family, with its unique needs and skills. You are the expert on your family. Why not browse among the pages of this book and take what is helpful to you, and leave the rest for another day? The 173-page, full-color book covers: The Biblical foundations of the family Parenting, including love, conflict management and communication Helping your family to grow spiritually Family worship, prayer and things to do together Building a strong marriage, including preparation for marriage and secrets of a successful marriage Reaching out to other relationships Creating a welcoming home How to be a great grandparent AIDS and the family</p>','english','image13-1718602298.jpg',4200,'available','2017-04-05 05:31:48',0,0,0,NULL),(39,2,14,'The Total Marriage','the-total-marriage',NULL,'<p>The authors stress that marriage is not about finding the right person, but about being the right person. They answer such questions as, What do you do when your marriage is not all you expected? How can conflicts within marriage be resolved? How can marital sex be made more fulfilling? How can a dead or dying marriage be brought back to life? Is there life beyond children? Experience a Total Marriage &mdash; looking, liking, learning, living and loving.</p>','english','image17-1718602222.jpg',4100,'available','2017-04-05 05:35:50',0,0,0,NULL),(40,2,14,'The Smart Parent','the-smart-parent',NULL,'<p>We all like to be smart about our decisions and knowing how to best bring up our children is one of the most important. In her new book, The Smart Parent, Nancy Van Pelt presents the latest research and studies that will help us be better equipped to be smart parents. A practical and up-dated book that will help parents find clues on how to become successful, happy parents in today&rsquo;s society. If you want to become a smart parent, and feel happier and more in control of yourself and your family, then try the guidelines presented in this book.</p>','english','image25-1718602177.jpg',4500,'available','2017-04-05 05:55:39',0,0,0,NULL),(41,2,14,'Train Up A Child','train-up-a-child',NULL,'<p>This comprehensive guide to good parenting presents a wealth of insights and ideas for creating healthy, confident people. It is never too late to start making positive improvements.</p>','english','image29-1718602144.jpg',4500,'available','2017-04-05 06:11:22',0,0,0,NULL),(42,2,14,'A Guide To Parenting','a-guide-to-parenting',NULL,'<p>This book is for children, young people, and the parents, pastors and teachers who love them. Be on the winning team with your children after exploring subjects such as entertainment, education, discipline, abuse, sexuality, grief, service and family time.</p>','english','image32-1718602095.png',4200,'available','2017-04-05 06:12:03',0,0,0,NULL),(43,2,14,'Smart Love','smart-love',NULL,'<p>Straight talk to young adults about dating, love and sex. Smart dating requires more than just cash, cars and clothes... Find out lot of finer points to learn so can handle the pressure. Smart Love is a practical book for our youth. A &ldquo;dating for beginners&rdquo; guide.</p>','english','image37-1718601914.jpg',4100,'available','2017-04-05 06:09:07',0,0,0,NULL),(44,2,2,'Young Man','young-man',NULL,'<p>Growing up as a boy is not easy today. Young Man is a young boy&rsquo;s guide to teenage sexuality and other &ldquo;growing pains&rdquo;. Excellent for boys and fathers too</p>','english','image41-1718601892.jpg',4100,'available','2017-04-05 06:14:37',0,0,0,NULL),(45,2,2,'Young Woman','young-woman',NULL,'<p>What is the truth about sex, and how should teenagers relate to the issues of sex and sexuality? What about sex before marriage? What are the risks? How is God involved?</p>','english','image42-1718601867.jpg',4100,'available','2017-04-05 06:15:20',0,0,0,NULL),(46,2,2,'Single And Gifted','single-and-gifted',NULL,'<p>How to survive as a single – and turn singleness to your advantage. Hope for those desperately seeking someone. How to cope with being alone – and with the crisis of marital separation. Sex and the single person. Surviving as a single parent. How to tell love from infatuation</p>','english','image44-1718601838.jpg',4100,'available','2017-04-05 06:18:24',0,0,0,NULL),(47,1,2,'Cracking The Stress Problem','cracking-the-stress-problem',NULL,'<p>We face stress at every stage of life – from infancy to old age. The intensity is different in men, women, adolescents, etc. Our success and quality of life depends on how we deal with stress. This book tackles these issues by placing them in a number of contexts and giving stress management programs.</p>','english','image50-1718601754.jpg',4100,'available','2017-04-05 06:21:42',0,0,0,NULL),(48,NULL,14,'Understanding Nutrition','understanding-nutrition',NULL,'<p>More than 30 years experience have taught Dr Clemency Mitchell that a change in diet and lifestyle would be by far the best prescription for most chronic health problems. Nowadays we are bombarded with information about health, including numerous nutritional theories that often seem to change from day to day. What information and principles should we trust?</p>','english','image54-1718601671.jpg',4500,'available','2017-04-05 06:24:13',0,0,0,NULL),(49,1,14,'Home Health Care','home-health-care',NULL,'<p>An essential book for keeping your family safe and helping you deal with those emergencies in the home. This books combines First AID measures with simple remedies that can be applied even at home. The third section of this practical book is an A-Z to medical conditions and treatments</p>','english','image59-1718562143.jpg',2700,'available','2017-04-05 06:26:52',0,0,0,NULL),(50,2,14,'Health Power (soft cover)','health-power-soft-cover',NULL,'<div>Health is by choice – not by chance! The most practical and effective book to follow if you want to change your lifestyle. Includes over 200 health issues, explaining the symptoms and the causes. It also presents what we need to do to reverse or prevent the potential problem. Advice for all members of the family. Now there is no excuse not to enjoy life to the fullest.</div>','english','image63-1718562069.jpg',2100,'not_available','2017-04-05 06:29:27',1,0,0,NULL),(51,2,14,'Health Power','health-power-hard-cover',NULL,'<div>Health is by choice – not by chance! The most practical and effective book to follow if you want to change your lifestyle. Includes over 200 health issues, explaining the symptoms and the causes. It also presents what we need to do to reverse or prevent the potential problem. Advice for all members of the family. Now there is no excuse not to enjoy life to the fullest.</div>','english','image63-1718562019.jpg',5200,'available','2017-04-05 06:30:04',0,0,0,NULL),(52,NULL,17,'Steps To Christ','steps-to-christ',NULL,'<p>Thousands have become acquainted with Jesus through this little book, Steps to Christ. And it has helped many more, including those who have walked with Him for years, to know Him better. In just thirteen short chapters, you discover the steps to finding a forever friendship with Jesus. You read about His love for you, repentance, faith and acceptance, growing like Him, the privilege of prayer, what to do with doubt, and how to spend your days rejoicing in your best Friend, Jesus. Following are some excerpts from this timeless Christian classic, which has been printed in more than 100 languages: &#39;In the matchless gift of His Son, God has encircled the whole world with an atmosphere of grace as real as the air which circulates around the globe. All who choose to breathe this life-giving atmosphere will live, and grow up to the stature of men and women in Christ Jesus.&#39; &#39;The relations between God and each soul are as distinct and full as though there were not another soul upon the earth to share His watchcare, not another soul for whom He gave His beloved Son.&#39; &#39;Prayer is the opening of the heart to God as to a friend. Not that it is necessary, in order to make known to God what we are, but in order to enable us to receive Him. Prayer does not bring God down to us, but brings us up to Him.&#39; &#39;Prayer is the key in the hand of faith to unlock heaven&#39;s storehouse, where are treasured the boundless resources of Omnipotence.&#39; &#39;Pray in your closet; and as you go about your daily labor, let your heart be often uplifted to God. It was thus that Enoch walked with God. These silent prayers rise like precious incense before the throne of grace.&#39; &#39;Take to Him everything that perplexes the mind. Nothing is too great for Him to bear, for He holds up worlds, He rules over all the affairs of the universe. Nothing that in any way concerns our peace is too small for Him to notice. There is no chapter in our experience too dark for Him to read; there is no perplexity too difficult for Him to unravel.&#39; &#39;As the flower turns to the sun, that the bright beams may aid in perfecting its beauty and symmetry, so should we turn to the Sun of Righteousness, that heaven&#39;s light may shine upon us, that our character may be developed into the likeness of Christ.&#39;</p>','english','image111-1718561940.png',300,'available','2017-04-05 06:59:51',0,0,0,NULL),(53,2,31,'Daniel Reveals The Future','daniel-reveals-the-future',NULL,'<p>Prophecy of Daniel as reflected in the History of the earth. New text, revised by doctor David Marshall, one of our best theology scholars and well known author. New illustrations and a fresh and ␋user-friendly presentation of Daniel verse by verse.</p>','english','image91-1718561863.png',3050,'available','2017-04-05 07:05:30',0,0,0,NULL),(54,NULL,NULL,'Renew','renew',NULL,'<p>Throughout history and across cultures, women have borne the responsibility of nurturing their homes and communities. This vital work can leave us feeling drained, empty, with nothing left to give. But God has promised renewal - of your strength, your spirit and your life.</p>','english','renew-1718561818.jpg',1100,'available','2017-10-02 05:16:41',0,0,0,NULL),(56,NULL,12,'Healthy Juices','healthy-juices','215234-3214','<p>People&#39;s health is being damaged more and more by the contemporary lifestyle. In spite of counting on the best monetary resources, millions of human beings around the world face serious health problems that could be prevented. For that reason, it is important to discover the healthy power of drinks, which, apart from delighting us with their delicious flavors, contribute to the well-being of the body and help to combat and prevent many disorders.</p>','english','juices-1718548142.png',9600,'available','2017-10-02 13:12:43',0,1,0,NULL),(57,1,2,'Healthy Juices','healthy-juices','234132-2341','<p>People\'s health is being damaged more and more by the contemporary lifestyle. It is important to discover the healthy power of drinks, which, apart from delighting us with flavors, contribute to the well-being of the body and help to combat and prevent many disorders.</p>','english','healthy-juices-1718547957.jpg',9600,'available','2017-10-26 07:11:20',0,0,0,NULL),(58,NULL,2,'Daily Devotional Calendar 2020','daily-devotional-calendar-2020',NULL,'<p>It gives a Bible devotion for the whole year, a year planner, and offers good features.</p>','english','calendar-24-1718561459.jpg',300,'available','2019-12-23 04:39:30',1,0,0,NULL),(59,1,2,'Feeling Good','feeling-good','215234-3214','<p>This book focuses on the ailments and diseases that are specific to the woman, along with how to prevent and cure them. It presents the principles of good health that are fundamental to physical, mental, social, and spiritual well-being. During her extensive career and the many years of contact with thousands of women, author Lidia La Marca has produced and developed many projects in the field of social health that provided her an overview of each stage of a woman&amp;rsquo;s life. The book is divided into nine chapters, which are distributed over more than 180 pages. It discusses over one hundred fifty ailments and diseases, explaining various diagnostic tests, emphasizing the need for regular medical examinations and showing ways to face and overcome a variety of situations.</p>','english','feeling-good-1718548360.png',5600,'available','2024-06-16 14:32:40',0,1,0,'hardcover'),(60,NULL,NULL,'40 Days of Prayer & Devotions Bk 2','40-days-of-prayer--devotions-bk-2',NULL,'N/A','english','40_Days_of_Prayer_&_Devotions_Bk_2.jpg',860,'available','2024-06-26 15:49:37',0,0,0,NULL),(61,NULL,NULL,'The Cross & its Shadow','the-cross-its-shadow',NULL,'N/A','english','The_Cross_&_its_Shadow.jpeg',700,'available','2024-06-26 15:49:37',0,0,0,NULL),(62,NULL,NULL,'40 Days of Prayer & Devotions Bk 3','40-days-of-prayer-devotions-bk-3',NULL,'N/A','english','40_Days_of_Prayer_&_Devotions_Bk_3.jpeg',860,'available','2024-06-26 15:49:37',0,0,0,NULL),(63,NULL,NULL,'God Cares','god-cares',NULL,'God Cares lets the books of Daniel and Revelation speak directly to the minds and hearts of modern men and women. The reader of these volumes will discover that prophecy not only foretells the future, but that it clearly reveals God and His infinite care for us. How God provides for His people-pleading with them to accept His forgiveness and power t like changed lives-is a theme the author traces unfailingly throughout his exposition of these two dramatic books of the Bible.','english','God_Cares.jpeg',4600,'available','2024-06-26 15:49:37',0,0,0,NULL),(64,NULL,NULL,'40 Days of Prayer & Devotions Bk 14','40-days-of-prayer-devotions-bk-14',NULL,'N/A','english','40_Days_of_Prayer_&_Devotions_Bk_14.jpg',860,'available','2024-06-26 15:49:37',0,0,0,NULL),(65,NULL,NULL,'40 Days of Prayer & Devotions Bk 13','40-days-of-prayer-devotions-bk-13',NULL,'N/A','english','40_Days_of_Prayer_&_Devotions_Bk_13.jpg',860,'available','2024-06-26 15:49:37',0,0,0,NULL),(66,NULL,NULL,'The Gift of Prophecy','the-gift-of-prophecy',NULL,'From our very beginning Seventh-day Adventists have believed in the gift of prophecy apparent in the life and ministry of Ellen G. White (1827 - 1915)  For seven decades she gave messages of counsel and warning. Near the end of her life she declared, \'Whether or not my life is spared, my writings will constantly speak,  and their work will go forward as long as time shall last\' (Selected Messages, volume 3, p. 55). Dr. Pfandl answers questions regarding the prophetic gift and shares many of the blessings that have come to the Seventh-day Adventist Church through the life and ministry of Ellen G. White.','english','The_Gift_of_Prophecy.jpeg',690,'available','2024-06-26 15:49:37',0,0,0,NULL),(67,NULL,NULL,'The Gift of Prophecy','the-gift-of-prophecy',NULL,'N/A','english','The_Gift_of_Prophecy.jpeg',690,'available','2024-06-26 15:49:37',0,0,0,NULL),(68,NULL,NULL,'Last Day Events','last-day-events',NULL,'N/A','english','Last_Day_Events.jpeg',730,'available','2024-06-26 15:49:37',0,0,0,NULL),(69,NULL,NULL,'The Great Controversy','the-great-controversy',NULL,'<p>Volume 5 of the Conflict of the Ages series carries the story of the controversy between God and Satan to its ultimate and glorious conclusion. Beginning with the destruction of Jerusalem and continuing through the persecutions of Christians in the Roman Empire, the apostasy of the Dark Ages, the shining light of the Reformation, and the worldwide religious awakening of the nineteenth century, this volume traces the conflict into the future, to the Second Coming of Jesus and the glories of the earth made new.</p>','english','The_Great_Controversy.jpeg',1500,'available','2024-06-26 15:49:37',0,0,0,NULL),(70,NULL,NULL,'Child Guidance','child-guidance',NULL,'Ellen White provides her expert advice, giving us a tremendous amount of valuable tips and information not only on how to raise our children in the right way, but also teaching parents how to educate their children in the way God intended for them. With advice on a range of different aspects, including how to dress our children, good morals for them to have, and how to keep them fit, Child Guidance establishes itself as the charter for true Adventist parenting.','english','Child_Guidance.png',1250,'available','2024-06-26 15:49:37',0,0,0,NULL),(71,NULL,NULL,'Messages to Young People','messages-to-young-people',NULL,'Young people were built for God, and without God as the centre of their lives they become frustrated and confused, ever searching, desperately grasping for completion. Some say to young people: ‘The world is at your feet!’ But this is only true if they grasp God and have heaven in their hearts.','english','Messages_to_Young_People.jpg',1160,'available','2024-06-26 15:49:37',0,0,0,NULL),(72,NULL,NULL,'Education','education',NULL,'This book is dedicated to parents, teachers and students, all pupils in earth’s preparatory school. May it aid them in securing life’s greatest benefits, development and joy in service here and thus a fitness for that wider service, the “higher course” open to every human being in the school of the hereafter. ‘Education means more than… a certain course of study. It means more than a preparation for the life that now is. It has to do with the whole being, and the whole period of existence possible to man.’','english','Education.png',980,'available','2024-06-26 15:49:37',0,0,0,NULL),(73,NULL,NULL,'Ministry of Healing','ministry-of-healing',NULL,'The Ministry of Healing is a book written for those who minister to a world that is sick. The sickness with which the author is concerned is a sickness of mind, soul and spirit, as well as body. In clear, beautiful language, remedies for sickness of both body and soul are described. The book also includes many ways in which natural remedies can be used to help with a multitude of ailments, as well as an incredible amount of information about both the Bible and God.','english','Ministry_of_Healing.png',870,'available','2024-06-26 15:49:37',0,0,0,NULL),(74,NULL,NULL,'Letters to young lovers','letters-to-young-lovers',NULL,'AHHH.... YOUNG LOVE.  What a beautiful thing! But anyone who has experienced young love knows it can also be confusing and heartbreaking. How do you know if s/he is the one? What do you do if you\'ve fallen in love with a non-Christian? Is it wrong to lead someone on if you\'re both having fun? What\'s the difference between infatuation and true love? Where do you turn for advice? Throughout her life, Ellen G. White had opportunity to offer advice to young lovers. While some of the advice was to youth in general, much of it was written in personal letters - many of which are reproduced within Letters to Young Lovers.','english','Letters_to_young_lovers.jpg',640,'available','2024-06-26 15:49:37',0,0,0,NULL),(75,NULL,NULL,'Your Bible and You HC','your-bible-and-you-hc',NULL,'Have you ever read a Bible? Do you think it is boring? Incomprehensible? Not really relevant today? Do you say: Not on your life!… If you ever thought the Bible was dry and impersonal, this exciting book is going to change your mind. Discover what the Bible says about your life, family, health, problems and future. Explore the Bible’s fascinating stories and find new meaning for your life. Feel God’s life-changing power and relentless love. This resource presents a unique and practical way showing you how to read your Bible for maximum comprehension, enjoyment and spiritual growth','english','Your_Bible_and_You_HC.jpg',4500,'available','2024-06-26 15:49:37',0,0,0,NULL),(76,2,NULL,'Acts of Apostles (sc)','acts-of-apostles-sc-',NULL,'<p>The disciples Jesus chose were no better than you are. They made mistakes; they could be arrogant, lazy, and selfish. But once they were filled with the Holy Spirit, they took the good news of the Gospel to the four corners of the earth Their legacy endures today. As followers of Christ, we also are commissioned to share the &ldquo;good news&rdquo; of salvation in Christ and of His imminent return As you read this book, you will be inspired to put your trust in Jesus. Ask Him to fill you with the Holy Spirit so you may share your faith, hope, and love with others The Acts of the Apostles has inspired generations of Christians to endure hardships gladly for the sake of bringing people to the Lord. But you need not travel the world to find people in need of the Saviour they are in the very town where you live. Let God lead you to them.</p>','english','Acts_of_Apostles_(sc).png',1860,'available','2024-06-26 15:49:37',0,0,0,'paperback'),(77,2,NULL,'Prophets & Kings (sc)','prophets--kings-sc-',NULL,'<p>The Israelites were not only children of Abraham; they were children of destiny. Heroes like Elijah and Daniel championed God&rsquo;s plan for the world, but occasionally the chosen nation strayed to lesser gods. However, remorse always followed, and a pursuing Father welcomed them home: firm in His love; firm in His discipline. Beginning with the reign of King Solomon and continuing down through the Exile, Prophets and Kings tells this gripping story: the tale of kings and faithful prophets. In bold strokes, it describes the raging battle between good and evil during a crucial period of salvation history. Through triumph and tragedy, it shows God&rsquo;s love for a wayward people and offers a resounding call to heed the prophets they so often ignored.</p>','english','Prophets_&_Kings_(sc).png',2250,'available','2024-06-26 15:49:37',0,0,0,'paperback'),(78,2,NULL,'Patriarchs & Prophets (sc)','patriarchs--prophets-sc-',NULL,'<p>God is love. Every manifestation of His creative power is an expression of infinite love. The history of the great conflict between good and evil, and God&rsquo;s plan to resolve it, also demonstrates His unchanging love. Patriarchs and Prophets tells the early part of this ancient and true love story. Covering the sweeping panorama of human history from the creation of Earth to the reign of Israel&rsquo;s King David, this eye-opening book reveals how this conflict was fought in the lives of men and women during Old Testament times. In addition to answering the great questions, &ldquo;Where did we come from?&rdquo; and &ldquo;Where are we going?&rdquo; this classic work reveals the wonderful plans and purposes of God to devise a way of salvation for all who choose it.</p>','english','Patriarchs_&_Prophets_(sc).png',2250,'available','2024-06-26 15:49:37',0,0,0,'paperback'),(79,2,NULL,'Desire of Ages (sc)','desire-of-ages--sc-',NULL,'<p>Have you ever read a Bible? Do you think it is boring? Incomprehensible? Not really relevant today? Do you say: Not on your life!&hellip; If you ever thought the Bible was dry and impersonal, this exciting book is going to change your mind. Discover what the Bible says about your life, family, health, problems and future. Explore the Bible&rsquo;s fascinating stories and find new meaning for your life. Feel God&rsquo;s life-changing power and relentless love. This resource presents a unique and practical way showing you how to read your Bible for maximum comprehension, enjoyment and spiritual growth</p>','english','Desire_of_Ages_(sc).jpeg',1860,'available','2024-06-26 15:49:37',0,0,0,'paperback'),(80,NULL,NULL,'40 Days of Prayer and Devotions Bk 4','40-days-of-prayer-and-devotions-bk-4',NULL,'N/A','english','40_Days_of_Prayer_and_Devotions_Bk_4.jpeg',860,'available','2024-06-26 15:49:37',0,0,0,NULL),(81,NULL,NULL,'40 Days of Prayer and Devotions Bk 6','40-days-of-prayer-and-devotions-bk-6',NULL,'What difference can 40 days make? A lot, if you\'re praying. Join Dennis Smith on a 40-day spiritual journey that will change your life. As you commit to 40 days of personal devotional study and prayer, your prayer life will become more consistent and effective, your faith will grow as you witness answered prayers, and your connection with fellow believers will deepen. Each day\'s uplifting devotional reading is followed by a related prayer activity and personal reflection and discussion questions. If you\'ve longed for a spiritual breakthrough but didn\'t know where to begin, start here.The author takes you through the lords supper in this guide','english','40_Days_of_Prayer_and_Devotions_Bk_6.jpeg',860,'available','2024-06-26 15:49:37',0,0,0,NULL),(82,NULL,NULL,'40 Days of Prayer and Devotions Bk 9','40-days-of-prayer-and-devotions-bk-9',NULL,'If you\'ve longed for a spiritual breakthrough but didn\'t know where to begin, start here. Smith will guide you through 40 days of practical biblical teachings that are essential for every Christian to study. In the style of Smith\'s popular 40 Days: Prayer and Devotions to Prepare for the Second Coming, this book can help revive the spiritual experience of individuals, small groups, and entire churches. Find out for yourself what an amazing difference 40 Days can make','english','40_Days_of_Prayer_and_Devotions_Bk_9.jpeg',790,'available','2024-06-26 15:49:37',0,0,0,NULL),(83,NULL,NULL,'40 Days of Prayer and Devotions Bk 7','40-days-of-prayer-and-devotions-bk-7',NULL,'If you\'ve longed for a spiritual breakthrough but didn\'t know where to begin, start here. Smith will guide you through 40 days of practical biblical teachings that are essential for every Christian to study. In the style of Smith\'s popular 40 Days: Prayer and Devotions to Prepare for the Second Coming, this book can help revive the spiritual experience of individuals, small groups, and entire churches. Find out for yourself what an amazing difference 40 Days can make throuth Jesus amazing Miracles.','english','40_Days_of_Prayer_and_Devotions_Bk_7.jpeg',790,'available','2024-06-26 15:49:37',0,0,0,NULL),(84,NULL,NULL,'40 Days of Prayer and Devotions Bk 8','40-days-of-prayer-and-devotions-bk-8',NULL,'If you\'ve longed for a spiritual breakthrough but didn\'t know where to begin, start here. Smith will guide you through 40 days of practical biblical teachings that are essential for every Christian to study. In the style of Smith\'s popular 40 Days: Prayer and Devotions to Prepare for the Second Coming, this book can help revive the spiritual experience of individuals, small groups, and entire churches. Find out for yourself what an amazing difference 40 Days can make throuth Jesus amazing Miracles.','english','40_Days_of_Prayer_and_Devotions_Bk_8.jpg',790,'available','2024-06-26 15:49:37',0,0,0,NULL),(85,NULL,NULL,'40 Days of Prayer and Devotions Bk 5','40-days-of-prayer-and-devotions-bk-5',NULL,'If you\'ve longed for a spiritual breakthrough but didn\'t know where to begin, start here. Smith will guide you through 40 days of practical biblical teachings that are essential for every Christian to study. In the style of Smith\'s popular 40 Days: Prayer and Devotions to Prepare for the Second Coming, this book can help revive the spiritual experience of individuals, small groups, and entire churches. Find out for yourself what an amazing difference 40 Days can make throuth Jesus amazing Miracles.','english','40_Days_of_Prayer_and_Devotions_Bk_5.jpg',790,'available','2024-06-26 15:49:37',0,0,0,NULL),(86,NULL,NULL,'40 Days of Prayer and Devotions Bk 10','40-days-of-prayer-and-devotions-bk-10',NULL,'If you\'ve longed for a spiritual breakthrough but didn\'t know where to begin, start here. Smith will guide you through 40 days of practical biblical teachings that are essential for every Christian to study. In the style of Smith\'s popular 40 Days: Prayer and Devotions to Prepare for the Second Coming, this book can help revive the spiritual experience of individuals, small groups, and entire churches. Find out for yourself what an amazing difference 40 Days can make throuth Jesus amazing Miracles.','english','40_Days_of_Prayer_and_Devotions_Bk_10.jpg',790,'available','2024-06-26 15:49:37',0,0,0,NULL),(87,NULL,NULL,'40 Days of Prayer and Devotions Bk 7','40-days-of-prayer-and-devotions-bk-7',NULL,'If you\'ve longed for a spiritual breakthrough but didn\'t know where to begin, start here. Smith will guide you through 40 days of practical biblical teachings that are essential for every Christian to study. In the style of Smith\'s popular 40 Days: Prayer and Devotions to Prepare for the Second Coming, this book can help revive the spiritual experience of individuals, small groups, and entire churches. Find out for yourself what an amazing difference 40 Days can make throuth Jesus amazing Miracles.','english','40_Days_of_Prayer_and_Devotions_Bk_7.jpeg',790,'available','2024-06-26 15:49:37',0,0,0,NULL),(88,NULL,NULL,'Adventist Home','adventist-home',NULL,'The Adventist Home is both a handbook for busy parents and a pattern or ideal of what the home can be and should become In this book, Ellen White touches upon practically every phase of the home and offers specific instruction on many of the problems that give deep concern to parents today. Some years before her death she indicated her hope to prepare “a book for Christian parents” that would define “the mother’s duty and influence over her children”. This book represents an endeavour to fulfil that desire.','english','Adventist_Home.jpg',930,'available','2024-06-26 15:49:37',0,0,0,NULL),(89,NULL,NULL,'The Church, Culture and Spirits','the-church-culture-and-spirits',NULL,'Africa is a key nerve center of growth for the Seventh-day Adventist church in the world today. Growth here occurs in the context of ingrained traditions and ideologies, and the church always faces the challenge of steering away from syncretism while seeking to be relevant to the African culture. This book is meant to provide a critical resource to pastors, missionaries, and evangelists as they minister in an increasingly spiritualistic African religious environment.','english','The_Church,_Culture_and_Spirits.jpeg',1760,'available','2024-06-26 15:49:37',0,0,0,NULL),(90,NULL,NULL,'The Body of Christ','the-body-of-christ',NULL,'The church is the body of Christ—God’s people. With a clear, straightforward definition such as this, the subject of the church isn’t one that most people would consider a “doctrine.” For this reason, there aren’t many books that deal with this crucial fundamental belief. This very readable and informative treatment of such a vital topic fills an important gap in Adventist literature Reinder Bruinsma’s far-ranging look at the doctrine of the church moves from Old and New Testament foundations for this doctrine up through church government and on to controversial issues such as ordination and church discipline Fittingly, he concludes with the mission and future of the church. His fourfold approach—biblical and theological, historical, practical, and with an Adventist perspective—ensures that every facet of the doctrine is explored in detail This though-provoking discussion challenges those who call themselves “God’s people” to examine their current understanding of the church and to prayerfully consider their roles as part of the body of Christ.','english','The_Body_of_Christ.jpeg',1150,'available','2024-06-26 15:49:37',0,0,0,NULL),(91,NULL,NULL,'Discipleship Handbook','discipleship-handbook',NULL,'There is no higher calling than to be a disciple of Jesus Christ. Nothing compares to knowing and following the Savior of the world. To know Him is to love Him, and to follow Him is a wonderful adventure. Still, the discipleship journey is full of pitfalls and snares that threaten to lead us away from the narrow path that leads to heaven. If the devil had his way, every Christian would be lulled to spiritual slumber or led into forbid­den paths that would steal the heart away from God. Therefore, even after we are baptized, it is imperative that we continue to grow into active and mature disciples of Christ. The Discipleship Handbook will benefit anyone seeking such an experience with Jesus. It may be used for personal study or in Sabbath schools, prayer meetings, small groups, or one-on-one settings. It is more than a book about discipleship. Rather, it contains everything needed for a six-month, Bible-based discipleship plan for Seventh-day Adventist churches and their members. The Discipleship Handbook was developed to ensure that the most essential areas of discipleship are covered. The devotional life, personal witnessing, church life, Christian lifestyle, and evangelism each receive special emphasis For newer members, the 26 chapters of the Discipleship Handbook serve as the heart of 26 weekly meetings with a more experienced mentor.','english','Discipleship_Handbook.jpeg',1150,'available','2024-06-26 15:49:37',0,0,0,NULL),(92,NULL,NULL,'The Cross of Christ','the-cross-of-christ',NULL,'At the very center of Christianity is the issue of sin and atonement. It is basic to the Christian understanding of theology, history, and every other field of knowledge. Indeed, it is an issue so vast and significant that few books even attempt to span the broad spectrum of topics it raises. Now, in this noteworthy book, George R. Knight presents a wide-ranging look at the problem of sin and the atoning work of Christ. Working from a strong biblical foundation, Knight moves through the core topics raised by the atonement, including \r\nGod’s justice the results of sin in the human realm God’s solution for reversing the consequences of sin how His saving plan is being worked out through the life and death of Christ\r\nthe universe’s judgment on God’s solution the human response to salvation','english','The_Cross_of_Christ.jpeg',1150,'available','2024-06-26 15:49:37',0,0,0,NULL),(93,NULL,NULL,'Sin and Salvation','sin-and-salvation',NULL,'There is no more important topic than God’s plan of salvation for a lost world. Sin and Salvation considers the very heart of the message—God’s work for us, especially at the cross—then broadens to explore His work in us More than a book on abstract theology, Sin and Salvation not only informs the mind but also guides daily life. It seeks to show the interrelatedness of the components of salvation and explores justification, sanctification, perfection, and sinlessness Converted from agnosticism to Christianity more than 40 years ago, George R. Knight long wrestled with what it means to be saved—what God can do for us and in us This book in many ways is the result of that personal search: the combination of biblical findings, scholarly studies, and encounters with Christians. Sin and Salvation is an insightful and clear work that will help you better understand God’s redemptive plan.','english','Sin_and_Salvation.jpeg',1150,'available','2024-06-26 15:49:37',0,0,0,NULL),(94,NULL,NULL,'40 Days of Prayer and Devotions Bk 7','40-days-of-prayer-and-devotions-bk-7',NULL,'\'Great changes are soon to take place in our world, and the final movements will be rapid ones. -Testimonies for the Church, vol. 9, p.1 Historic, sweeping, and unprecedented change has come to characterize the times in which we are living. \'Who could have guessed that things would change so fast?\' is the question being asked by many witnesses to the unbelievable shifts taking place on the world political scene. But what of AIDS, the homeless, and the environment? Are the events now rocking the globe the ones described in Testimonies as \'rapid\' and \'final\'? How close are we to the long-awaited return of Christ? What changes will occur in the church before the loud cry is given Preparation for the Final Crisis organizes the dramatic events leading up to the second coming in chronological form using passages from the Bible and the Spirit of Prophecy. Its clear presentation of the last-day events is intended to guide the advent people as they prepare to meet their Lord.','english','40_Days_of_Prayer_and_Devotions_Bk_7.jpeg',1690,'available','2024-06-26 15:49:37',0,0,0,NULL),(95,NULL,NULL,'Almost Home','almost-home',NULL,'All around us today we see striking evidence that Jesus is coming soon. That\'s a reason to rejoice. But it\'s also a call for us to shake off our lethargy and get to work fulfilling the commission God has given us and preparing to meet Jesus when He returns  In Almost Home, Ted N.C. Wilson, the General Conference president of SDA church, identifies the spiritual essentials for those who will live through the end times and witness Jesus\' return.','english','Almost_Home.jpg',980,'available','2024-06-26 15:49:37',0,0,0,NULL),(96,NULL,NULL,'The Forgotten Commandment','the-forgotten-commandment',NULL,'This book chronicles the beauty of the Sabbath and its significance in the light of the last days.','english','The_Forgotten_Commandment.jpeg',100,'available','2024-06-26 15:49:37',0,0,0,NULL),(97,NULL,NULL,'Pointed and Personal','pointed-and-personal',NULL,'A fresh and incisive examination of the cutting-edge teaching of Jesus in the parables. Ray Markham – author of What Kind of Power Is This? (on the miracles of Jesus) and Greater Expectations (on the Sermon on the Mount) – provides the background to each of the parables. He also explains how pointed and personal the messages of the parables were for the first-century readers of the gospels Each chapter concludes with a series of questions for group discussion and a series of points for personal prayer, reflection and practical application.','english','Pointed_and_Personal.jpeg',560,'available','2024-06-26 15:49:37',0,0,0,NULL),(98,NULL,NULL,'They Knew Him','they-knew-him',NULL,'‘I’ve been seriously in love with Jesus since my late teens. For over fifty-five years I have loved reading about Him, and I love reading about other people who love Him. These stories are about some of the people who actually walked with Him while He was on earth, but there are several more about people who, like me, learned to know Him and to love Him much later. They all went on to serve Him in various ways. Some of them made the ultimate sacrifice and gave their lives for their Hero and Saviour. The stories are as varied as the people in them. My hope is that they inspire you and delight you, as they inspired me while trying to give you a glimpse into their amazing lives.’ Anita Marshall','english','They_Knew_Him.jpeg',480,'available','2024-06-26 15:49:37',0,0,0,NULL),(99,NULL,NULL,'Greater Expectations','greater-expectations',NULL,'The Sermon on the Mount is Christ’s call for action. It is the Manifesto of His Kingdom – the distilled version of His entire teaching. Ray Markham presents these vital chapters of Matthew’s gospel as the greatest challenges ever presented to Christians Jesus still turns the world’s received wisdom upside down. His aims and values continue to be revolutionary and urge Christians on to meet Christ’s Greater Expectations Each chapter concludes with a series of questions for group discussion and a series of points for personal prayer, reflection and practical application Ray Markham is a husband, father, grandfather, teacher and keen sportsman. After many years in church leadership, Ray’s preaching and teaching ministry is now being appreciated by an increasing number of churches. He is also an active member of Gideons International, and a professional, international cricket scorer.','english','Greater_Expectations.jpg',390,'available','2024-06-26 15:49:37',0,0,0,NULL),(100,NULL,NULL,'Value Led Lives','value-led-lives',NULL,'What values do you live by? What principles drive your thoughts, words and actions? What would you sacrifice everything else for? In this book, Pastor Llewellyn Edwards, an experienced minister, missionary and church administrator, describes how the values that inspired Jesus can transform our lives, our families and our churches If you are looking for a way to re-energise your spiritual life and make your congregation the kind of place to which people will be drawn, this is your book. It is not a read for the faint-hearted and the easily offended – but it will make you think.','english','Value_Led_Lives.jpg',490,'available','2024-06-26 15:49:37',0,0,0,NULL),(101,NULL,NULL,'A Pause for Peace','a-pause-for-peace',NULL,'What God’s gift of the Sabbath can mean to you! A recession grips this country with nothing to do with money. It is bankrupting our home lives, depleting our personal energy reserves, and eroding our devotion to God This is a recession of time. Time to enjoy our family and friends and recuperate from hectic lifestyles. And time to renew our too-often neglected relationship with God A Pause for Peace, by Clifford Goldstein, identifies the Sabbath—a day of rest—as God’s recovery plan for this devastating recession. This is easily one of the most life-impacting books you’ll ever read. True refreshment awaits as you discover the practical joys and spiritual blessings of the nearly forgotten practice of taking one day out as a pause for peace.','english','A_Pause_for_Peace.jpeg',1000,'available','2024-06-26 15:49:37',0,0,0,NULL),(102,NULL,NULL,'Believe His Prophets','believe-his-prophets',NULL,'From Satan’s first deception to the second coming of Jesus, Believe His Prophets tells the grand story of the God who loves you and longs to bring you home. Gleaning the bright gems found in eight of Ellen White’s most significant books, Dr Douglass has drawn out precious insights regarding a big-picture view of the plan of salvation. Watch biblical history unfold in the Conflict of the Ages series. Delve deeper into Christ’s life with Steps to Christ, Thoughts From the Mount of Blessing, and Christ’s Object Lessons Each chapter in these precious books reveals another event in the great controversy between good and evil. Rediscover their beauty and significance as you read, day by day, from Believe His Prophets.','english','Believe_His_Prophets.jpg',1600,'available','2024-06-26 15:49:37',0,0,0,NULL),(103,NULL,NULL,'God Loves me 28 ways','god-loves-me-28-ways',NULL,'God Loves Me 28 Ways was designed as a read-it-yourself book for primary and early junior-age kids to learn about the beliefs of the Seventh-day Adventist Church. What do you believe? Each of the 28 answers to this question will provide a beautiful glimpse into the never-ending, incredibly powerful, and always present love of God.','english','God_Loves_me_28_ways.jpeg',380,'available','2024-06-26 15:49:37',0,0,0,NULL),(104,NULL,NULL,'Who was Ellen White','who-was-ellen-white',NULL,'One of the unique challenges in our church is to understand the ministry of Ellen White and how it should impact us as Adventists. This can be especially difficult for children. If we want them to become lifelong Adventists with faith in the Bible and in our church’s doctrines, then we must make sure they are well-grounded in what we believe. We must make sure that they learn to appreciate the blessing our church has received from the ministry of our prophet, Ellen White.  This book is filled with stories from Ellen White’s childhood to her retirement years helps children see her as a regular person who was given a special job by God\r\nshares the messages of her most important visions, and builds faith in God’s church and in His prophet. Written by best-selling children’s author Jerry D. Thomas, this book will help share your faith in a God who has been guiding our church since its beginning with your children.','english','Who_was_Ellen_White.jpeg',380,'available','2024-06-26 15:49:37',0,0,0,NULL),(105,NULL,NULL,'What we Believe -Kids','what-we-believe-kids',NULL,'Our statement of fundamental beliefs can be confusing to a kid. Big words from fundamental belief 11 include “triumphed,” “subjugated,” and “communing.”   Now, thanks to best-selling children\'s author Jerry D. Thomas, you can share your beliefs using kid-friendly words even small children can understand A story for each belief teaches the main concept.  Suggested activities can be used to reinforce each chapter.  With full-color illustrations throughout, this will be a book your kids will treasure Here’s core belief 11 – Growing in Jesus – in kid language: “Because Jesus defeated Satan on the cross, we can defeat him also.  By depending on the Holy Spirit, we can grow to be more like Jesus every day. That’s good news for kids and for their parents!','english','What_we_Believe_-Kids.jpeg',560,'available','2024-06-26 15:49:37',0,0,0,NULL),(106,NULL,NULL,'Gods ten Promise','gods-ten-promise',NULL,'Our portrayal of the Ten Commandments can often seem negative to a kid. In God’s Ten Promises you will find a refreshingly different approach to learning about this important topic.  Join twins Cameron and Kaitlynn as they discover something exciting – the commandments are not a list of do’s and don\'ts.  Rather, they are promises.  In them, God Is saying, “If you let Me, I’ll make you into someone who wouldn’t even think of stealing. The Teaching Tips at the end of each chapter will assist teachers, parents, or caregivers to help children recognize that God is love and that His law shows how much He loves us and always wants the best for us.  Filled with practical applications, God’s Ten Promises shows exactly what the Ten Commandments are all about.','english','Gods_ten_Promise.jpeg',460,'available','2024-06-26 15:49:37',0,0,0,NULL),(107,NULL,NULL,'Ben\'s SunFlower','ben-s-sunflower',NULL,'This large book with colorful illustrations contains two stories. Ben\'s Sunflower is a thoughtful story about forgiveness.   Wendy\'s Big Worry-knot is a delightful story about how to overcome fear and worry.','english','Ben\'s_SunFlower.jpg',570,'available','2024-06-26 15:49:37',0,0,0,NULL),(108,NULL,NULL,'When i look at you','when-i-look-at-you',NULL,'A smiling mouth, a frowning mouth. Bright eyes, crying eyes. Jumping feet, stomping feet. Excited? Nervous? Angry? Help your child name and understand their feelings (even the tricky ones) with this read-together book. Complete with relevant Bible texts and engaging illustrations, \'When I look at You: My book about my feelings\' is a must for every parent’s toolbox.','english','When_i_look_at_you.png',1150,'available','2024-06-26 15:49:37',0,0,0,NULL),(109,NULL,NULL,'Moments with God for couples','moments-with-god-for-couples',NULL,'A couple’s greatest need is not mere food or shelter, nor even marital intimacy and effective communication. There is a far greater need, a deep heart-need of the soul: quality time with God and each other. Moments with God for Couples is designed specifically to help you satisfy that need during your daily worship together. These 120 daily readings, each inspired by a Bible passage and accompanied by thought-provoking questions for reflection and earnest prayers to our heavenly Father, will help you to grow ever closer together as a couple, and, even more important, ever closer to our loving Lord. This is our prayer for you, to God’s glory. We hope you will be richly blessed..','english','Moments_with_God_for_couples.png',800,'available','2024-06-26 15:49:37',0,0,0,NULL),(110,NULL,NULL,'Meet the cast','meet-the-cast',NULL,'Lesser-known characters of the New Testament Peter, James, John...Epaphras Some of the New Testament characters might be less well known than others, but each was a real person with their own hopes and dreams, fears, and passions  One worked for the governor of Cyprus; one founded the church at Colosse, and another  was nicknamed \'the fox\'.Get to know them, and the way Jesus impacted their lives, in this  gripping second volume of Meet the Cast.','english','Meet_the_cast.jpg',1160,'available','2024-06-26 15:49:37',0,0,0,NULL),(111,NULL,NULL,'Meet the cast 2','meet-the-cast-2',NULL,'Lesser-known characters of the Old Testament Boaz…Jehoshaphat…Josiah…are they just names in another genealogy, or are there gripping, exciting stories to tell here Swivel the spotlight a little, and you’ll find that behind each of these names is a man or woman with their own hopes, desires, dilemmas…and sometimes darker motives  Join Ray Markham as he focuses in on these lesser-known characters in the greatest drama ever told.','english','Meet_the_cast_2.png',1160,'available','2024-06-26 15:49:37',0,0,0,NULL),(112,NULL,NULL,'Generous Life','generous-life',NULL,'Includes: Bible Readings EG White Quotes Inspiring Articles Weekly Worksheets Discussion Questions In this booklet we are inviting you to travel with us in an exciting and rewarding experience of getting to know Jesus as Creator, Owner, Sustainer, and Redeemer of our souls. To facilitate \r\nthis process of spiritual discovery we are providing selected Scriptural passages and inspiring quotes including those from Ellen G. White for you to read, reflect, and pray about. You are \r\nalso encouraged to share your devotional experience with your friends and family as the Christian life is to be lived out in a community of people.','english','Generous_Life.jpeg',120,'available','2024-06-26 15:49:37',0,0,0,NULL),(113,NULL,NULL,'Beyond Blessings','beyond-blessings',NULL,'Giving is a volatile topic for most of us. But it is a biblical principle that needs more attention. For some, talking about faithful stewardship is like walking on thin ice. Reactions range from “All you want is my money!” to “Isn’t that trying to strike a bargain with God?” Where is the truth? Where is the blessing? Is there a balance?  One thing is certain—we either steward our possessions faithfully or allow them to become a spiritual barrier between us and God. To help us get a balanced understanding, Beyond Blessings 2 offers another series of inspirational messages intended as a resource for local congregations. These messages will be helpful for individual study, group studies such as prayer meetings, or as sermon material. However you choose to use them, one thing is certain—the stories in this book will take you to the very heart of stewardship.','english','Beyond_Blessings.jpg',560,'available','2024-06-26 15:49:37',0,0,0,NULL),(114,NULL,NULL,'Mark Finley Study Bible','mark-finley-study-bible',NULL,'This Bible, which is available in a range of attractive colours and designs; features clear and easy-to-read print, centre column references, words of Jesus in red and self-pronouncing names  In the back there is a full set of Mark Finley studies. Certain colours are available with a thumb index and all designs except the hardcovers include a page marker ribbon.','english','Mark_Finley_Study_Bible.png',4300,'available','2024-06-26 15:49:37',0,0,0,NULL),(115,NULL,NULL,'Holmans Study Large Print','holmans-study-large-print',NULL,'There are several KJV Study Bibles on the market, but the Holman KJV Study Bible is the only one with full color photos and maps throughout the text. The quality of the color visuals  along with the quality of paper, consistency of print, and quality of tools make this one of the best study Bibles that I’ve seen  Here are some of the basic features: Presentation page  Family records,20 Articles and essays, Center column references, 15,000 Notes, 141 Full-color photos, 8 Full-color maps + 59 in the text  15 Charts, Section headings, Red-letter, Thick paper, Glossary, Concordance, Maps, Ribbon marker, and 1 & 3 year reading plans','english','Holmans_Study_Large_Print.jpeg',5400,'available','2024-06-26 15:49:37',0,0,0,NULL),(116,NULL,NULL,'Good News Bible','good-news-bible',NULL,'The Good News Bible, also known as the GNT or the Global Version, is the UK\'s bestselling Bible translation. Hardcover bound with an orange cover, this enduring classic is a great addition to your bookshelf and personal spiritual growth. Released by The Bible Society in 2017, the Good News Bible features 1260 pages of highly-readable UK English text. Readers young and old, both new and seasoned, find this translation easy to understand and follow. It offers a unique range of features to help you deepen your understanding of the scriptures One of the best features is the clear design and easy to read text. Line drawings and maps are incorporated into the pages, making the Bible more engaging for visual learners. Each book has its introduction and a quick-search list to help readers understand the big picture The Bible Stories section in the Good News Bible gives short summaries of all the significant events in the Bible in chronological order, making it easier for readers to follow the story and connect with the characters. The unique features of this Bible make it an excellent tool for Bible studies, Sunday School lessons and personal devotion time.','english','Good_News_Bible.jpeg',990,'available','2024-06-26 15:49:37',0,0,0,NULL),(117,NULL,NULL,'Spirit-led Woman','spirit-led-woman',NULL,'The SpiritLed Woman Bible was developed for the woman in passionate pursuit of God. It\'s for the woman who wants to know God more deeply and fulfill His plan for her life. It is specifically designed to increase her hunger for God and to help her get to know Him more intimately. Beautifully crafted for today\'s woman, the SpiritLed Woman Bible is the perfect devotional Bible to fan the flame of passion in her heart until it becomes a burning fire of zeal for God Special Features \r\n40 teaching articles from well-respected voices\r\n65+ profiles of biblical women and other heroines of the faith who have inspired others and made an impact for the kingdom of God\r\n400+ daily inspirational thoughts and prayers that affirm you as a woman of God and connect you to the power of the Holy Spirit\r\nCross-references, concordance, and eight full-color maps','english','Spirit-led_Woman.jpeg',2500,'available','2024-06-26 15:49:37',0,0,0,NULL),(118,NULL,NULL,'Couples Bible','couples-bible',NULL,'This Bible has been especially prepared for couples at different stages of their life. It contains special resources to help couples better understand God’s plan for marriage and how to attain fulfillment and happiness in marriage Characteristics that make it unique \r\nIntroductory pages with notable articles about marriage in the Bible, the biblical theology of the family and habits for long-lasting marriages Bible verses especially for couples Bible verses in the New King James Version Words of Jesus highlighted in colour\r\nThe “Home and Family” course with 14 topics focused on couples Special biblical resources for couples: 101 ideas for family evangelism, relevant topics for the couple, sensitive issues of the Bible and Bible reading plans\r\nA dictionary of marriage vocabulary and other relevant words. Beautifully illustrated maps of the biblical lands 22 illustrated pages with couples of the Bible like Abram and Sarai, Elkanah and Hannah, Peter and his wife, or Samson and Delilah, among others More than 170 articles divided into five sections \r\nStrong Marriages and United Families is a section with a variety of articles on love, communication, home, the role of every family member, and many others.\r\nFacing Challenges is a special section that deals with issues like abuse, forgiveness, favoritism, addictions or divorce, among others.\r\nHappy Marriage is a series of articles spread all over the Bible which provides tools to help couples obtain balance and happiness in marriage.\r\nKeys to Successful Parenting is a unique section about teaching children biblical principles and values.\r\nMarriage in the Bible” is a section that presents the fundamental principles of biblical marriage and the values on which it is founded.','english','Couples_Bible.jpg',3750,'available','2024-06-26 15:49:37',0,0,0,NULL),(119,NULL,NULL,'Hope Bible','hope-bible',NULL,'This Bible has been specially prepared to give hope to those who are facing different challenges in life. It is also a great resource for health care professionals, chaplains, and others who may offer any kind of support for those in need The HOPE BIBLE has many unique characteristics \r\nPreliminary pages with outstanding articles about active communication and how to rediscover hope while understanding why the Bible is the Book of Hope\r\nMore than 1,000 verses for all occasions that are listed at the beginning of the Bible for easy reference and highlighted throughout the Bible for easy identification    Selected verses will help you face challenging times in life, grow in faith and wisdom, experience a true connection with God, and overcome any problem by His side\r\n130 prayers featured throughout the Bible with valuable applications for different circumstances, according to each person\'s need\r\nShort biblical explanations of selected Bible verses to help you understand the 28 most important teachings of the Bible\r\nThe 37 miracles of Jesus reported in the gospels, which include practical comments to assure us that Jesus can still perform miracles in our lives today\r\nA special section entitled \'Living Hope\' that addresses important existential issues and provides answers to many difficult questions\r\nA complete section entitled \'Healthy Living\' with more than 40 informative articles on health and well- being\r\nThe Bible text in the New King James version\r\nWords of Jesus printed in red\r\nA comprehensive Bible Study resource entitled There Is an Answer! which is accessible through QR codes using your smart phone or tablet\r\nBiblical tools such as the parables of Jesus, the most significant names and titles of Jesus, a Bible reading plan, and many more\r\nBeautifully illustrated maps of Bible lands','english','Hope_Bible.jpg',3600,'available','2024-06-26 15:49:37',0,0,0,NULL),(120,NULL,NULL,'Youth Bible','youth-bible',NULL,'This Bible has been prepared especially for youth. It features the following characteristics \r\n12 preliminary pages with specific tools for youth: How to study the Bible, How the Canon was formed, History of the Bible, The apocrypha, and a special Bible marking plan.\r\nMore than 160 biblical texts highlighted with distinctive calligraphy and the challenge of memorizing them.\r\nBiblical text—New King James version.\r\nThe words of Jesus in red.\r\nMore than 350 articles, divided into five major sections, which address relevant issues to your life.\r\n A special transmedia effect that will allow you to access more than 150 articles through QR codes with your smartphone or tablet.\r\n More than 95 pages of resources for youth: Rescuing the Truth Bible studies, two Bible reading plans, What is a world changer, as well as charts and maps on various themes.\r\n30 beautifully illustrated charts inserted throughout the Bible: I believe in . . . a God who reveals Himself, a constant dialogue, a game with clear rules, a well-cared for planet, a multitude of abilities, and many more.','english','Youth_Bible.jpg',3600,'available','2024-06-26 15:49:37',0,0,0,NULL),(121,2,NULL,'Disciples Bible','disciples-bible',NULL,'<p>Especially conceived and developed for those who are dedicated Christian disciples, this Bible has the following features: New King James Version (NKJV), Words of Jesus are printed in brown. Practical biblical tools for disciples: list of Jesus&#39; miracles and parables, the life of Jesus, two attributes of the Holy Spirit, important symbols, tests for true prophets, etc. Chain Bible Study, a wonderful and helpful guide to studying and sharing biblical teachings developed with the Bible text Special resources for committed disciples: A call to evangelism, Christian growth, counseling, secrets to sharing the gospel with others Unique supplies for Bible preaching: Practical answers to difficult questions and hot topics of the Bible Seventh-day Adventist resources: Adventist issues and Fundamental Beliefs There Is an Answer! Bible studies, a contemporary way to understand and testify about the Word of God Twenty-four colorful charts inserted throughout the Bible: 2,300 days prophecy, the sanctuary of the wilderness, the Millennium, the statue of Daniel 2, the beast that rises out the sea, the two beasts of Revelation 13, the life of Joseph, priestly garments, etc. Four illustrated chronologies of the Bible: Old and New Testaments, Bible empires, and the life of Jesus Special introductions and outlines of each book of the Bible Over 200 commentaries, articles, graphics, and tables are divided into five great themes: Theological Issues, Culture, History, Offerings and Sacrifices, Characters of the Bible, Peoples, and Empires, along with Bible texts. 20 excellent maps of Bible lands Dictionary-Concordance for a better study of the Word of God</p>','english','Disciples_Bible.jpg',5500,'available','2024-06-26 15:49:37',0,0,0,NULL),(122,NULL,NULL,'Easy Standard Version','easy-standard-version',NULL,'GIt goes without saying that the heart of the ESV Study Bible is the English Standard Version. This is considered by many biblical scholars to be a superior translation of the Bible and it is fast becoming the de facto translation amongst conservative and Reformed Christians','english','Easy_Standard_Version.jpg',580,'available','2024-06-26 15:49:37',0,0,0,NULL),(123,NULL,NULL,'Adventurer Bible','adventurer-bible',NULL,'This Bible has been prepared especially for Adventurers(age 6 - 9) with the following characteristics \r\n24 preliminary pages with specific resources for Adventurers: a list of awards, the pledge, the law and the objectives of the club, the Adventurer song, the tracking signs, the knots, and much more.\r\nBible text (New King James) with full-color illustrations.\r\nThe words of Jesus in red.\r\n72 pages of study tools, resources and biblical curiosities: the promises, teachings and doctrines, the friends of Jesus, statistics of the Bible, the fruit of the Spirit, etc.\r\n40 beautifully illustrated charts inserted throughout the Bible: the creation, Noah’s ark, the sanctuary, the birds, the children quoted in the Scriptures, the life of Jesus, the weights and measures, the musical instruments, the coins, the New Earth, and many more..','english','Adventurer_Bible.jpg',4500,'available','2024-06-26 15:49:37',0,0,0,NULL),(124,NULL,NULL,'Archeology Study Bible','archeology-study-bible',NULL,'New King James Version Bible text \r\n- About 700 articles prepared by more than 80 scholars, presenting the best that biblical archaeology has unveiled\r\n- The most important archaeological discoveries affirming Scripture - Introductions to each book of the Bible, with information about the author, audience, purposes and themes, the book outline, and a special section on archaeology \r\n- QR code links to more than 130 videos about biblical archaeology - Hundreds of full color photos \r\n- Maps, charts, and spreads of interesting objects, places, excavations, and cultural-related facts mentioned in the Bible such as coins, musical instruments, birds, flowers, and more, in full color \r\n- Infographics of temples and cities - A sand clock icon displayed throughout the Old Testament indicating the archaeological periods in which the biblical events took place, also throughout the New Testament indicating when the text was written\r\n- A chronological spread of the archaeological periods, the books of the Bible, Bible history, and more \r\n- QR code links to additional articles, including periodic updates\r\n- Complete index of all resources','english','Archeology_Study_Bible.jpg',10600,'available','2024-06-26 15:49:37',0,0,0,NULL),(126,1,NULL,'Pilgrims Kjv','pilgrims-kjv',NULL,'<p>Pilgrim bible is a handy-sized King James Version Bible in genuine black leather. Enjoy the gorgeous full-color photos of the Holy Land on nearly every page and the convenient, easy-to-read print that brings the sacred text to life!</p>','english','Pilgrims_Kjv.jpeg',5800,'available','2024-06-26 15:49:37',0,0,0,NULL),(128,1,272,'Less Stress','less-stress',NULL,'<p>Stress is a disease of our times; it affects both men and women, the young and old, and even children and adolescents. This shows us solutions to the stress issue through an alternative lifestyle in which meditation, physical activity, nutrition, and a positive mental attitude.</p>','english','022-1734434325.jpg',4420,'available','2024-12-17 11:18:45',0,0,0,'paperback'),(129,2,272,'Healing Wonders of Plants Vol 1','healing-wonders-of-plants-vol1',NULL,'<p>These volumes contain the medicinal use of the plants, how to use them, parts used, dose, caution indications, indexes, and so on.</p>','english','034-1734434797.jpg',10000,'available','2024-12-17 11:26:37',0,0,0,'hardcover'),(130,2,272,'Vibrant Health','vibrant-health',NULL,'<p>Vibrant Health is the comprehensive guide to health for all the family. It covers everything from back pain to pregnancy, smoking to AIDS, baby care to correct breathing, whole foods to weight control and allergies.</p>','english','043-1734435076.jpg',5200,'available','2024-12-17 11:31:16',0,0,0,'hardcover'),(131,1,272,'Enjoy Life','enjoy-life',NULL,'<p>We are meant to live intensely and positively throughout life. This holds true for our later years, the third age Fourteen chapters offer a complete investigative tool full of practical advice that is specifically designed to help the reader achieve optimal health and find enjoyment in this stage of life.</p>','english','045-1734435235.jpg',9600,'available','2024-12-17 11:33:54',0,0,0,'hardcover'),(132,1,272,'Juicing For Life','juicing-for-life',NULL,'<p>Over a hundred juicing and smoothie recipes along with extra information on the health benefits of the ingredients of each recipe.</p>','english','072-1734435566.jpg',4850,'available','2024-12-17 11:39:25',0,0,0,'hardcover'),(133,2,272,'No Matter What','no-matter-what',NULL,'<p>No Matter What Happens, Life Is Still Beautiful! is going to show us, step by step: How to learn to be optimistic in spite of everything; What we are lacking, or what we have in excess, in order to reach maturity.</p>','english','073-1734435850.jpg',4500,'available','2024-12-17 11:44:10',0,0,0,'hardcover'),(134,1,272,'Free From Addictions (SC)','free-from-addictions',NULL,'<p>This unique work presents a positive and practical focus, not only in the face of drugs, other addictions and their aftermath, but also promotes and facilitates self-control over human addictive tendencies.</p>','english','074-1734436194.jpg',4420,'available','2024-12-17 11:49:54',0,0,0,'paperback'),(135,2,272,'Your Health In Your Hands','your-health-in-your-hands',NULL,'<p>Lifestyle diseases are the biggest killers the Western world faces &ndash; and they&rsquo;re of increasing concern for the developing world, too. Find out more about how to choose wisely in this fascinating book originated by a team of doctors and healthcare professionals.</p>','english','079-1734436680.jpg',1860,'available','2024-12-17 11:58:00',0,0,0,'paperback'),(136,2,272,'Bible Plants  And Animals','bible-plants-and-animals',NULL,'<p>The author, Julian Melgosa, is a widely-known communicator, with decades of success as a teacher and a writer, who provides his thoughtful and deep analysis of adversities and behavioral choices for developing a positive and healthy mind.</p>','english','080-1734436918.jpg',4500,'available','2024-12-17 12:01:58',0,0,0,'hardcover'),(137,2,272,'Parenting The Best That You Can Be','parenting-the-best-that-you-can-be',NULL,'<p>A book to help you raise your children in the best possible way..</p>','english','002-1734437144.jpg',1860,'available','2024-12-17 12:05:44',0,0,0,'paperback'),(138,1,272,'For Raising Your Child','for-raising-your-child',NULL,'<p>They provide practical advice and describe how to educate our children at the different stages of their childhood. Nine fundamental topics are explored, which teaches us the principles of the family relationship and its environment, and helps parents adopt a more efficient educational plan</p>','english','100-1734437485.jpg',5600,'available','2024-12-17 12:11:25',0,0,0,'hardcover'),(139,2,272,'No More Games','no-more-games',NULL,'<p>Based on 15 years of therapeutic practice and evidence-based research, this book will help you protect the boundaries of your relationship; maintain its atmosphere of intimacy and trust; and process painful life events from the past that might influence the present</p>','english','120-1734437756.jpg',4900,'available','2024-12-17 12:15:56',0,0,0,'hardcover'),(140,2,272,'Love Season','love-seasons',NULL,'<p>Love Seasons is a practical and down-to-earth book that presents issues and situations that many people face today. So if love for you looks unlikely, if love for you is refused, rebuffed, or rejected, don&rsquo;t give up, don&rsquo;t give in &mdash; just go around again.</p>','english','121-1734437972.jpg',4400,'available','2024-12-17 12:19:32',0,0,0,'hardcover'),(141,1,272,'Heart To Heart','heart-to-heart',NULL,'<p>This book provides the reader with a series of innovative techniques and strategies for evaluating his own communication habits and a good method for understanding the needs of those that surround them.</p>','english','124-1734438136.jpg',4420,'available','2024-12-17 12:22:16',0,0,0,'paperback'),(142,2,272,'35 Secrets For A Successful Marriage','35-secrets-for-a-successful-marriage',NULL,'<p>This book has been written to share with you a set of &ldquo;secrets&rdquo; that will make your marriage relationship both happy and successful. In it, you will not only discover what we call the guiding principles of marriage but also 35 pithy mottoes through which various couples have enriched their relationships.</p>','english','133-1734438476.jpg',4400,'available','2024-12-17 12:27:56',0,0,0,'hardcover'),(143,2,272,'Illustrated Daily Bible','illustrated-daily-bible',NULL,'<p>There are 365 stories, one for every day of the year, each accompanied by Bible quotations that give readers a taste of the language and style of the original texts</p>','english','140-1734440858.jpg',6300,'available','2024-12-17 13:07:38',0,0,0,'hardcover'),(144,2,272,'Cooking With Kids','cooking-with-kids',NULL,'<p>At last &ndash; a child-friendly vegetarian cookbook that will make it exciting to help Mum and Dad in the kitchen! Your little ones will gain healthy cooking and eating habits for life.</p>','english','141-1734441088.jpg',4700,'available','2024-12-17 13:11:28',0,0,0,'hardcover'),(145,2,272,'The Cabbage Storm','the-cabbage-storm',NULL,'<p>Meet Jack and Julia! They are two twins who used to hate eating their vegetables, especially cabbages. Then one day, while eating lunch at school, Julia caused pieces of cabbage to fly everywhere&hellip; and that&rsquo;s where their journey of health discovery started.</p>','english','145-1734441536.jpg',1500,'available','2024-12-17 13:18:55',0,0,0,'paperback'),(146,2,272,'Stories of Virtue And Values','stories-of-virtue-and-values',NULL,'<p>These fantastically written stories will keep younger and older children alike engaged as they put themselves in the characters&rsquo; shoes and experience their dilemmas &ndash; but these are more than just entertaining stories for your children.</p>','english','004-1734441814.jpg',2450,'available','2024-12-17 13:23:34',0,0,0,'hardcover'),(147,2,272,'Bedtime Stories (5v) Mylar','bedtime-stories',NULL,'<p>These five volumes of Bedtime Stories represent a selection of Uncle Arthur&rsquo;s very best. They were written over a period of many years. The children who read the very first stories are now grandparents. The stories themselves are timeless.</p>','english','147-1734442261.jpg',20400,'available','2024-12-17 13:31:00',0,0,0,'hardcover'),(148,1,272,'Good For Me','good-for-me',NULL,'<p>Good for Me illustrates how the harmony of the three important dimensions in children&rsquo;s lives&mdash;body, mind and relationships&mdash;bring ultimate health and happiness.</p>','english','150-1734442533.jpg',6650,'available','2024-12-17 13:35:33',0,0,0,'hardcover'),(149,2,272,'Bedtime Stories (Single Value)','bedtime-stories',NULL,'<p>A collection of true stories designed to help parents teach morals to their children and to show parents how to have a happier home. Uncle Arthur&#39;s Bedtime Stories are intended for parents to read to their children at bedtime or for family worship.</p>','english','151-1734446737.jpg',4600,'available','2024-12-17 14:45:37',0,0,0,'hardcover'),(150,4,272,'Storytime In Africa','storytime-in-africa',NULL,'<p>A collection of stories which record the influence of religion on the simplistic native life of Africa.</p>','english','154-1734447037.jpg',3500,'available','2024-12-17 14:50:37',0,0,0,'hardcover'),(151,2,272,'Unforgettable Stories','unforgettable-stories',NULL,'<p>How do you teach your child the importance of values like friendship, courage, and patience? Through some Unforgettable Stories of course! This set of 20 stories will help your young ones understand and develop these key attributes.</p>','english','157-1734447364.jpg',1860,'available','2024-12-17 14:56:04',0,0,0,'paperback'),(152,2,272,'Amazing Nature','amazing-nature',NULL,'<p>The book shows us some of nature&rsquo;s magnificent teachings, so that children and even adults can come to understand, appreciate and respect it to a greater and better extent.</p>','english',NULL,4300,'available','2024-12-17 15:04:24',0,0,0,'hardcover'),(153,1,272,'But There Is A God In Heaven','but-there-is-a-God-in-heaven',NULL,'<p>To achieve any level of success, you have to believe in yourself. Consequently, the subject of self-esteem is something to think about and act on. The goal of this book is to teach the reader the meaning of self-esteem, important factors that influence it and how it can be improved.</p>','english','169-1734448449.jpg',3700,'available','2024-12-17 15:14:09',0,0,0,'hardcover'),(154,1,272,'A Walk Through The Bible','a-walk-through-the-bible',NULL,'<p>A Walk Through the Bible&quot; is a daily devotional that gives short Bible readings and simple reflections. It helps readers understand and use Bible teachings in everyday life, making it easier to grow in faith.</p>','english','170-1734448662.jpg',3700,'available','2024-12-17 15:17:42',0,0,0,'hardcover'),(155,1,272,'Happy Heart','happy-heart',NULL,'<p>A Happy Heart presents daily meditations, divided by themes, to strengthen your selfesteem and family relationships, as well as to reach your values. It also includes messages that will help you cope with anxiety, depression and live with the certainty of salvation by the grace of God, among others.</p>','english','171-1734448871.jpg',3700,'available','2024-12-17 15:21:11',0,0,0,'hardcover'),(156,2,272,'Our Wonderful Bible','our-wonderful-bible',NULL,'<p>This is not merely another book about the Bible, for in dealing with every theme the Bible has been allowed to speak for itself in its own words, that the convincing power of the Holy Spirit might work without hindrance. The words of life have been but woven into new patterns, the better to exhibit their grace and glory.</p>','english','174-1734449203.jpg',1860,'available','2024-12-17 15:26:43',0,0,0,'paperback'),(157,5,272,'Prophecy Explained','prophecy-explained',NULL,'<p>The book explains prophecy in a questionand-answer format, clarifying how prophetic messages about God&#39;s plans and future events are significant for understanding faith.</p>','english','178-1734449372.jpg',700,'available','2024-12-17 15:29:32',0,0,0,'paperback'),(158,2,272,'Bible Readings','bible-readings',NULL,'<p>Bible Readings is a topical study of the Bible that uses a friendly question-and-answer format. The subjects are arranged according to topics, making Bible study easy and fun.</p>','english','179-1734449578.jpg',970,'available','2024-12-17 15:32:58',0,0,0,'paperback'),(159,2,272,'Broken But Blessed','broken-but-blessed',NULL,'<p>This is the incredible autobiography of a young lady who went from divorce, depression, and thoughts of suicide to restoration and a healed marriage. She shares her troubles so that you can see God&rsquo;s leading and find blessings through your pain and brokenness.</p>','english','180-1734449838.jpg',1500,'available','2024-12-17 15:37:18',0,0,0,'paperback'),(160,2,272,'I Have A Future','i-have-a-future',NULL,'<p>There is hope for you. You may have questions about the injustice of God; about life after death; about the reality of the resurrection; or about the fires of hell. These questions are natural&hellip; but in the Bible we have some good news. God loves us, and He is preparing a home for us.</p>','english','181-1734538278.jpg',1500,'available','2024-12-18 16:11:17',0,0,0,'paperback'),(161,2,272,'Incredible Power Of Prayer','incredible-power-of-prayer',NULL,'<p>Roger Morneau was a man of remarkable faith. When he prayed, things happened - exciting things! In this book, as he shares God&#39;s amazing answers, he shows how you too can take hold of the incredible power of prayer.</p>','english','184-1734538658.jpg',700,'available','2024-12-18 16:17:38',0,0,0,'paperback'),(162,2,272,'If Today Was Your Last Day On Earth','if-today-was-your-last-day-on-earth',NULL,'<p>If today were your last day on this planet what would you do? What decisions would you make? What wrongs would you put right? Why put off eternal decisions until it&#39;s too late?</p>','english','185-1734539464.jpg',1600,'available','2024-12-18 16:31:04',0,0,0,'paperback'),(163,2,272,'Healing Power Of Forgiveness','healing-power-of-forgiveness',NULL,'<p>Most of us at some point in our lives have had an issue with forgiveness. If you have been wounded by the hurts others have inflicted on you or struggled with the regret of causing pain to someone else, then this book is for you.</p>','english','186-1734539728.jpg',1600,'available','2024-12-18 16:35:28',0,0,0,'paperback'),(164,2,272,'Occult Explosion','occult-explosion',NULL,'<p>In Occult Explosion, David Marshall investigates the dark side of the New Age movement, and the influence of hard-rock and rave music cultures on mental and spiritual stability.</p>','english','189-1734539996.jpg',1500,'available','2024-12-18 16:39:56',0,0,0,'paperback'),(165,2,272,'Facing The Storm','facing-the-storm',NULL,'<p>This book is designed to help you survive and thrive through your storms. It will help you not to cower away from life&rsquo;s challenges or to deny them, but simply to face them. Facing your storm allows you to regain control of the circumstances in your life.</p>','english','190-1734540271.jpg',1600,'available','2024-12-18 16:44:31',0,0,0,'paperback'),(166,2,272,'Surviving The Loss Of A Loved One','surviving-the-loss-of-a-loved-one',NULL,'<p>Grief is an experience through which all of us must live at one time or another. The cause of grief may be the death of a spouse, a parent, or a child; it may be a suicide, a miscarriage or a stillbirth. The grief experience may also take place after divorce.</p>','english','191-1734540570.jpg',1500,'available','2024-12-18 16:49:30',0,0,0,'paperback'),(167,5,272,'The Forgotten Rest','the-forgotten-rest',NULL,'<p>The book explores the importance of the Sabbath as a day of rest and spiritual renewal. It highlights how this practice, rooted in biblical tradition, can enrich lives by offering a regular pause from daily busyness.</p>','english','194-1734540817.jpg',700,'available','2024-12-18 16:53:36',0,0,0,'paperback'),(168,5,272,'Stories Jesus Told','stories-jesus-told',NULL,'<p>The book focuses on the parables and teachings of Jesus, using everyday situations and characters to reveal important spiritual lessons. These stories illustrate key concepts about faith, love, and the kingdom of God, offering wisdom and guidance for living a life aligned with divine principles.</p>','english','195-1734541122.jpg',1200,'available','2024-12-18 16:58:42',0,0,0,'paperback'),(169,2,272,'At  Jesus Feet','at-jesus-feet',NULL,'<p>This imaginative yet biblical retelling of Mary&#39;s experience clarifies several significant biblical teachings with a kaleidoscope of vivid illustrations.</p>','english','196-1734541594.jpg',1500,'available','2024-12-18 17:06:34',0,0,0,'paperback'),(170,5,272,'The Story Of Nicodemus','the-story-of-nicodemus',NULL,'<p>The book explores the story of Nicodemus, a Pharisee who visited Jesus at night and learned about spiritual rebirth. It emphasizes how Jesus gently guided Nicodemus to understand deep truths, encouraging readers to reflect on their own willingness to embrace transformation and spiritual insight.</p>','english','199-1734541913.jpg',700,'available','2024-12-18 17:11:53',0,0,0,'paperback'),(171,5,272,'The Samaritan Woman','the-samaritan-woman',NULL,'<p>This book, part of the &quot;Read As You Travel&quot; series, tells how Jesus transformed a despised Samaritan woman into a successful missionary. It highlights effective personal evangelism by showing how Jesus persuaded rather than coerced, urging readers to reflect on their own role in the story.</p>','english','200-1734608770.jpg',700,'available','2024-12-19 11:46:10',0,0,0,'paperback'),(172,2,272,'Courage For Tough Times','courage-for-tough-times',NULL,'<p>Sometimes our heart aches with troubles: a cancer scare; a stroke; the loss of someone dear to us. How to cope with the lows of life? God is never far away. Dr David Marshall, has both experienced tough times himself and also found solace in the hope that can only be offered by a caring God.</p>','english','203-1734689934.jpg',600,'available','2024-12-20 10:18:54',0,0,0,'paperback'),(173,2,272,'God\'s Little Book Of Promise','God\'s-little-book-of-promise',NULL,'<p>One of the most comforting things in this life is a promise from God; they&rsquo;re solid enough to build the foundations of your life on. This little book has an anthology full of spiritual promises paralleled by biblical quotes used to give you a wonderful message.</p>','english','206-1734690168.jpg',600,'available','2024-12-20 10:22:48',0,0,0,'paperback'),(174,2,272,'Dangerous Relations','dangerous-relations',NULL,'<p>These days any pre - or extramarital sexual relationship with someone of whose sexual history you have incomplete knowledge can be more than dangerous &ndash; it can be downright lethal. The best alternative is to seek a permanent, committed, monogamous relationship.</p>','english','205-1734690322.jpg',600,'available','2024-12-20 10:25:22',0,0,0,'paperback'),(175,2,272,'Pocketful Of Forgiveness','pocketful-of-forgiveness',NULL,'<p>It&rsquo;s easy to fall into hatred; a whole host of life&rsquo;s issues can cause resentment to grow in our hearts. Mary Barrett draws upon both Scripture and literature to demonstrate the dangers of holding a grudge, and teaches us that forgiveness is not only beneficial to us, but is also required of us by God.</p>','english','204-1734690548.jpg',600,'available','2024-12-20 10:29:08',0,0,0,'paperback'),(176,2,272,'Thoughts From The Mount Of Blessings','thoughts-from-the-mount-of-blessings',NULL,'<p>The Sermon on the Mount has been called &lsquo;The Manifesto of the King&rsquo; It is the essence of the teaching of Jesus presented to His disciples. To those who heard it on the hill overlooking Galilee, it had an immediate impact. In some respects it was revolutionary, overturning accepting ideas.</p>','english','209-1734690817.jpg',650,'available','2024-12-20 10:33:37',0,0,0,'paperback'),(177,NULL,272,'Marriage Builders','marriage-builders',NULL,'<p>This little book provides some practical ideas for enhancing the marriage relationship. Karen and Bernie Holford share what they have learned from Scripture and from life about building a happy, fulfilled marriage.</p>','english','212-1734691272.jpg',600,'available','2024-12-20 10:41:12',0,0,0,'paperback'),(178,2,272,'God\'s Little Book Of Encouragement','God\'s-little-book-of-encouragement',NULL,'<p>it&rsquo;s frighteningly easy to fall through the cracks and be overlooked. If these feelings have ever affected you then remember, God can help. This book is full of words of courage, each one power - packed to embolden and enhearten.</p>','english','211-1734691578.jpg',600,'available','2024-12-20 10:46:18',0,0,0,'paperback'),(179,2,272,'Treasures For Women','treasures-for-women',NULL,'<p>Marriage, children, home, work . . . just some of the things that women worry about. But remember, &lsquo;God is greater than our worried hearts and knows more about us than we do ourselves.&rsquo; 1 John 3:20 (MGE). These thoughts and quotations will encourage you, lift your spirits and help you on your way.</p>','english','210-1734691799.jpg',600,'available','2024-12-20 10:49:59',0,0,0,'paperback'),(180,2,272,'What Men Should Understand About Women','what-men-should-understand-about-women',NULL,'<p>Would you like to have a better and more meaningful relationship with your wife? This little book helps to unlock some of the ways women think and feel that are not always obvious to men.</p>','english','220-1734691987.jpg',600,'available','2024-12-20 10:53:07',0,0,0,'paperback'),(181,2,272,'The Little Book Of Self Esteem','the-little-book-of-self-esteem',NULL,'<p>Self -esteem is a universal human need. We all need to develop and maintain positive feelings about ourselves, irrespective of our age, gender or cultural associations. We also want those around us to do the same. This little book will help that happen.</p>','english','217-1734692396.jpg',600,'available','2024-12-20 10:59:55',0,0,0,'paperback'),(182,2,272,'Effective Marriage','effective-marriage',NULL,'<p>The world -renowned family life expert gives her top tips for a successful marriage.</p>','english','216-1734692558.jpg',600,'available','2024-12-20 11:02:38',0,0,0,'paperback'),(183,2,272,'The Credit Crunch Christian','the-credit-crunch-christian',NULL,'<p>Financial stability is not a given for any of us. Factors beyond our control may have an impact far beyond our own lives, even on worldwide economic stability. This little book explores our attitude to money and provides some valuable pointers.</p>','english','215-1734693084.jpg',600,'available','2024-12-20 11:11:24',0,0,0,'paperback'),(184,2,272,'Desserts','desserts',NULL,'<p>Here are a few ideas for festive food made from 100% unrefined plant foods</p>','english','219-1734693522.jpg',600,'available','2024-12-20 11:18:42',0,0,0,'paperback'),(185,2,272,'Healing Hearts Restoring Minds','healing-hearts-restoring-minds',NULL,'<p>The A -Z of emotional wellbeing &lsquo;Physical illnesses are often produced by half -used There is certainly an interconnectedness between emotional and mental health and health of the body. This book is about how to foster emotional and mental health and wellbeing.</p>','english','221-1734693946.jpg',600,'available','2024-12-20 11:25:46',0,0,0,'paperback'),(186,2,272,'What Women Should Understand About Men','what-women-should-understand-about-men',NULL,'<p>Would you like to have a better and more meaningful relationship with your husband? This little book helps to unlock some of the ways men think and feel that are not always obvious to women.</p>','english','214-1734694134.jpg',600,'available','2024-12-20 11:28:54',0,0,0,'paperback'),(187,2,272,'Little Book Of Prayer For Tough Times','little-book-of-prayer-for-tough-times',NULL,'<p>Life can be tough. Coping can be discouraging. People of faith have the custom of frequently offering short prayers in difficult situations.</p>','english','224-1734694351.jpg',600,'available','2024-12-20 11:32:31',0,0,0,'paperback'),(188,2,272,'Treasures For Men','treasures-for-men',NULL,'<p>Some of Jesus&rsquo; final words to His disciples were: &lsquo;These things I have spoken unto you, that in me ye might have peace. In the world ye shall have tribulation: but be of good cheer; I have overcome the world.&rsquo; John 16:33. Jesus is saying: &lsquo;The victory which I will win can be your victory too.</p>','english','227-1734694527.jpg',600,'available','2024-12-20 11:35:27',0,0,0,'paperback'),(189,2,272,'Little Book About Beating Bitterness And Grudges','little-book-about-beating-bitterness-and-grudges',NULL,'<p>Bitterness can strike at any time. Learn how to beat it with this little book.</p>','english','226-1734694798.jpg',600,'available','2024-12-20 11:39:58',0,0,0,'paperback'),(190,2,272,'Fascinating Facts About Health','fascinating-facts-about-health',NULL,'<p>The snippets of information in this book are both interesting and, if taken to heart, will stimulate a more healthy lifestyle.</p>','english','225-1734695133.jpg',600,'available','2024-12-20 11:45:33',0,0,0,'paperback'),(191,2,272,'The Little Book About Kindness','the-little-book-about-kindness',NULL,'<p>Mindfulness&rsquo; seems to have become a buzzword in recent times, yet rather than &lsquo;emptying the mind in order to open oneself to greater truth and awareness . . . said to come from within&rsquo;, let&rsquo;s fill our minds with the truths found in God&rsquo;s word.</p>','english','229-1734695329.jpg',600,'available','2024-12-20 11:48:49',0,0,0,'paperback'),(192,2,272,'The Little Book of Health For Women','the-little-book-of-health-for-women',NULL,'<p>Women juggle roles, agendas and expectations and often neglect their own needs. This book is about caring for you. It reviews all the key health issues that impact women&rsquo;s physical and emotional wellbeing.</p>','english','230-1734695531.jpg',600,'available','2024-12-20 11:52:11',0,0,0,'paperback'),(193,6,272,'The Winning Youth Warrior','the-winning-warrior',NULL,'<p>For victory to thrive in any place societal cohesion must be entrenched in it&rsquo;s social fabric, this book will give an insight, equip, empower and lead the reader tot take a step of faith to save a soul for a better life today and in the future</p>','english','232-1734695869.jpg',350,'available','2024-12-20 11:57:49',0,0,0,'paperback'),(194,6,272,'When Real Men Speak Up','when-real-men-speak-up',NULL,'<p>The book addresses the deep struggles faced by African men &mdash; economically, physically, and mentally &mdash;calling for genuine healing and support. It emphasizes the need for real, transformative help and offers guidance for overcoming these challenges, making it a valuable resource for men, women, and youth.</p>','english','233-1734696161.jpg',450,'available','2024-12-20 12:02:41',0,0,0,'paperback'),(195,6,272,'A Good Thing Is A Freewoman','a-good-thing-is-a-freewoman',NULL,'<p>This book celebrates the strength and resilience of African women, acknowledging their silent struggles and the burdens they carry while offering insights into their experiences. Through various themes, it aims to inspire courage, hope, and justice, encouraging both men and women to understand and uplift the voices of these remarkable women.</p>','english','234-1734696440.jpg',450,'available','2024-12-20 12:07:20',0,0,0,'paperback'),(196,2,272,'God\'s Little Book Of Hope','God\'s-little-book-of-hope',NULL,'<p>Build on your doubts, and you become mired in cynicism and depressive thinking. Build on your hopes, and you will learn to live positively, joyfully, victoriously. This little book highlights many reasons for our continuing hope, despite circumstances which may tend to discourage us.</p>','english','235-1734696640.jpg',600,'available','2024-12-20 12:10:40',0,0,0,'paperback'),(197,7,272,'Jipatie Amani Moyoni','Jipatie-amani-moyoni',NULL,'<p>Katika sura kumi na tatu tu za kifupi, unapata hatua za kupata urafiki wa milele na Yesu. Na imewasaidia wengi zaidi, ikiwemo wale ambao wamekuwa wakitembea naye kwa miaka, kumjua vizuri zaidi.</p>','swahili','239-1734696823.jpg',350,'available','2024-12-20 12:13:43',0,0,0,'paperback'),(198,7,272,'Mfalme Anakuja','mfalme-anakuja',NULL,'<p>Kitabu hiki kimepunguziliwa kutoka kwenye &quot;The Great Controversy,&quot; kazi ya kihistoria na unabii ambayo imethibitishwa kwa muda&mdash;ikichunguza kile ambacho Mungu atafanya katika siku zijazo kwa kuzingatia mwingiliano wake wa zamani na wanadamu.</p>','swahili','240-1734696989.jpg',860,'available','2024-12-20 12:16:29',0,0,0,'paperback'),(199,7,272,'Danieli Na Siku Zetu TZ','danieli-na-siku-zetu-tz',NULL,'<p>Danieli na Siku Zetu: Ufafanuzi wa Kila Tufe wa Kitabu cha Danieli kwa Ulimwengu Wakati Wetu, ukiangazia ujumbe wa kitabu hiki na jinsi unavyohusiana na matukio ya kisasa.</p>','swahili','243-1734697172.jpg',1000,'available','2024-12-20 12:19:32',0,0,0,'paperback'),(200,7,272,'Haki Kwa Imani','haki-kwa-imani',NULL,'<p>&quot;Haki kwa Imani&quot; inaangazia dhana ya hakikishwa kwa imani, ikichunguza jinsi kuamini Mungu kunaleta amani ya ndani, kubadilisha maisha, na kuwapa waamini nguvu za kufuata haki na uadilifu katika matendo yao na uhusiano wao.</p>','swahili','246-1734697417.jpg',800,'available','2024-12-20 12:23:37',0,0,0,'paperback'),(201,7,272,'Ufunuo','ufunuo',NULL,'<p>Ufunuo wa Mambo Yajayo&quot; inaangazia maarifa ya unabii kuhusu matukio yajayo, ikisisitiza mada za matumaini, mwingilio wa kimungu, na umuhimu wa kujiandaa, huku ikifunua ukweli wa kiroho unaowaongoza waamini katika kukabiliana na nyakati zisizo na uhakika.</p>','swahili','247-1734697752.jpg',1820,'available','2024-12-20 12:29:12',0,0,0,'paperback'),(202,8,272,'Toka Sabato Kwenda Jumapili','toka-sabato-kwenda-jumapili',NULL,'<p>&quot;Toka Jumapili Kwenda Sabato&quot; inaangazia safari ya imani wakati waamini wanapofikiria juu ya umuhimu wa kurudi kwenye Sabato, ikisisitiza umuhimu wa kupumzika, ibada, na Renewal ya kiroho katika ulimwengu wenye shughuli nyingi, huku ikihusisha athari za ufufuo kwenye imani yao.</p>','swahili','250-1734698038.jpg',700,'available','2024-12-20 12:33:58',0,0,0,'paperback'),(203,7,272,'Kukutana Na Neema Ya Mungu','kukutana-na-neema-ya-mungu',NULL,'<p>&quot;Kukutana na Neema&quot; inasimulia hadithi ya kutia moyo kuhusu mabadiliko ya kibinafsi na ukombozi, ikichunguza jinsi ya kushinda changamoto za maisha kunavyoweza kuleta matumaini mapya, kusudi, na uhusiano wa kina na nafsi yako na wengine.</p>','swahili','253-1734698284.jpg',900,'available','2024-12-20 12:38:04',0,0,0,'paperback'),(204,7,272,'Siri Ya Mafanikio Ya Biashara Yako','siri-ya-mafanikio-ya-biashara-yako',NULL,'<p>&quot;Kukutana na Neema&quot; inasimulia hadithi ya kutia moyo kuhusu mabadiliko ya kibinafsi na ukombozi, ikichunguza jinsi ya kushinda changamoto za maisha kunavyoweza kuleta matumaini mapya, kusudi, na uhusiano wa kina na nafsi yako na wengine.</p>','swahili','254-1734698518.jpg',400,'available','2024-12-20 12:41:58',0,0,0,'paperback'),(205,7,272,'Usimamiza Wa Rasilimali','usimamizi-wa-rasilimali',NULL,'<p>&quot;Usimamizi wa Rasilimali&quot; unaangazia mikakati bora ya kusimamia rasilimali katika muktadha mbalimbali, ukisisitiza umuhimu wa mbinu endelevu, ushirikiano wa jamii, na upangaji wa kifedha ili kuboresha uzalishaji na kuhakikisha manufaa ya muda mrefu kwa watu binafsi na jamii.</p>','swahili','257-1734698825.jpg',750,'available','2024-12-20 12:47:05',0,0,0,'paperback'),(206,7,272,'Nusuru Ndoa Yako','nusuru-ndoa-yako',NULL,'<p>&quot;Nusuru Ndoa&quot; inachunguza furaha na changamoto za ndoa za kisasa, ikichanganya maadili ya jadi na changamoto za kisasa ili kuonyesha uzuri wa upendo na ahadi.</p>','swahili','260-1734699057.jpg',850,'available','2024-12-20 12:50:57',0,0,0,'paperback'),(207,8,272,'Danieli Na Siku Zetu','danieli-na-siku-zetu',NULL,'<p>Danieli na Siku Zetu: Ufafanuzi wa Kila Tufe wa Kitabu cha Danieli kwa Ulimwengu Wakati Wetu, ukiangazia ujumbe wa kitabu hiki na jinsi unavyohusiana na matukio ya kisasa.</p>','swahili','261-1734699215.jpg',1200,'available','2024-12-20 12:53:35',0,0,0,'paperback');
/*!40000 ALTER TABLE `book` ENABLE KEYS */;
UNLOCK TABLES;

--
-- Table structure for table `book_author`
--

DROP TABLE IF EXISTS `book_author`;
/*!40101 SET @saved_cs_client     = @@character_set_client */;
/*!50503 SET character_set_client = utf8mb4 */;
CREATE TABLE `book_author` (
  `book_id` int NOT NULL,
  `author_id` int NOT NULL,
  PRIMARY KEY (`book_id`,`author_id`),
  KEY `IDX_9478D34516A2B381` (`book_id`),
  KEY `IDX_9478D345F675F31B` (`author_id`),
  CONSTRAINT `FK_9478D34516A2B381` FOREIGN KEY (`book_id`) REFERENCES `book` (`id`) ON DELETE CASCADE,
  CONSTRAINT `FK_9478D345F675F31B` FOREIGN KEY (`author_id`) REFERENCES `author` (`id`) ON DELETE CASCADE
) ENGINE=InnoDB DEFAULT CHARSET=utf8mb4 COLLATE=utf8mb4_unicode_ci;
/*!40101 SET character_set_client = @saved_cs_client */;

--
-- Dumping data for table `book_author`
--

LOCK TABLES `book_author` WRITE;
/*!40000 ALTER TABLE `book_author` DISABLE KEYS */;
INSERT INTO `book_author` VALUES (1,12),(2,12),(3,15),(4,12),(5,15),(7,28),(8,17),(9,16),(10,4),(16,12),(17,12),(18,12),(19,1),(22,26),(23,28),(24,12),(25,11),(26,12),(27,15),(28,27),(29,24),(30,4),(31,15),(32,28),(33,15),(34,15),(35,3),(36,28),(37,28),(38,25),(39,22),(40,28),(41,28),(42,22),(43,28),(44,23),(45,23),(46,22),(47,29),(48,10),(49,30),(50,18),(50,19),(51,18),(51,19),(52,17),(53,31),(54,2),(56,12),(57,12),(58,20),(59,26),(60,32),(61,33),(62,32),(63,34),(64,32),(65,32),(66,35),(67,35),(68,17),(69,17),(70,17),(71,17),(72,17),(73,17),(74,17),(75,36),(76,17),(77,17),(78,17),(79,17),(80,32),(81,32),(82,32),(83,32),(84,32),(85,32),(86,32),(87,32),(88,17),(89,37),(90,38),(91,39),(92,40),(93,40),(94,41),(95,42),(96,43),(97,44),(98,45),(99,44),(100,46),(101,47),(102,48),(103,49),(104,50),(105,50),(106,51),(107,52),(108,52),(109,53),(110,44),(111,44),(112,54),(113,55),(128,57),(129,58),(131,57),(132,60),(133,61),(134,7),(134,62),(136,63),(137,64),(138,57),(138,65),(139,66),(140,22),(141,64),(142,67),(142,68),(142,69),(143,70),(144,71),(145,72),(146,73),(147,74),(148,75),(149,74),(150,76),(151,77),(152,78),(152,79),(153,80),(154,81),(155,57),(155,82),(156,83),(157,84),(159,85),(160,86),(161,87),(162,89),(163,90),(164,91),(165,92),(166,93),(167,84),(168,17),(169,94),(170,84),(171,84),(172,91),(173,91),(174,64),(175,95),(176,17),(177,25),(177,97),(178,91),(179,98),(180,64),(181,99),(182,64),(183,100),(184,10),(185,90),(186,64),(187,95),(188,91),(189,101),(190,29),(191,99),(192,90),(193,102),(194,102),(195,102),(196,98),(197,17),(198,17),(199,31),(200,103),(202,104),(204,105),(205,106),(206,106),(207,31);
/*!40000 ALTER TABLE `book_author` ENABLE KEYS */;
UNLOCK TABLES;

--
-- Table structure for table `book_category`
--

DROP TABLE IF EXISTS `book_category`;
/*!40101 SET @saved_cs_client     = @@character_set_client */;
/*!50503 SET character_set_client = utf8mb4 */;
CREATE TABLE `book_category` (
  `book_id` int NOT NULL,
  `category_id` int NOT NULL,
  PRIMARY KEY (`book_id`,`category_id`),
  KEY `IDX_1FB30F9816A2B381` (`book_id`),
  KEY `IDX_1FB30F9812469DE2` (`category_id`),
  CONSTRAINT `FK_1FB30F9812469DE2` FOREIGN KEY (`category_id`) REFERENCES `category` (`id`) ON DELETE CASCADE,
  CONSTRAINT `FK_1FB30F9816A2B381` FOREIGN KEY (`book_id`) REFERENCES `book` (`id`) ON DELETE CASCADE
) ENGINE=InnoDB DEFAULT CHARSET=utf8mb4 COLLATE=utf8mb4_unicode_ci;
/*!40101 SET character_set_client = @saved_cs_client */;

--
-- Dumping data for table `book_category`
--

LOCK TABLES `book_category` WRITE;
/*!40000 ALTER TABLE `book_category` DISABLE KEYS */;
INSERT INTO `book_category` VALUES (1,1),(1,7),(2,1),(2,7),(3,2),(3,6),(4,1),(4,7),(5,2),(5,7),(7,2),(7,7),(8,4),(8,11),(9,1),(9,7),(10,8),(11,4),(11,8),(12,1),(12,3),(13,1),(13,2),(13,7),(16,1),(16,10),(17,1),(17,7),(18,1),(19,3),(19,7),(22,1),(22,7),(23,1),(23,3),(24,1),(24,3),(26,1),(29,1),(29,8),(30,8),(31,1),(31,3),(32,2),(33,2),(34,2),(35,2),(36,2),(37,2),(38,2),(39,2),(40,2),(40,6),(41,2),(41,6),(42,2),(42,6),(43,2),(44,2),(45,2),(46,2),(47,1),(47,3),(48,1),(48,7),(49,1),(49,7),(50,1),(50,7),(51,1),(51,7),(52,4),(53,4),(54,4),(56,1),(56,7),(57,1),(57,7),(58,4),(58,12),(59,1),(60,4),(60,9),(61,4),(61,9),(62,4),(62,9),(63,4),(63,9),(64,4),(64,9),(65,4),(65,9),(66,4),(66,9),(67,4),(67,9),(68,4),(68,9),(69,4),(69,9),(70,4),(70,9),(71,4),(71,9),(72,4),(72,9),(73,4),(73,9),(74,4),(74,9),(75,4),(75,9),(76,4),(76,9),(77,4),(77,9),(78,4),(78,9),(79,4),(79,9),(80,4),(80,9),(81,4),(81,9),(82,4),(82,9),(83,4),(83,9),(84,4),(84,9),(85,4),(85,9),(86,4),(86,9),(87,4),(87,9),(88,4),(88,9),(89,4),(89,9),(90,4),(90,9),(91,4),(91,9),(92,4),(92,9),(93,4),(93,9),(94,4),(94,9),(95,4),(95,9),(96,4),(96,9),(97,4),(97,9),(98,4),(98,9),(99,4),(99,9),(100,4),(100,9),(101,4),(101,9),(102,4),(102,9),(103,8),(104,8),(105,8),(106,8),(107,8),(108,8),(109,4),(109,9),(110,4),(110,9),(111,4),(111,9),(112,4),(112,9),(113,4),(113,9),(114,4),(114,5),(115,4),(115,5),(116,4),(116,5),(117,4),(117,5),(118,4),(118,5),(119,4),(119,5),(120,4),(120,5),(121,4),(121,5),(122,4),(122,5),(123,4),(123,5),(124,4),(124,5),(126,4),(126,5),(128,1),(128,3),(129,1),(129,10),(130,1),(131,1),(132,1),(133,1),(133,3),(134,1),(135,1),(135,7),(136,1),(136,10),(137,6),(138,6),(139,2),(140,2),(141,2),(142,2),(143,8),(144,1),(144,2),(144,7),(144,8),(145,8),(146,8),(147,8),(148,8),(149,8),(150,8),(151,8),(152,8),(153,5),(154,5),(155,5),(156,4),(156,9),(157,4),(157,9),(158,4),(158,9),(159,1),(159,2),(159,3),(160,4),(160,9),(161,13),(162,13),(163,13),(164,3),(164,13),(165,13),(166,13),(167,13),(168,13),(169,13),(170,13),(171,13),(172,1),(172,3),(172,13),(173,13),(174,2),(175,3),(175,13),(176,4),(176,5),(176,13),(177,2),(177,13),(178,3),(178,13),(179,2),(179,6),(179,13),(180,2),(181,3),(182,2),(183,7),(184,1),(185,1),(185,3),(186,2),(187,5),(187,13),(188,13),(189,3),(190,1),(191,13),(192,1),(192,3),(193,13),(194,2),(194,3),(194,7),(195,2),(196,5),(196,13),(197,13),(197,14),(198,13),(198,14),(199,4),(199,13),(199,14),(200,13),(200,14),(201,13),(201,14),(202,13),(202,14),(203,13),(203,14),(204,14),(205,14),(206,2),(206,14),(207,13);
/*!40000 ALTER TABLE `book_category` ENABLE KEYS */;
UNLOCK TABLES;

--
-- Table structure for table `cart`
--

DROP TABLE IF EXISTS `cart`;
/*!40101 SET @saved_cs_client     = @@character_set_client */;
/*!50503 SET character_set_client = utf8mb4 */;
CREATE TABLE `cart` (
  `id` int NOT NULL AUTO_INCREMENT,
  `user_id` int DEFAULT NULL,
  `cart_status` varchar(255) CHARACTER SET utf8mb4 COLLATE utf8mb4_unicode_ci DEFAULT NULL,
  `total_items` int DEFAULT NULL,
  `total_price` double DEFAULT NULL,
  `creation_date` datetime DEFAULT NULL,
  PRIMARY KEY (`id`),
  KEY `IDX_BA388B7A76ED395` (`user_id`),
  CONSTRAINT `FK_BA388B7A76ED395` FOREIGN KEY (`user_id`) REFERENCES `user` (`id`)
) ENGINE=InnoDB DEFAULT CHARSET=utf8mb4 COLLATE=utf8mb4_unicode_ci;
/*!40101 SET character_set_client = @saved_cs_client */;

--
-- Dumping data for table `cart`
--

LOCK TABLES `cart` WRITE;
/*!40000 ALTER TABLE `cart` DISABLE KEYS */;
/*!40000 ALTER TABLE `cart` ENABLE KEYS */;
UNLOCK TABLES;

--
-- Table structure for table `cart_item`
--

DROP TABLE IF EXISTS `cart_item`;
/*!40101 SET @saved_cs_client     = @@character_set_client */;
/*!50503 SET character_set_client = utf8mb4 */;
CREATE TABLE `cart_item` (
  `id` int NOT NULL AUTO_INCREMENT,
  `cart_id` int DEFAULT NULL,
  `book_id` int DEFAULT NULL,
  `quantity` int DEFAULT NULL,
  `price_per_item` double DEFAULT NULL,
  `subtotal` double DEFAULT NULL,
  PRIMARY KEY (`id`),
  KEY `IDX_F0FE25271AD5CDBF` (`cart_id`),
  KEY `IDX_F0FE252716A2B381` (`book_id`),
  CONSTRAINT `FK_F0FE252716A2B381` FOREIGN KEY (`book_id`) REFERENCES `book` (`id`),
  CONSTRAINT `FK_F0FE25271AD5CDBF` FOREIGN KEY (`cart_id`) REFERENCES `cart` (`id`)
) ENGINE=InnoDB DEFAULT CHARSET=utf8mb4 COLLATE=utf8mb4_unicode_ci;
/*!40101 SET character_set_client = @saved_cs_client */;

--
-- Dumping data for table `cart_item`
--

LOCK TABLES `cart_item` WRITE;
/*!40000 ALTER TABLE `cart_item` DISABLE KEYS */;
/*!40000 ALTER TABLE `cart_item` ENABLE KEYS */;
UNLOCK TABLES;

--
-- Table structure for table `cart_merge`
--

DROP TABLE IF EXISTS `cart_merge`;
/*!40101 SET @saved_cs_client     = @@character_set_client */;
/*!50503 SET character_set_client = utf8mb4 */;
CREATE TABLE `cart_merge` (
  `id` int NOT NULL AUTO_INCREMENT,
  `email` varchar(180) CHARACTER SET utf8mb4 COLLATE utf8mb4_unicode_ci NOT NULL,
  `cart_id` int NOT NULL,
  PRIMARY KEY (`id`)
) ENGINE=InnoDB DEFAULT CHARSET=utf8mb4 COLLATE=utf8mb4_unicode_ci;
/*!40101 SET character_set_client = @saved_cs_client */;

--
-- Dumping data for table `cart_merge`
--

LOCK TABLES `cart_merge` WRITE;
/*!40000 ALTER TABLE `cart_merge` DISABLE KEYS */;
/*!40000 ALTER TABLE `cart_merge` ENABLE KEYS */;
UNLOCK TABLES;

--
-- Table structure for table `category`
--

DROP TABLE IF EXISTS `category`;
/*!40101 SET @saved_cs_client     = @@character_set_client */;
/*!50503 SET character_set_client = utf8mb4 */;
CREATE TABLE `category` (
  `id` int NOT NULL AUTO_INCREMENT,
  `name` varchar(255) CHARACTER SET utf8mb4 COLLATE utf8mb4_unicode_ci NOT NULL,
  `slug` varchar(255) CHARACTER SET utf8mb4 COLLATE utf8mb4_unicode_ci DEFAULT NULL,
  PRIMARY KEY (`id`)
) ENGINE=InnoDB AUTO_INCREMENT=15 DEFAULT CHARSET=utf8mb4 COLLATE=utf8mb4_unicode_ci;
/*!40101 SET character_set_client = @saved_cs_client */;

--
-- Dumping data for table `category`
--

LOCK TABLES `category` WRITE;
/*!40000 ALTER TABLE `category` DISABLE KEYS */;
INSERT INTO `category` VALUES (1,'Health & Wellness','health_wellness'),(2,'Family & Relationships','family'),(3,'Mental Health','mental_health'),(4,'Bible Study','bible_study'),(5,'Devotional','devotional'),(6,'Parenting','parenting'),(7,'Lifestyle','lifestyle'),(8,'Children','children_books'),(9,'Theological','theological'),(10,'Medicinal Plants','medicinal_plants'),(11,'ABC','abc'),(12,'Calendars','calendars'),(13,'Spiritual','spiritual-book'),(14,'Swahili','swahili-books');
/*!40000 ALTER TABLE `category` ENABLE KEYS */;
UNLOCK TABLES;

--
-- Table structure for table `comment`
--

DROP TABLE IF EXISTS `comment`;
/*!40101 SET @saved_cs_client     = @@character_set_client */;
/*!50503 SET character_set_client = utf8mb4 */;
CREATE TABLE `comment` (
  `id` int NOT NULL AUTO_INCREMENT,
  `blog_id` int DEFAULT NULL,
  `user_id` int DEFAULT NULL,
  `content` longtext CHARACTER SET utf8mb4 COLLATE utf8mb4_unicode_ci,
  `comment_date` datetime DEFAULT NULL,
  PRIMARY KEY (`id`),
  KEY `IDX_9474526CDAE07E97` (`blog_id`),
  KEY `IDX_9474526CA76ED395` (`user_id`),
  CONSTRAINT `FK_9474526CA76ED395` FOREIGN KEY (`user_id`) REFERENCES `user` (`id`),
  CONSTRAINT `FK_9474526CDAE07E97` FOREIGN KEY (`blog_id`) REFERENCES `blog` (`id`)
) ENGINE=InnoDB AUTO_INCREMENT=3 DEFAULT CHARSET=utf8mb4 COLLATE=utf8mb4_unicode_ci;
/*!40101 SET character_set_client = @saved_cs_client */;

--
-- Dumping data for table `comment`
--

LOCK TABLES `comment` WRITE;
/*!40000 ALTER TABLE `comment` DISABLE KEYS */;
INSERT INTO `comment` VALUES (2,1,2,'Becoming a new parent is an exhilarating and often overwhelming experience. To help you on this journey, we’ve curated a list of the top five essential books for new parents','2024-06-24 14:58:39');
/*!40000 ALTER TABLE `comment` ENABLE KEYS */;
UNLOCK TABLES;

--
-- Table structure for table `comment_replies`
--

DROP TABLE IF EXISTS `comment_replies`;
/*!40101 SET @saved_cs_client     = @@character_set_client */;
/*!50503 SET character_set_client = utf8mb4 */;
CREATE TABLE `comment_replies` (
  `id` int NOT NULL AUTO_INCREMENT,
  `comment_id` int DEFAULT NULL,
  `user_id` int DEFAULT NULL,
  `content` longtext CHARACTER SET utf8mb4 COLLATE utf8mb4_unicode_ci,
  `replied_on` datetime DEFAULT NULL,
  PRIMARY KEY (`id`),
  KEY `IDX_5373053AF8697D13` (`comment_id`),
  KEY `IDX_5373053AA76ED395` (`user_id`),
  CONSTRAINT `FK_5373053AA76ED395` FOREIGN KEY (`user_id`) REFERENCES `user` (`id`),
  CONSTRAINT `FK_5373053AF8697D13` FOREIGN KEY (`comment_id`) REFERENCES `comment` (`id`)
) ENGINE=InnoDB AUTO_INCREMENT=2 DEFAULT CHARSET=utf8mb4 COLLATE=utf8mb4_unicode_ci;
/*!40101 SET character_set_client = @saved_cs_client */;

--
-- Dumping data for table `comment_replies`
--

LOCK TABLES `comment_replies` WRITE;
/*!40000 ALTER TABLE `comment_replies` DISABLE KEYS */;
INSERT INTO `comment_replies` VALUES (1,2,2,'a simple reply to a comment','2024-06-24 15:47:37');
/*!40000 ALTER TABLE `comment_replies` ENABLE KEYS */;
UNLOCK TABLES;

--
-- Table structure for table `constituency`
--

DROP TABLE IF EXISTS `constituency`;
/*!40101 SET @saved_cs_client     = @@character_set_client */;
/*!50503 SET character_set_client = utf8mb4 */;
CREATE TABLE `constituency` (
  `id` int NOT NULL AUTO_INCREMENT,
  `name` varchar(255) CHARACTER SET utf8mb4 COLLATE utf8mb4_unicode_ci NOT NULL,
  `county_id` int DEFAULT NULL,
  PRIMARY KEY (`id`),
  KEY `IDX_5F38776985E73F45` (`county_id`),
  CONSTRAINT `FK_5F38776985E73F45` FOREIGN KEY (`county_id`) REFERENCES `county` (`id`)
) ENGINE=InnoDB AUTO_INCREMENT=256 DEFAULT CHARSET=utf8mb4 COLLATE=utf8mb4_unicode_ci;
/*!40101 SET character_set_client = @saved_cs_client */;

--
-- Dumping data for table `constituency`
--

LOCK TABLES `constituency` WRITE;
/*!40000 ALTER TABLE `constituency` DISABLE KEYS */;
INSERT INTO `constituency` VALUES (1,'Changamwe',1),(2,'Jomvu',1),(3,'Kisauni',1),(4,'Nyali',1),(5,'Likoni',1),(6,'Msambweni',2),(7,'Lunga Lunga',2),(8,'Matuga',2),(9,'Kilifi North',3),(10,'Kilifi South',3),(11,'Kaloleni',3),(12,'Rabai',3),(13,'Ganze',3),(14,'Malindi',3),(15,'Garsen',4),(16,'Galole',4),(17,'Lamu East',5),(18,'Taveta',6),(19,'Wundanyi',6),(20,'Mwatate',6),(21,'Garissa Township (formerly Dujis Constituency)',7),(22,'Balambala',7),(23,'Lagdera',7),(24,'Dadaab',7),(25,'Fafi',7),(26,'Wajir North',8),(27,'Wajir East',8),(28,'Tarbaj',8),(29,'Wajir West',8),(30,'Eldas',8),(31,'Mandera West',9),(32,'Banissa',9),(33,'Mandera North',9),(34,'Mandera South',9),(35,'Mandera East',9),(36,'Moyale',10),(37,'North Horr',10),(38,'Saku',10),(39,'Isiolo North',11),(40,'Igembe South',12),(41,'Igembe Central',12),(42,'Igembe North',12),(43,'Tigania West',12),(44,'Tigania East',12),(45,'North Imenti',12),(46,'Buuri',12),(47,'Central Imenti',12),(48,'Maara',13),(49,'Chuka/Igambang\'ombe',13),(50,'Manyatta',14),(51,'Runyenjes',14),(52,'Mbeere South',14),(53,'Mwingi North',15),(54,'Mwingi West',15),(55,'Mwingi Central',15),(56,'Kitui West',15),(57,'Kitui Rural',15),(58,'Kitui Central',15),(59,'Kitui East',15),(60,'Masinga',16),(61,'Yatta',16),(62,'Kangundo',16),(63,'Matungulu',16),(64,'Kathiani',16),(65,'Mavoko',16),(66,'Machakos Town',16),(67,'Mbooni',17),(68,'Kilome',17),(69,'Kaiti',17),(70,'Makueni',17),(71,'Kibwezi West',17),(72,'Kinangop',18),(73,'Kipipiri',18),(74,'Ol Kalou',18),(75,'Ol Jorok',18),(76,'Tetu',19),(77,'Kieni',19),(78,'Mathira',19),(79,'Othaya',19),(80,'Mukurweini',19),(81,'Mwea',20),(82,'Gichugu',20),(83,'Ndia',20),(84,'Kangema',21),(85,'Mathioya',21),(86,'Kiharu',21),(87,'Kigumo',21),(88,'Maragwa',21),(89,'Kandara',21),(90,'Gatundu South',22),(91,'Gatundu North',22),(92,'Juja',22),(93,'Thika Town',22),(94,'Ruiru',22),(95,'Githunguri',22),(96,'Kiambu',22),(97,'Kiambaa',22),(98,'Kabete',22),(99,'Kikuyu',22),(100,'Limuru',22),(101,'Turkana North',23),(102,'Turkana West',23),(103,'Turkana Central',23),(104,'Loima',23),(105,'Turkana South',23),(106,'Kapenguria',24),(107,'Sigor',24),(108,'Kacheliba',24),(109,'Samburu West',25),(110,'Samburu North',25),(111,'Kwanza',26),(112,'Endebess',26),(113,'Saboti',26),(114,'Kiminini',26),(115,'Soy',27),(116,'Turbo',27),(117,'Moiben',27),(118,'Ainabkoi',27),(119,'Kapseret',27),(120,'Marakwet East',28),(121,'Marakwet West',28),(122,'Keiyo North',28),(123,'Tinderet',29),(124,'Aldai',29),(125,'Nandi Hills',29),(126,'Chesumei',29),(127,'Emgwen',29),(128,'Tiaty',30),(129,'Baringo North',30),(130,'Baringo Central',30),(131,'Baringo South',30),(132,'Mogotio',30),(133,'Laikipia West',31),(134,'Laikipia East',31),(135,'Molo',32),(136,'Njoro',32),(137,'Naivasha',32),(138,'Gilgil',32),(139,'Kuresoi South',32),(140,'Kuresoi North',32),(141,'Subukia',32),(142,'Rongai',32),(143,'Bahati',32),(144,'Nakuru Town West',32),(145,'Kilgoris',33),(146,'Emurua Dikirr',33),(147,'Narok North',33),(148,'Narok East',33),(149,'Narok South',33),(150,'Kajiado North',34),(151,'Kajiado Central',34),(152,'Kajiado East',34),(153,'Kajiado West',34),(154,'Kipkelion East',35),(155,'Kipkelion West',35),(156,'Ainamoi',35),(157,'Bureti',35),(158,'Belgut',35),(159,'Sotik',36),(160,'Chepalungu',36),(161,'Bomet East',36),(162,'Bomet Central',36),(163,'Lugari',37),(164,'Likuyani',37),(165,'Malava',37),(166,'Lurambi',37),(167,'Navakholo',37),(168,'Mumias West',37),(169,'Mumias East',37),(170,'Matungu',37),(171,'Butere',37),(172,'Khwisero',37),(173,'Shinyalu',37),(174,'Luanda',38),(175,'Emuhaya',38),(176,'Hamisi',38),(177,'Sabatia',38),(178,'Mount Elgon',39),(179,'Sirisia',39),(180,'Kabuchai',39),(181,'Bumula',39),(182,'Kanduyi',39),(183,'Webuye East',39),(184,'Webuye West',39),(185,'Kimilili',39),(186,'Teso North',40),(187,'Teso South',40),(188,'Nambale',40),(189,'Matayos',40),(190,'Butula',40),(191,'Funyula',40),(192,'Ugenya',41),(193,'Ugunja',41),(194,'Alego Usonga',41),(195,'Gem',41),(196,'Bondo',41),(197,'Kisumu East',42),(198,'Kisumu West',42),(199,'Kisumu Central',42),(200,'Seme',42),(201,'Nyando',42),(202,'Muhoroni',42),(203,'Kasipul',43),(204,'Kabondo Kasipul',43),(205,'Karachuonyo',43),(206,'Rangwe',43),(207,'Homa Bay Town',43),(208,'Ndhiwa',43),(209,'Mbita',43),(210,'Rongo',44),(211,'Awendo',44),(212,'Suna East',44),(213,'Suna West',44),(214,'Uriri',44),(215,'Nyatike',44),(216,'Kuria West',44),(217,'Bonchari',45),(218,'South Mugirango',45),(219,'Bomachoge Borabu',45),(220,'Bobasi',45),(221,'Bomachoge Chache',45),(222,'Nyaribari Masaba',45),(223,'Nyaribari Chache',45),(224,'Kitutu Chache South',45),(225,'Kitutu Masaba',46),(226,'West Mugirango',46),(227,'North Mugirango',46),(228,'Westlands',47),(229,'Dagoretti North',47),(230,'Dagoretti South',47),(231,'Lang\'ata',47),(232,'Kibra',47),(233,'Roysambu',47),(234,'Kasarani',47),(235,'Ruaraka',47),(236,'Embakasi South',47),(237,'Embakasi North',47),(238,'Embakasi Central',47),(239,'Embakasi East',47),(240,'Embakasi West',47),(241,'Makadara',47),(242,'Kamukunji',47),(243,'Starehe',47),(244,'Mathare',47),(245,'Eldoret',27),(246,'Kitale',26),(247,'Voi',6),(254,'Kiambu Township ward',48),(255,'Nairobi',47);
/*!40000 ALTER TABLE `constituency` ENABLE KEYS */;
UNLOCK TABLES;

--
-- Table structure for table `content`
--

DROP TABLE IF EXISTS `content`;
/*!40101 SET @saved_cs_client     = @@character_set_client */;
/*!50503 SET character_set_client = utf8mb4 */;
CREATE TABLE `content` (
  `id` int NOT NULL AUTO_INCREMENT,
  `title` varchar(255) COLLATE utf8mb4_unicode_ci DEFAULT NULL,
  `description` varchar(255) COLLATE utf8mb4_unicode_ci DEFAULT NULL,
  `content_text` longtext COLLATE utf8mb4_unicode_ci,
  `screenshot` varchar(255) COLLATE utf8mb4_unicode_ci DEFAULT NULL,
  PRIMARY KEY (`id`)
) ENGINE=InnoDB DEFAULT CHARSET=utf8mb4 COLLATE=utf8mb4_unicode_ci;
/*!40101 SET character_set_client = @saved_cs_client */;

--
-- Dumping data for table `content`
--

LOCK TABLES `content` WRITE;
/*!40000 ALTER TABLE `content` DISABLE KEYS */;
/*!40000 ALTER TABLE `content` ENABLE KEYS */;
UNLOCK TABLES;

--
-- Table structure for table `county`
--

DROP TABLE IF EXISTS `county`;
/*!40101 SET @saved_cs_client     = @@character_set_client */;
/*!50503 SET character_set_client = utf8mb4 */;
CREATE TABLE `county` (
  `id` int NOT NULL AUTO_INCREMENT,
  `name` varchar(255) CHARACTER SET utf8mb4 COLLATE utf8mb4_unicode_ci NOT NULL,
  PRIMARY KEY (`id`)
) ENGINE=InnoDB AUTO_INCREMENT=50 DEFAULT CHARSET=utf8mb4 COLLATE=utf8mb4_unicode_ci;
/*!40101 SET character_set_client = @saved_cs_client */;

--
-- Dumping data for table `county`
--

LOCK TABLES `county` WRITE;
/*!40000 ALTER TABLE `county` DISABLE KEYS */;
INSERT INTO `county` VALUES (1,'Mombasa County'),(2,'Kwale County'),(3,'Kilifi County'),(4,'Tana River County'),(5,'Lamu County'),(6,'Taita–Taveta County'),(7,'Garissa County'),(8,'Wajir County'),(9,'Mandera County'),(10,'Marsabit County'),(11,'Isiolo County'),(12,'Meru County'),(13,'Tharaka-Nithi County'),(14,'Embu County'),(15,'Kitui County'),(16,'Machakos County'),(17,'Makueni County'),(18,'Nyandarua County'),(19,'Nyeri County'),(20,'Kirinyaga County'),(21,'Murang\'a County'),(22,'Kiambu County'),(23,'Turkana County'),(24,'West Pokot County'),(25,'Samburu County'),(26,'Trans-Nzoia County'),(27,'Uasin Gishu County'),(28,'Elgeyo-Marakwet County'),(29,'Nandi County'),(30,'Baringo County'),(31,'Laikipia County'),(32,'Nakuru County'),(33,'Narok County'),(34,'Kajiado County'),(35,'Kericho County'),(36,'Bomet County'),(37,'Kakamega County'),(38,'Vihiga County'),(39,'Bungoma County'),(40,'Busia County'),(41,'Siaya County'),(42,'Kisumu County'),(43,'Homa Bay County'),(44,'Migori County'),(45,'Kisii County'),(46,'Nyamira County'),(47,'Nairobi County'),(48,'Kiambu'),(49,'Kiambu Town');
/*!40000 ALTER TABLE `county` ENABLE KEYS */;
UNLOCK TABLES;

--
-- Table structure for table `faq`
--

DROP TABLE IF EXISTS `faq`;
/*!40101 SET @saved_cs_client     = @@character_set_client */;
/*!50503 SET character_set_client = utf8mb4 */;
CREATE TABLE `faq` (
  `id` int NOT NULL AUTO_INCREMENT,
  `question` varchar(255) COLLATE utf8mb4_unicode_ci DEFAULT NULL,
  `answer` longtext COLLATE utf8mb4_unicode_ci,
  PRIMARY KEY (`id`)
) ENGINE=InnoDB AUTO_INCREMENT=8 DEFAULT CHARSET=utf8mb4 COLLATE=utf8mb4_unicode_ci;
/*!40101 SET character_set_client = @saved_cs_client */;

--
-- Dumping data for table `faq`
--

LOCK TABLES `faq` WRITE;
/*!40000 ALTER TABLE `faq` DISABLE KEYS */;
INSERT INTO `faq` VALUES (1,'What is Home Health Education Service?','<div>Our organization provides health education books to individuals and families in Kenya through a network of volunteer community educators.</div>'),(2,'How does the service work?','<div>Our trained volunteers go door-to-door and office-to-office, educating people about health topics and selling books that provide valuable health information.</div>'),(3,'What kind of books do you sell?','<div>We sell books covering various health topics, including nutrition, disease prevention, maternal and child health, mental wellness, child raising, family life, and general well-being.</div><div><br></div>'),(4,'How can I buy a book?','<div>You can purchase directly from our volunteer educators when they visit your home or office. Soon, our website will allow you to order books online.</div>'),(5,'Are the books available in local languages?','<div>Some of our books are available in Swahili and other local languages. Please ask our volunteers for language options.</div>'),(6,'How much do the books cost?','<div>Prices vary depending on the book. Please check with a volunteer educator or visit our website for pricing details.<br><br></div><div><br></div><div><br></div>'),(7,'Can I order books in bulk?','<div>Yes, we offer discounts for bulk purchases. Schools, organizations, and health facilities can contact us for special pricing.</div><div><br></div><div><br></div><div><br></div>');
/*!40000 ALTER TABLE `faq` ENABLE KEYS */;
UNLOCK TABLES;

--
-- Table structure for table `image`
--

DROP TABLE IF EXISTS `image`;
/*!40101 SET @saved_cs_client     = @@character_set_client */;
/*!50503 SET character_set_client = utf8mb4 */;
CREATE TABLE `image` (
  `id` int NOT NULL AUTO_INCREMENT,
  `title` varchar(255) COLLATE utf8mb4_unicode_ci DEFAULT NULL,
  `slug` varchar(255) COLLATE utf8mb4_unicode_ci DEFAULT NULL,
  `src` varchar(255) COLLATE utf8mb4_unicode_ci DEFAULT NULL,
  PRIMARY KEY (`id`)
) ENGINE=InnoDB AUTO_INCREMENT=5 DEFAULT CHARSET=utf8mb4 COLLATE=utf8mb4_unicode_ci;
/*!40101 SET character_set_client = @saved_cs_client */;

--
-- Dumping data for table `image`
--

LOCK TABLES `image` WRITE;
/*!40000 ALTER TABLE `image` DISABLE KEYS */;
INSERT INTO `image` VALUES (1,'About Image 1','about-image-1','img-20200311-150804-scaled-6158020a-1738256380.jpg'),(2,'About Image 2','about-image-2','books-630-1738256414.jpg'),(3,'About Image 3','about-image-3','disfruta-la-vida-ban-en-1738256444.png'),(4,'About Image 4','about-image-4','mente-positiva-en-ban-1738256468.png');
/*!40000 ALTER TABLE `image` ENABLE KEYS */;
UNLOCK TABLES;

--
-- Table structure for table `media`
--

DROP TABLE IF EXISTS `media`;
/*!40101 SET @saved_cs_client     = @@character_set_client */;
/*!50503 SET character_set_client = utf8mb4 */;
CREATE TABLE `media` (
  `id` int NOT NULL AUTO_INCREMENT,
  `blog_id` int DEFAULT NULL,
  `caption` varchar(255) CHARACTER SET utf8mb4 COLLATE utf8mb4_unicode_ci DEFAULT NULL,
  PRIMARY KEY (`id`),
  KEY `IDX_6A2CA10CDAE07E97` (`blog_id`),
  CONSTRAINT `FK_6A2CA10CDAE07E97` FOREIGN KEY (`blog_id`) REFERENCES `blog` (`id`)
) ENGINE=InnoDB DEFAULT CHARSET=utf8mb4 COLLATE=utf8mb4_unicode_ci;
/*!40101 SET character_set_client = @saved_cs_client */;

--
-- Dumping data for table `media`
--

LOCK TABLES `media` WRITE;
/*!40000 ALTER TABLE `media` DISABLE KEYS */;
/*!40000 ALTER TABLE `media` ENABLE KEYS */;
UNLOCK TABLES;

--
-- Table structure for table `message`
--

DROP TABLE IF EXISTS `message`;
/*!40101 SET @saved_cs_client     = @@character_set_client */;
/*!50503 SET character_set_client = utf8mb4 */;
CREATE TABLE `message` (
  `id` int NOT NULL AUTO_INCREMENT,
  `name` varchar(255) CHARACTER SET utf8mb4 COLLATE utf8mb4_unicode_ci NOT NULL,
  `email` varchar(255) CHARACTER SET utf8mb4 COLLATE utf8mb4_unicode_ci NOT NULL,
  `message` longtext CHARACTER SET utf8mb4 COLLATE utf8mb4_unicode_ci NOT NULL,
  `received_on` datetime NOT NULL,
  PRIMARY KEY (`id`)
) ENGINE=InnoDB AUTO_INCREMENT=23 DEFAULT CHARSET=utf8mb4 COLLATE=utf8mb4_unicode_ci;
/*!40101 SET character_set_client = @saved_cs_client */;

--
-- Dumping data for table `message`
--

LOCK TABLES `message` WRITE;
/*!40000 ALTER TABLE `message` DISABLE KEYS */;
INSERT INTO `message` VALUES (1,'Josiah Birai','maestrojosiah@gmail.com','There is a new order: Name: Josiah Birai, Street Address: Tel Aviv Street hse 40, County: Kiambu, Constituency: Westlands, Phone Number: 0705285959 ','2024-06-21 08:31:10'),(2,'Milcah Mueni','milcahkelly6@gmail.com','There is a new order: Name: Milcah Mueni, Street Address: Tel Aviv Street hse 40, County: Kiambu, Constituency: Westlands, Phone Number: 0711832933 ','2024-06-21 09:27:19'),(3,'Milcah Mueni','milcahkelly6@gmail.com','There is a new order: Name: Milcah Mueni, Street Address: Tel Aviv Street hse 40, County: Kiambu, Constituency: Westlands, Phone Number: 0711832933 ','2024-06-21 09:29:36'),(4,'Milcah Mueni','milcahkelly6@gmail.com','There is a new order: Name: Milcah Mueni, Street Address: Tel Aviv Street hse 40, County: Kiambu, Constituency: Westlands, Phone Number: 0711832933 ','2024-06-21 09:30:48'),(5,'Milcah Mueni','milcahkelly6@gmail.com','There is a new order: Name: Milcah Mueni, Street Address: Tel Aviv Street hse 40, County: Kiambu, Constituency: Westlands, Phone Number: 0711832933 ','2024-06-21 09:31:33'),(6,'Milcah Mueni','milcahkelly6@gmail.com','There is a new order: Name: Milcah Mueni, Street Address: Tel Aviv Street hse 40, County: Kiambu, Constituency: Westlands, Phone Number: 0711832933 ','2024-06-21 09:33:39'),(7,'Milcah Mueni','milcahkelly6@gmail.com','There is a new order: Name: Milcah Mueni, Street Address: Tel Aviv Street hse 40, County: Kiambu, Constituency: Westlands, Phone Number: 0711832933 ','2024-06-21 09:41:53'),(8,'Milcah Mueni','milcahkelly6@gmail.com','There is a new order: Name: Milcah Mueni, Street Address: Tel Aviv Street hse 40, County: Kiambu, Constituency: Westlands, Phone Number: 0711832933 ','2024-06-21 09:46:46'),(9,'Milcah Mueni','milcahkelly6@gmail.com','There is a new order: Name: Milcah Mueni, Street Address: Tel Aviv Street hse 40, County: Kiambu, Constituency: Westlands, Phone Number: 0711832933 ','2024-06-21 09:47:52'),(10,'Milcah Mueni','milcahkelly6@gmail.com','There is a new order: Name: Milcah Mueni, Street Address: Tel Aviv Street hse 40, County: Central, Constituency: Westlands, Phone Number: 0705285959 ','2024-06-21 12:09:36'),(11,'Joe Kayo','info@chezamusicschool.co.ke','There is a new order: Name: Joe Kayo, Street Address: Tel Aviv Street hse 40, County: Central, Constituency: Westlands, Phone Number: 0705285959 ','2024-06-21 14:29:40'),(12,'Joe Kayo','info@chezamusicschool.co.ke','There is a new order: Name: Joe Kayo, Street Address: Tel Aviv Street hse 40, County: Central, Constituency: Westlands, Phone Number: 0705285959 ','2024-06-22 21:49:36'),(13,'Joe Kayo','info@chezamusicschool.co.ke','There is a new order: Name: Joe Kayo, Street Address: Tel Aviv Street hse 40, County: Central, Constituency: Westlands, Phone Number: 0705285959 ','2024-06-26 08:50:03'),(14,'Joe Kayo','info@chezamusicschool.co.ke','There is a new order: Name: Joe Kayo, Street Address: Tel Aviv Street hse 40, County: Central, Constituency: Westlands, Phone Number: 0705285959 ','2024-06-30 10:56:11'),(15,'Simon Muruka','simonmbatia@gmail.com','There is a new order: Name: Simon Muruka, Street Address: Dunhill Towers, Westlands, County: Nairobi, Constituency: Westlands, Phone Number: 0724272824 ','2024-09-22 14:36:27'),(16,'Muhia Maina','hmuhia@gmail.com','There is a new order: Name: Muhia Maina, Street Address: 6821, County: Nairobi 00300, Constituency: Kasarani, Phone Number: 0724243279 ','2024-09-23 01:10:33'),(17,'Njoroge Mburu','njorogemburu6@gmail.com','There is a new order: Name: Njoroge Mburu, Street Address: 42276, County: Nairobi , Constituency: Githunguri, Phone Number: 0721575200 ','2024-09-28 13:52:45'),(18,'Gacheri Rosemary','gacerir45@gmail.com','There is a new order: Name: Gacheri Rosemary, Street Address: P.o  box 307 embu, County: Embu, Constituency: Mwea, Phone Number: 0702439850 ','2024-09-28 14:03:08'),(19,'Njoroge Mburu','njorogemburu6@gmail.com','There is a new order: Name: Njoroge Mburu, Street Address: 42276, County: Nairobi , Constituency: Githunguri, Phone Number: 0721575200 ','2024-09-28 14:06:24'),(20,'Trizah Waititu','twaititu76@gmail.com','There is a new order: Name: Trizah Waititu, Street Address: 300, County: Meru , Constituency: Central Imenti, Phone Number: 0795533691 ','2024-09-28 14:15:09'),(21,'Milcah Mueni','milkayo.keli@gmail.com','There is a new order: Name: Milcah Mueni, Street Address: Tel Aviv Street Hse 40, County: Kiambu, Constituency: Roysambu, Phone Number: 0736600033 ','2024-11-28 07:45:20'),(22,'Samuel Mogambi','ondiekimogambi@gmail.com','There is a new order: Name: Samuel Mogambi, Street Address: Nachu Plaza,7th floor, suite 714 Kiambere road, County: Nairobi, Constituency: Westlands, Phone Number: +254714336464 ','2024-12-16 19:50:38');
/*!40000 ALTER TABLE `message` ENABLE KEYS */;
UNLOCK TABLES;

--
-- Table structure for table `messenger_messages`
--

DROP TABLE IF EXISTS `messenger_messages`;
/*!40101 SET @saved_cs_client     = @@character_set_client */;
/*!50503 SET character_set_client = utf8mb4 */;
CREATE TABLE `messenger_messages` (
  `id` bigint NOT NULL AUTO_INCREMENT,
  `body` longtext CHARACTER SET utf8mb4 COLLATE utf8mb4_unicode_ci NOT NULL,
  `headers` longtext CHARACTER SET utf8mb4 COLLATE utf8mb4_unicode_ci NOT NULL,
  `queue_name` varchar(190) CHARACTER SET utf8mb4 COLLATE utf8mb4_unicode_ci NOT NULL,
  `created_at` datetime NOT NULL COMMENT '(DC2Type:datetime_immutable)',
  `available_at` datetime NOT NULL COMMENT '(DC2Type:datetime_immutable)',
  `delivered_at` datetime DEFAULT NULL COMMENT '(DC2Type:datetime_immutable)',
  PRIMARY KEY (`id`),
  KEY `IDX_75EA56E0FB7336F0` (`queue_name`),
  KEY `IDX_75EA56E0E3BD61CE` (`available_at`),
  KEY `IDX_75EA56E016BA31DB` (`delivered_at`)
) ENGINE=InnoDB DEFAULT CHARSET=utf8mb4 COLLATE=utf8mb4_unicode_ci;
/*!40101 SET character_set_client = @saved_cs_client */;

--
-- Dumping data for table `messenger_messages`
--

LOCK TABLES `messenger_messages` WRITE;
/*!40000 ALTER TABLE `messenger_messages` DISABLE KEYS */;
/*!40000 ALTER TABLE `messenger_messages` ENABLE KEYS */;
UNLOCK TABLES;

--
-- Table structure for table `order_history`
--

DROP TABLE IF EXISTS `order_history`;
/*!40101 SET @saved_cs_client     = @@character_set_client */;
/*!50503 SET character_set_client = utf8mb4 */;
CREATE TABLE `order_history` (
  `id` int NOT NULL AUTO_INCREMENT,
  `user_id` int NOT NULL,
  `shipping_address_id` int DEFAULT NULL,
  `order_status` varchar(255) CHARACTER SET utf8mb4 COLLATE utf8mb4_unicode_ci DEFAULT NULL,
  `payment_method` varchar(255) CHARACTER SET utf8mb4 COLLATE utf8mb4_unicode_ci DEFAULT NULL,
  `total_amount` varchar(255) CHARACTER SET utf8mb4 COLLATE utf8mb4_unicode_ci DEFAULT NULL,
  `shipping_method` varchar(255) CHARACTER SET utf8mb4 COLLATE utf8mb4_unicode_ci DEFAULT NULL,
  `payment_status` varchar(255) CHARACTER SET utf8mb4 COLLATE utf8mb4_unicode_ci DEFAULT NULL,
  `date_of_payment` datetime DEFAULT NULL,
  `delivery_date` datetime DEFAULT NULL,
  `notes` longtext CHARACTER SET utf8mb4 COLLATE utf8mb4_unicode_ci,
  `promo_code` varchar(255) CHARACTER SET utf8mb4 COLLATE utf8mb4_unicode_ci DEFAULT NULL,
  `order_discount` double DEFAULT NULL,
  `tax_amount` double DEFAULT NULL,
  `subtotal` double DEFAULT NULL,
  `order_date` datetime DEFAULT NULL,
  `shipping_amount` double DEFAULT NULL,
  `discount_amount` double DEFAULT NULL,
  `tracking_number` varchar(255) CHARACTER SET utf8mb4 COLLATE utf8mb4_unicode_ci DEFAULT NULL,
  PRIMARY KEY (`id`),
  KEY `IDX_D1C0D900A76ED395` (`user_id`),
  KEY `IDX_D1C0D9004D4CFF2B` (`shipping_address_id`),
  CONSTRAINT `FK_D1C0D9004D4CFF2B` FOREIGN KEY (`shipping_address_id`) REFERENCES `address` (`id`),
  CONSTRAINT `FK_D1C0D900A76ED395` FOREIGN KEY (`user_id`) REFERENCES `user` (`id`)
) ENGINE=InnoDB DEFAULT CHARSET=utf8mb4 COLLATE=utf8mb4_unicode_ci;
/*!40101 SET character_set_client = @saved_cs_client */;

--
-- Dumping data for table `order_history`
--

LOCK TABLES `order_history` WRITE;
/*!40000 ALTER TABLE `order_history` DISABLE KEYS */;
/*!40000 ALTER TABLE `order_history` ENABLE KEYS */;
UNLOCK TABLES;

--
-- Table structure for table `order_item`
--

DROP TABLE IF EXISTS `order_item`;
/*!40101 SET @saved_cs_client     = @@character_set_client */;
/*!50503 SET character_set_client = utf8mb4 */;
CREATE TABLE `order_item` (
  `id` int NOT NULL AUTO_INCREMENT,
  `orderr_id` int DEFAULT NULL,
  `book_id` int DEFAULT NULL,
  `user_id` int DEFAULT NULL,
  `quantity` int DEFAULT NULL,
  `price_per_unit` double DEFAULT NULL,
  `total_price` double DEFAULT NULL,
  `discount_amount` double DEFAULT NULL,
  `tax_amount` double DEFAULT NULL,
  `subtotal` double DEFAULT NULL,
  `book_variant` varchar(255) CHARACTER SET utf8mb4 COLLATE utf8mb4_unicode_ci DEFAULT NULL,
  `is_gift` tinyint(1) DEFAULT NULL,
  `gift_message` longtext CHARACTER SET utf8mb4 COLLATE utf8mb4_unicode_ci,
  `notes` longtext CHARACTER SET utf8mb4 COLLATE utf8mb4_unicode_ci,
  `shipping_status` varchar(255) CHARACTER SET utf8mb4 COLLATE utf8mb4_unicode_ci DEFAULT NULL,
  `delivery_date` datetime DEFAULT NULL,
  `payment_date` datetime DEFAULT NULL,
  PRIMARY KEY (`id`),
  KEY `IDX_52EA1F097742FDB3` (`orderr_id`),
  KEY `IDX_52EA1F0916A2B381` (`book_id`),
  KEY `IDX_52EA1F09A76ED395` (`user_id`),
  CONSTRAINT `FK_52EA1F0916A2B381` FOREIGN KEY (`book_id`) REFERENCES `book` (`id`),
  CONSTRAINT `FK_52EA1F097742FDB3` FOREIGN KEY (`orderr_id`) REFERENCES `orderr` (`id`),
  CONSTRAINT `FK_52EA1F09A76ED395` FOREIGN KEY (`user_id`) REFERENCES `user` (`id`)
) ENGINE=InnoDB AUTO_INCREMENT=236 DEFAULT CHARSET=utf8mb4 COLLATE=utf8mb4_unicode_ci;
/*!40101 SET character_set_client = @saved_cs_client */;

--
-- Dumping data for table `order_item`
--

LOCK TABLES `order_item` WRITE;
/*!40000 ALTER TABLE `order_item` DISABLE KEYS */;
INSERT INTO `order_item` VALUES (12,2,18,NULL,1,5100,5100,NULL,0,5100,NULL,NULL,NULL,NULL,'processing',NULL,NULL),(13,2,48,NULL,2,3700,7400,NULL,0,7400,NULL,NULL,NULL,NULL,'processing',NULL,NULL),(14,3,1,NULL,1,6800,6800,NULL,0,6800,NULL,NULL,NULL,NULL,'processing',NULL,NULL),(15,3,3,NULL,1,5100,5100,NULL,0,5100,NULL,NULL,NULL,NULL,'processing',NULL,NULL),(16,3,2,NULL,2,5800,11600,NULL,0,11600,NULL,NULL,NULL,NULL,'processing',NULL,NULL),(17,4,12,NULL,2,5100,10200,NULL,0,10200,NULL,NULL,NULL,NULL,'processing',NULL,NULL),(19,6,3,NULL,1,5100,5100,NULL,0,5100,NULL,NULL,NULL,NULL,'processing',NULL,NULL),(20,7,22,NULL,1,4100,4100,NULL,0,4100,NULL,NULL,NULL,NULL,'processing',NULL,NULL),(21,8,1,NULL,1,6800,6800,NULL,0,6800,NULL,NULL,NULL,NULL,'processing',NULL,NULL),(22,9,8,NULL,1,100,100,NULL,0,100,NULL,NULL,NULL,NULL,'processing',NULL,NULL),(23,9,52,NULL,1,300,300,NULL,0,300,NULL,NULL,NULL,NULL,'processing',NULL,NULL),(26,11,2,NULL,1,7100,7100,NULL,0,7100,NULL,NULL,NULL,NULL,'processing',NULL,NULL),(27,11,8,NULL,1,100,100,NULL,0,100,NULL,NULL,NULL,NULL,'processing',NULL,NULL),(28,NULL,2,2,1,7100,7100,NULL,0,7100,NULL,NULL,NULL,NULL,'processing',NULL,NULL),(29,12,2,NULL,1,7100,7100,NULL,0,7100,NULL,NULL,NULL,NULL,'processing',NULL,NULL),(30,13,57,NULL,1,9600,9600,NULL,0,9600,NULL,NULL,NULL,NULL,'processing',NULL,NULL),(31,14,19,NULL,1,9600,9600,NULL,0,9600,NULL,NULL,NULL,NULL,'processing',NULL,NULL),(32,15,17,NULL,1,34100,34100,NULL,0,34100,NULL,NULL,NULL,NULL,'processing',NULL,NULL),(33,16,91,NULL,1,1150,1150,NULL,0,1150,NULL,NULL,NULL,NULL,'processing',NULL,NULL),(34,17,31,NULL,1,9600,9600,NULL,0,9600,NULL,NULL,NULL,NULL,'processing',NULL,NULL),(35,18,48,NULL,1,4500,4500,NULL,0,4500,NULL,NULL,NULL,NULL,'processing',NULL,NULL),(36,19,31,NULL,1,9600,9600,NULL,0,9600,NULL,NULL,NULL,NULL,'processing',NULL,NULL),(37,10,4,2,1,9600,9600,NULL,0,9600,NULL,NULL,NULL,NULL,'processing',NULL,NULL),(38,20,68,NULL,1,730,730,NULL,0,730,NULL,NULL,NULL,NULL,'processing',NULL,NULL),(39,20,49,NULL,1,2700,2700,NULL,0,2700,NULL,NULL,NULL,NULL,'processing',NULL,NULL),(40,21,26,NULL,1,7400,7400,NULL,0,7400,NULL,NULL,NULL,NULL,'processing',NULL,NULL),(41,22,36,NULL,37,4600,4600,NULL,0,4600,NULL,NULL,NULL,NULL,'processing',NULL,NULL),(42,23,57,NULL,1,9600,9600,NULL,0,9600,NULL,NULL,NULL,NULL,'processing',NULL,NULL),(43,22,42,NULL,4,4200,4200,NULL,0,4200,NULL,NULL,NULL,NULL,'processing',NULL,NULL),(44,22,1,NULL,1,7400,7400,NULL,0,7400,NULL,NULL,NULL,NULL,'processing',NULL,NULL),(45,24,4,NULL,1,9600,9600,NULL,0,9600,NULL,NULL,NULL,NULL,'processing',NULL,NULL),(46,25,12,NULL,1,5600,5600,NULL,0,5600,NULL,NULL,NULL,NULL,'processing',NULL,NULL),(47,26,57,NULL,1,9600,9600,NULL,0,9600,NULL,NULL,NULL,NULL,'processing',NULL,NULL),(48,27,12,NULL,1,5600,5600,NULL,0,5600,NULL,NULL,NULL,NULL,'processing',NULL,NULL),(49,28,12,NULL,1,5600,5600,NULL,0,5600,NULL,NULL,NULL,NULL,'processing',NULL,NULL),(50,28,57,NULL,1,9600,9600,NULL,0,9600,NULL,NULL,NULL,NULL,'processing',NULL,NULL),(51,29,52,NULL,6,300,300,NULL,0,300,NULL,NULL,NULL,NULL,'processing',NULL,NULL),(52,29,69,NULL,2,1500,3000,NULL,0,3000,NULL,NULL,NULL,NULL,'processing',NULL,NULL),(53,30,1,NULL,1,7400,7400,NULL,0,7400,NULL,NULL,NULL,NULL,'processing',NULL,NULL),(54,31,52,NULL,400,300,30000,NULL,0,30000,NULL,NULL,NULL,NULL,'processing',NULL,NULL),(55,32,8,NULL,1,100,100,NULL,0,100,NULL,NULL,NULL,NULL,'processing',NULL,NULL),(56,33,57,NULL,1,9600,9600,NULL,0,9600,NULL,NULL,NULL,NULL,'processing',NULL,NULL),(57,34,1,NULL,1,7400,7400,NULL,0,7400,NULL,NULL,NULL,NULL,'processing',NULL,NULL),(58,35,42,NULL,1,4200,4200,NULL,0,4200,NULL,NULL,NULL,NULL,'processing',NULL,NULL),(59,36,1,NULL,4,7400,7400,NULL,0,7400,NULL,NULL,NULL,NULL,'processing',NULL,NULL),(60,37,1,NULL,6,7400,7400,NULL,0,7400,NULL,NULL,NULL,NULL,'processing',NULL,NULL),(61,38,1,NULL,1,7400,7400,NULL,0,7400,NULL,NULL,NULL,NULL,'processing',NULL,NULL),(62,39,1,NULL,1,7400,7400,NULL,0,7400,NULL,NULL,NULL,NULL,'processing',NULL,NULL),(63,40,1,NULL,1,7400,7400,NULL,0,7400,NULL,NULL,NULL,NULL,'processing',NULL,NULL),(64,41,31,NULL,1,9600,9600,NULL,0,9600,NULL,NULL,NULL,NULL,'processing',NULL,NULL),(65,42,1,NULL,2,7400,7400,NULL,0,7400,NULL,NULL,NULL,NULL,'processing',NULL,NULL),(66,43,18,NULL,1,4420,4420,NULL,0,4420,NULL,NULL,NULL,NULL,'processing',NULL,NULL),(67,44,57,NULL,1,9600,9600,NULL,0,9600,NULL,NULL,NULL,NULL,'processing',NULL,NULL),(68,45,103,189,1,380,380,NULL,0,380,NULL,NULL,NULL,NULL,'processing',NULL,NULL),(69,46,57,184,1,9600,9600,NULL,0,9600,NULL,NULL,NULL,NULL,'processing',NULL,NULL),(70,48,107,188,1,570,570,NULL,0,570,NULL,NULL,NULL,NULL,'processing',NULL,NULL),(71,47,13,179,2,37000,37000,NULL,0,37000,NULL,NULL,NULL,NULL,'processing',NULL,NULL),(72,49,24,NULL,1,9600,9600,NULL,0,9600,NULL,NULL,NULL,NULL,'processing',NULL,NULL),(73,49,2,NULL,4,7100,7100,NULL,0,7100,NULL,NULL,NULL,NULL,'processing',NULL,NULL),(74,NULL,2,NULL,1,7100,7100,NULL,0,7100,NULL,NULL,NULL,NULL,'processing',NULL,NULL),(75,NULL,2,NULL,1,7100,7100,NULL,0,7100,NULL,NULL,NULL,NULL,'processing',NULL,NULL),(76,NULL,2,NULL,1,7100,7100,NULL,0,7100,NULL,NULL,NULL,NULL,'processing',NULL,NULL),(77,50,36,187,1,4600,4600,NULL,0,4600,NULL,NULL,NULL,NULL,'processing',NULL,NULL),(79,52,26,NULL,1,7400,7400,NULL,0,7400,NULL,NULL,NULL,NULL,'processing',NULL,NULL),(80,53,4,210,1,9600,9600,NULL,0,9600,NULL,NULL,NULL,NULL,'processing',NULL,NULL),(81,54,57,207,1,9600,9600,NULL,0,9600,NULL,NULL,NULL,NULL,'processing',NULL,NULL),(82,55,22,194,1,5600,5600,NULL,0,5600,NULL,NULL,NULL,NULL,'processing',NULL,NULL),(83,56,1,178,2,7400,7400,NULL,0,7400,NULL,NULL,NULL,NULL,'processing',NULL,NULL),(84,57,57,180,1,9600,9600,NULL,0,9600,NULL,NULL,NULL,NULL,'processing',NULL,NULL),(85,58,41,191,2,4500,9000,NULL,0,4500,NULL,NULL,NULL,NULL,'processing',NULL,NULL),(86,59,2,195,1,7100,7100,NULL,0,7100,NULL,NULL,NULL,NULL,'processing',NULL,NULL),(87,60,13,198,2,37000,37000,NULL,0,37000,NULL,NULL,NULL,NULL,'processing',NULL,NULL),(88,61,16,185,1,25950,25950,NULL,0,25950,NULL,NULL,NULL,NULL,'processing',NULL,NULL),(89,48,26,188,1,7400,7400,NULL,0,7400,NULL,NULL,NULL,NULL,'processing',NULL,NULL),(90,55,1,194,1,7400,7400,NULL,0,7400,NULL,NULL,NULL,NULL,'processing',NULL,NULL),(91,62,18,186,8,4420,4420,NULL,0,4420,NULL,NULL,NULL,NULL,'processing',NULL,NULL),(92,NULL,18,186,1,4420,4420,NULL,0,4420,NULL,NULL,NULL,NULL,'processing',NULL,NULL),(93,NULL,18,186,1,4420,4420,NULL,0,4420,NULL,NULL,NULL,NULL,'processing',NULL,NULL),(94,NULL,18,186,1,4420,4420,NULL,0,4420,NULL,NULL,NULL,NULL,'processing',NULL,NULL),(95,NULL,18,186,1,4420,4420,NULL,0,4420,NULL,NULL,NULL,NULL,'processing',NULL,NULL),(96,64,40,209,1,4500,4500,NULL,0,4500,NULL,NULL,NULL,NULL,'processing',NULL,NULL),(97,63,16,206,1,25950,25950,NULL,0,25950,NULL,NULL,NULL,NULL,'processing',NULL,NULL),(99,51,57,193,1,9600,9600,NULL,0,9600,NULL,NULL,NULL,NULL,'processing',NULL,NULL),(100,NULL,18,186,1,4420,4420,NULL,0,4420,NULL,NULL,NULL,NULL,'processing',NULL,NULL),(101,NULL,18,186,1,4420,4420,NULL,0,4420,NULL,NULL,NULL,NULL,'processing',NULL,NULL),(102,NULL,18,186,1,4420,4420,NULL,0,4420,NULL,NULL,NULL,NULL,'processing',NULL,NULL),(103,62,57,186,1,9600,9600,NULL,0,9600,NULL,NULL,NULL,NULL,'processing',NULL,NULL),(104,66,42,199,1,4200,4200,NULL,0,4200,NULL,NULL,NULL,NULL,'processing',NULL,NULL),(105,67,57,182,3,9600,9600,NULL,0,9600,NULL,NULL,NULL,NULL,'processing',NULL,NULL),(106,NULL,57,182,1,9600,9600,NULL,0,9600,NULL,NULL,NULL,NULL,'processing',NULL,NULL),(107,NULL,57,182,1,9600,9600,NULL,0,9600,NULL,NULL,NULL,NULL,'processing',NULL,NULL),(108,54,1,207,1,7400,7400,NULL,0,7400,NULL,NULL,NULL,NULL,'processing',NULL,NULL),(109,68,13,208,1,37000,37000,NULL,0,37000,NULL,NULL,NULL,NULL,'processing',NULL,NULL),(110,47,9,179,2,5600,5600,NULL,0,5600,NULL,NULL,NULL,NULL,'processing',NULL,NULL),(111,51,36,193,1,4600,4600,NULL,0,4600,NULL,NULL,NULL,NULL,'processing',NULL,NULL),(112,69,40,NULL,2,4500,4500,NULL,0,4500,NULL,NULL,NULL,NULL,'processing',NULL,NULL),(113,62,5,186,1,5600,5600,NULL,0,5600,NULL,NULL,NULL,NULL,'processing',NULL,NULL),(114,62,1,186,4,7400,7400,NULL,0,7400,NULL,NULL,NULL,NULL,'processing',NULL,NULL),(115,70,26,205,1,7400,7400,NULL,0,7400,NULL,NULL,NULL,NULL,'processing',NULL,NULL),(116,71,23,NULL,1,5600,5600,NULL,0,5600,NULL,NULL,NULL,NULL,'processing',NULL,NULL),(117,70,2,205,1,7100,7100,NULL,0,7100,NULL,NULL,NULL,NULL,'processing',NULL,NULL),(118,NULL,1,186,1,7400,7400,NULL,0,7400,NULL,NULL,NULL,NULL,'processing',NULL,NULL),(119,72,22,203,3,5600,5600,NULL,0,5600,NULL,NULL,NULL,NULL,'processing',NULL,NULL),(120,72,1,203,4,7400,7400,NULL,0,7400,NULL,NULL,NULL,NULL,'processing',NULL,NULL),(122,NULL,1,178,1,7400,7400,NULL,0,7400,NULL,NULL,NULL,NULL,'processing',NULL,NULL),(124,63,4,206,1,9600,9600,NULL,0,9600,NULL,NULL,NULL,NULL,'processing',NULL,NULL),(125,63,1,206,1,7400,7400,NULL,0,7400,NULL,NULL,NULL,NULL,'processing',NULL,NULL),(127,74,3,NULL,1,5600,5600,NULL,0,5600,NULL,NULL,NULL,NULL,'processing',NULL,NULL),(128,NULL,1,203,1,7400,7400,NULL,0,7400,NULL,NULL,NULL,NULL,'processing',NULL,NULL),(129,NULL,1,203,1,7400,7400,NULL,0,7400,NULL,NULL,NULL,NULL,'processing',NULL,NULL),(131,NULL,1,203,1,7400,7400,NULL,0,7400,NULL,NULL,NULL,NULL,'processing',NULL,NULL),(132,75,4,190,1,9600,9600,NULL,0,9600,NULL,NULL,NULL,NULL,'processing',NULL,NULL),(133,54,9,207,1,5600,5600,NULL,0,5600,NULL,NULL,NULL,NULL,'processing',NULL,NULL),(134,76,49,204,1,2700,2700,NULL,0,2700,NULL,NULL,NULL,NULL,'processing',NULL,NULL),(135,48,48,188,1,4500,4500,NULL,0,4500,NULL,NULL,NULL,NULL,'processing',NULL,NULL),(137,NULL,1,186,1,7400,7400,NULL,0,7400,NULL,NULL,NULL,NULL,'processing',NULL,NULL),(138,74,2,NULL,1,7100,7100,NULL,0,7100,NULL,NULL,NULL,NULL,'processing',NULL,NULL),(139,NULL,13,198,1,37000,37000,NULL,0,37000,NULL,NULL,NULL,NULL,'processing',NULL,NULL),(140,76,46,204,1,4100,4100,NULL,0,4100,NULL,NULL,NULL,NULL,'processing',NULL,NULL),(141,76,1,204,1,7400,7400,NULL,0,7400,NULL,NULL,NULL,NULL,'processing',NULL,NULL),(142,77,2,180,1,7100,7100,NULL,0,7100,NULL,NULL,NULL,NULL,'processing',NULL,NULL),(143,76,12,204,1,5600,5600,NULL,0,5600,NULL,NULL,NULL,NULL,'processing',NULL,NULL),(145,79,11,NULL,1,29650,29650,NULL,0,29650,NULL,NULL,NULL,NULL,'processing',NULL,NULL),(146,80,57,NULL,1,9600,9600,NULL,0,9600,NULL,NULL,NULL,NULL,'processing',NULL,NULL),(147,79,40,NULL,1,4500,4500,NULL,0,4500,NULL,NULL,NULL,NULL,'processing',NULL,NULL),(148,73,36,212,3,4600,13800,NULL,0,13800,NULL,NULL,NULL,NULL,'processing',NULL,NULL),(149,NULL,1,186,1,7400,7400,NULL,0,7400,NULL,NULL,NULL,NULL,'processing',NULL,NULL),(150,73,1,212,1,7400,7400,NULL,0,7400,NULL,NULL,NULL,NULL,'processing',NULL,NULL),(151,62,23,186,1,5600,5600,NULL,0,5600,NULL,NULL,NULL,NULL,'processing',NULL,NULL),(152,74,1,NULL,1,7400,7400,NULL,0,7400,NULL,NULL,NULL,NULL,'processing',NULL,NULL),(153,61,29,185,1,3900,3900,NULL,0,3900,NULL,NULL,NULL,NULL,'processing',NULL,NULL),(154,81,36,NULL,2,4600,4600,NULL,0,4600,NULL,NULL,NULL,NULL,'processing',NULL,NULL),(155,82,3,NULL,1,5600,5600,NULL,0,5600,NULL,NULL,NULL,NULL,'processing',NULL,NULL),(156,83,18,177,1,4420,4420,NULL,0,4420,NULL,NULL,NULL,NULL,'processing',NULL,NULL),(157,80,4,NULL,1,9600,9600,NULL,0,9600,NULL,NULL,NULL,NULL,'processing',NULL,NULL),(158,84,10,NULL,1,4300,4300,NULL,0,4300,NULL,NULL,NULL,NULL,'processing',NULL,NULL),(159,85,48,NULL,1,4500,4500,NULL,0,4500,NULL,NULL,NULL,NULL,'processing',NULL,NULL),(160,85,13,NULL,1,37000,37000,NULL,0,37000,NULL,NULL,NULL,NULL,'processing',NULL,NULL),(161,86,3,217,1,5600,5600,NULL,0,5600,NULL,NULL,NULL,NULL,'processing',NULL,NULL),(162,87,13,NULL,2,37000,37000,NULL,0,37000,NULL,NULL,NULL,NULL,'processing',NULL,NULL),(163,88,13,NULL,1,37000,37000,NULL,0,37000,NULL,NULL,NULL,NULL,'processing',NULL,NULL),(164,NULL,13,NULL,1,37000,37000,NULL,0,37000,NULL,NULL,NULL,NULL,'processing',NULL,NULL),(165,86,1,217,1,7400,7400,NULL,0,7400,NULL,NULL,NULL,NULL,'processing',NULL,NULL),(166,89,26,NULL,1,7400,7400,NULL,0,7400,NULL,NULL,NULL,NULL,'processing',NULL,NULL),(167,90,26,218,1,7400,7400,NULL,0,7400,NULL,NULL,NULL,NULL,'processing',NULL,NULL),(168,90,4,218,1,9600,9600,NULL,0,9600,NULL,NULL,NULL,NULL,'processing',NULL,NULL),(169,91,16,NULL,1,25950,25950,NULL,0,25950,NULL,NULL,NULL,NULL,'processing',NULL,NULL),(172,93,2,NULL,1,7100,7100,NULL,0,7100,NULL,NULL,NULL,NULL,'processing',NULL,NULL),(173,94,9,NULL,1,5600,5600,NULL,0,5600,NULL,NULL,NULL,NULL,'processing',NULL,NULL),(174,95,29,NULL,3,3900,3900,NULL,0,3900,NULL,NULL,NULL,NULL,'processing',NULL,NULL),(175,96,2,220,1,7100,7100,NULL,0,7100,NULL,NULL,NULL,NULL,'processing',NULL,NULL),(176,97,10,NULL,2,4300,4300,NULL,0,4300,NULL,NULL,NULL,NULL,'processing',NULL,NULL),(177,98,103,NULL,1,380,380,NULL,0,380,NULL,NULL,NULL,NULL,'processing',NULL,NULL),(178,99,26,NULL,1,7400,7400,NULL,0,7400,NULL,NULL,NULL,NULL,'processing',NULL,NULL),(179,100,57,NULL,1,9600,9600,NULL,0,9600,NULL,NULL,NULL,NULL,'processing',NULL,NULL),(180,101,16,NULL,1,25950,25950,NULL,0,25950,NULL,NULL,NULL,NULL,'processing',NULL,NULL),(181,101,5,NULL,1,5600,5600,NULL,0,5600,NULL,NULL,NULL,NULL,'processing',NULL,NULL),(182,102,31,NULL,1,9600,9600,NULL,0,9600,NULL,NULL,NULL,NULL,'processing',NULL,NULL),(183,103,105,NULL,1,560,560,NULL,0,560,NULL,NULL,NULL,NULL,'processing',NULL,NULL),(184,104,57,NULL,2,9600,9600,NULL,0,9600,NULL,NULL,NULL,NULL,'processing',NULL,NULL),(185,105,40,NULL,1,4500,4500,NULL,0,4500,NULL,NULL,NULL,NULL,'processing',NULL,NULL),(186,106,78,NULL,1,2250,2250,NULL,0,2250,NULL,NULL,NULL,NULL,'processing',NULL,NULL),(187,106,112,NULL,1,120,120,NULL,0,120,NULL,NULL,NULL,NULL,'processing',NULL,NULL),(188,107,123,NULL,1,4500,4500,NULL,0,4500,NULL,NULL,NULL,NULL,'processing',NULL,NULL),(189,108,81,NULL,2,860,860,NULL,0,860,NULL,NULL,NULL,NULL,'processing',NULL,NULL),(192,109,29,NULL,1,3900,3900,NULL,0,3900,NULL,NULL,NULL,NULL,'processing',NULL,NULL),(193,109,22,NULL,1,5600,5600,NULL,0,5600,NULL,NULL,NULL,NULL,'processing',NULL,NULL),(194,110,57,NULL,1,9600,9600,NULL,0,9600,NULL,NULL,NULL,NULL,'processing',NULL,NULL),(195,111,51,NULL,1,5200,5200,NULL,0,5200,NULL,NULL,NULL,NULL,'processing',NULL,NULL),(196,112,88,NULL,1,930,930,NULL,0,930,NULL,NULL,NULL,NULL,'processing',NULL,NULL),(197,113,17,NULL,1,34100,34100,NULL,0,34100,NULL,NULL,NULL,NULL,'processing',NULL,NULL),(198,114,11,NULL,2,29650,29650,NULL,0,29650,NULL,NULL,NULL,NULL,'processing',NULL,NULL),(199,115,52,NULL,1,300,300,NULL,0,300,NULL,NULL,NULL,NULL,'processing',NULL,NULL),(200,116,12,NULL,1,5600,5600,NULL,0,5600,NULL,NULL,NULL,NULL,'processing',NULL,NULL),(201,117,57,NULL,2,9600,9600,NULL,0,9600,NULL,NULL,NULL,NULL,'processing',NULL,NULL),(202,118,57,NULL,1,9600,9600,NULL,0,9600,NULL,NULL,NULL,NULL,'processing',NULL,NULL),(203,119,57,NULL,1,9600,9600,NULL,0,9600,NULL,NULL,NULL,NULL,'processing',NULL,NULL),(204,120,1,253,2,7400,7400,NULL,0,7400,NULL,NULL,NULL,NULL,'processing',NULL,NULL),(205,NULL,1,253,1,7400,7400,NULL,0,7400,NULL,NULL,NULL,NULL,'processing',NULL,NULL),(206,10,3,2,1,5600,5600,NULL,0,5600,NULL,NULL,NULL,NULL,'processing',NULL,NULL),(208,122,86,NULL,3,790,790,NULL,0,790,NULL,NULL,NULL,NULL,'processing',NULL,NULL),(209,123,57,NULL,1,9600,9600,NULL,0,9600,NULL,NULL,NULL,NULL,'processing',NULL,NULL),(210,124,118,NULL,1,3750,3750,NULL,0,3750,NULL,NULL,NULL,NULL,'processing',NULL,NULL),(211,125,118,NULL,1,3750,3750,NULL,0,3750,NULL,NULL,NULL,NULL,'processing',NULL,NULL),(212,126,25,NULL,1,12900,12900,NULL,0,12900,NULL,NULL,NULL,NULL,'processing',NULL,NULL),(213,127,51,NULL,1,5200,5200,NULL,0,5200,NULL,NULL,NULL,NULL,'processing',NULL,NULL),(214,128,12,NULL,1,5600,5600,NULL,0,5600,NULL,NULL,NULL,NULL,'processing',NULL,NULL),(215,128,48,NULL,1,4500,4500,NULL,0,4500,NULL,NULL,NULL,NULL,'processing',NULL,NULL),(216,128,23,NULL,1,5600,5600,NULL,0,5600,NULL,NULL,NULL,NULL,'processing',NULL,NULL),(217,128,19,NULL,1,9600,9600,NULL,0,9600,NULL,NULL,NULL,NULL,'processing',NULL,NULL),(218,128,16,NULL,1,25950,25950,NULL,0,25950,NULL,NULL,NULL,NULL,'processing',NULL,NULL),(219,129,7,NULL,1,5600,5600,NULL,0,5600,NULL,NULL,NULL,NULL,'processing',NULL,NULL),(220,130,58,NULL,1,300,300,NULL,0,300,NULL,NULL,NULL,NULL,'processing',NULL,NULL),(221,131,61,NULL,1,700,700,NULL,0,700,NULL,NULL,NULL,NULL,'processing',NULL,NULL),(222,132,115,NULL,1,5400,5400,NULL,0,5400,NULL,NULL,NULL,NULL,'processing',NULL,NULL),(223,133,159,NULL,1,1500,1500,NULL,0,1500,NULL,NULL,NULL,NULL,'processing',NULL,NULL),(224,134,18,NULL,2,4420,4420,NULL,0,4420,NULL,NULL,NULL,NULL,'processing',NULL,NULL),(225,135,137,NULL,1,1860,1860,NULL,0,1860,NULL,NULL,NULL,NULL,'processing',NULL,NULL),(226,135,47,NULL,1,4100,4100,NULL,0,4100,NULL,NULL,NULL,NULL,'processing',NULL,NULL),(227,136,72,NULL,1,980,980,NULL,0,980,NULL,NULL,NULL,NULL,'processing',NULL,NULL),(228,137,161,NULL,1,700,700,NULL,0,700,NULL,NULL,NULL,NULL,'processing',NULL,NULL),(229,138,24,NULL,1,9600,9600,NULL,0,9600,NULL,NULL,NULL,NULL,'processing',NULL,NULL),(230,139,57,165,1,9600,9600,NULL,0,9600,NULL,NULL,NULL,NULL,'processing',NULL,NULL),(231,140,134,8,1,4420,4420,NULL,0,4420,NULL,NULL,NULL,NULL,'processing',NULL,NULL),(232,141,49,NULL,1,2700,2700,NULL,0,2700,NULL,NULL,NULL,NULL,'processing',NULL,NULL),(233,142,192,NULL,1,600,600,NULL,0,600,NULL,NULL,NULL,NULL,'processing',NULL,NULL),(234,143,129,NULL,1,10000,10000,NULL,0,10000,NULL,NULL,NULL,NULL,'processing',NULL,NULL),(235,144,5,NULL,1,5600,5600,NULL,0,5600,NULL,NULL,NULL,NULL,'processing',NULL,NULL);
/*!40000 ALTER TABLE `order_item` ENABLE KEYS */;
UNLOCK TABLES;

--
-- Table structure for table `orderr`
--

DROP TABLE IF EXISTS `orderr`;
/*!40101 SET @saved_cs_client     = @@character_set_client */;
/*!50503 SET character_set_client = utf8mb4 */;
CREATE TABLE `orderr` (
  `id` int NOT NULL AUTO_INCREMENT,
  `user_id` int DEFAULT NULL,
  `shipping_address_id` int DEFAULT NULL,
  `order_status` varchar(255) CHARACTER SET utf8mb4 COLLATE utf8mb4_unicode_ci DEFAULT NULL,
  `payment_method` varchar(255) CHARACTER SET utf8mb4 COLLATE utf8mb4_unicode_ci DEFAULT NULL,
  `total_amount` double DEFAULT NULL,
  `tax_amount` double DEFAULT NULL,
  `shipping_amount` double DEFAULT NULL,
  `subtotal` double DEFAULT NULL,
  `discount_amount` double DEFAULT NULL,
  `tracking_number` varchar(255) CHARACTER SET utf8mb4 COLLATE utf8mb4_unicode_ci DEFAULT NULL,
  `shipping_method` varchar(255) CHARACTER SET utf8mb4 COLLATE utf8mb4_unicode_ci DEFAULT NULL,
  `payment_status` varchar(255) CHARACTER SET utf8mb4 COLLATE utf8mb4_unicode_ci DEFAULT NULL,
  `payment_date` datetime DEFAULT NULL,
  `notes` longtext CHARACTER SET utf8mb4 COLLATE utf8mb4_unicode_ci,
  `promo_code` varchar(255) CHARACTER SET utf8mb4 COLLATE utf8mb4_unicode_ci DEFAULT NULL,
  `delivery_status` varchar(255) CHARACTER SET utf8mb4 COLLATE utf8mb4_unicode_ci DEFAULT NULL,
  `delivery_date` datetime DEFAULT NULL,
  `order_date` datetime DEFAULT NULL,
  `express` tinyint(1) DEFAULT NULL,
  `agent_id` int DEFAULT NULL,
  PRIMARY KEY (`id`),
  KEY `IDX_9228CD78A76ED395` (`user_id`),
  KEY `IDX_9228CD784D4CFF2B` (`shipping_address_id`),
  KEY `IDX_9228CD783414710B` (`agent_id`),
  CONSTRAINT `FK_9228CD783414710B` FOREIGN KEY (`agent_id`) REFERENCES `user` (`id`),
  CONSTRAINT `FK_9228CD784D4CFF2B` FOREIGN KEY (`shipping_address_id`) REFERENCES `address` (`id`),
  CONSTRAINT `FK_9228CD78A76ED395` FOREIGN KEY (`user_id`) REFERENCES `user` (`id`)
) ENGINE=InnoDB AUTO_INCREMENT=145 DEFAULT CHARSET=utf8mb4 COLLATE=utf8mb4_unicode_ci;
/*!40101 SET character_set_client = @saved_cs_client */;

--
-- Dumping data for table `orderr`
--

LOCK TABLES `orderr` WRITE;
/*!40000 ALTER TABLE `orderr` DISABLE KEYS */;
INSERT INTO `orderr` VALUES (2,155,2,'processing','mpesa_on_delivery',12500,0,0,12500,NULL,'240621-7167','delivery','pending',NULL,'Notes about this order',NULL,'in_transit',NULL,'2024-06-21 09:22:42',NULL,154),(3,155,2,'processing','mpesa',23500,0,0,23500,NULL,'240621-5067','delivery','pending',NULL,'Some notes here',NULL,'in_transit',NULL,'2024-06-21 12:08:12',NULL,154),(4,NULL,NULL,'cart','mpesa_on_delivery',NULL,NULL,NULL,NULL,NULL,'240621-4590',NULL,'pending',NULL,NULL,NULL,'not_shipped',NULL,'2024-06-21 13:04:06',NULL,NULL),(6,165,4,'processing','mpesa_on_delivery',5100,0,0,5100,NULL,'240622-7323','delivery','pending',NULL,'Special notes',NULL,'in_transit',NULL,'2024-06-22 21:47:57',NULL,8),(7,NULL,NULL,'cart','mpesa_on_delivery',NULL,NULL,NULL,NULL,NULL,'240623-4586',NULL,'pending',NULL,NULL,NULL,'not_shipped',NULL,'2024-06-23 08:37:58',NULL,NULL),(8,NULL,NULL,'cart','mpesa_on_delivery',NULL,NULL,NULL,NULL,NULL,'240623-7863',NULL,'pending',NULL,NULL,NULL,'not_shipped',NULL,'2024-06-23 09:32:53',NULL,NULL),(9,165,4,'processing','mpesa_on_delivery',400,0,0,400,NULL,'240626-6530','delivery','pending',NULL,'I need it in the morning ',NULL,'in_transit',NULL,'2024-06-26 08:48:25',NULL,154),(10,2,NULL,'cart','mpesa_on_delivery',NULL,NULL,NULL,NULL,NULL,'241128-9671',NULL,'pending',NULL,NULL,NULL,'not_shipped',NULL,'2024-11-28 07:41:09',NULL,NULL),(11,165,4,'processing','mpesa',7200,0,0,7200,NULL,'240630-3127','delivery','pending',NULL,'some notes here about the order',NULL,'in_transit',NULL,'2024-06-30 10:54:14',NULL,136),(12,NULL,NULL,'cart','mpesa',NULL,NULL,NULL,NULL,NULL,'240630-1673',NULL,'pending',NULL,NULL,NULL,'not_shipped',NULL,'2024-06-30 11:34:21',NULL,NULL),(13,NULL,NULL,'cart','mpesa_on_delivery',NULL,NULL,NULL,NULL,NULL,'240701-7755',NULL,'pending',NULL,NULL,NULL,'not_shipped',NULL,'2024-07-01 07:16:53',NULL,NULL),(14,NULL,NULL,'cart','mpesa_on_delivery',NULL,NULL,NULL,NULL,NULL,'240701-8994',NULL,'pending',NULL,NULL,NULL,'not_shipped',NULL,'2024-07-01 21:38:35',NULL,NULL),(15,NULL,NULL,'cart','mpesa_on_delivery',NULL,NULL,NULL,NULL,NULL,'240702-4599',NULL,'pending',NULL,NULL,NULL,'not_shipped',NULL,'2024-07-02 19:47:57',NULL,NULL),(16,NULL,NULL,'cart','mpesa_on_delivery',NULL,NULL,NULL,NULL,NULL,'240704-3811',NULL,'pending',NULL,NULL,NULL,'not_shipped',NULL,'2024-07-04 15:33:13',NULL,NULL),(17,NULL,NULL,'cart','mpesa_on_delivery',NULL,NULL,NULL,NULL,NULL,'240710-2310',NULL,'pending',NULL,NULL,NULL,'not_shipped',NULL,'2024-07-10 10:45:46',NULL,NULL),(18,NULL,NULL,'cart','mpesa',NULL,NULL,NULL,NULL,NULL,'240722-1785',NULL,'pending',NULL,NULL,NULL,'not_shipped',NULL,'2024-07-22 15:36:42',NULL,NULL),(19,NULL,NULL,'cart','mpesa_on_delivery',NULL,NULL,NULL,NULL,NULL,'240725-3354',NULL,'pending',NULL,NULL,NULL,'not_shipped',NULL,'2024-07-25 12:50:44',NULL,NULL),(20,NULL,NULL,'cart','mpesa_on_delivery',NULL,NULL,NULL,NULL,NULL,'240726-6664',NULL,'pending',NULL,NULL,NULL,'not_shipped',NULL,'2024-07-26 08:14:31',NULL,NULL),(21,NULL,NULL,'cart','mpesa_on_delivery',NULL,NULL,NULL,NULL,NULL,'240726-8976',NULL,'pending',NULL,NULL,NULL,'not_shipped',NULL,'2024-07-26 08:20:11',NULL,NULL),(22,NULL,NULL,'cart','mpesa',NULL,NULL,NULL,NULL,NULL,'240806-4699',NULL,'pending',NULL,NULL,NULL,'not_shipped',NULL,'2024-08-06 11:56:42',NULL,NULL),(23,NULL,NULL,'cart','mpesa_on_delivery',NULL,NULL,NULL,NULL,NULL,'240806-2364',NULL,'pending',NULL,NULL,NULL,'not_shipped',NULL,'2024-08-06 11:55:13',NULL,NULL),(24,NULL,NULL,'cart','mpesa',NULL,NULL,NULL,NULL,NULL,'240806-3403',NULL,'pending',NULL,NULL,NULL,'not_shipped',NULL,'2024-08-06 14:35:35',NULL,NULL),(25,NULL,NULL,'cart','mpesa',NULL,NULL,NULL,NULL,NULL,'240808-6727',NULL,'pending',NULL,NULL,NULL,'not_shipped',NULL,'2024-08-08 10:42:33',NULL,NULL),(26,NULL,NULL,'cart','mpesa_on_delivery',NULL,NULL,NULL,NULL,NULL,'240810-7518',NULL,'pending',NULL,NULL,NULL,'not_shipped',NULL,'2024-08-10 16:44:09',NULL,NULL),(27,NULL,NULL,'cart','mpesa',NULL,NULL,NULL,NULL,NULL,'240817-3686',NULL,'pending',NULL,NULL,NULL,'not_shipped',NULL,'2024-08-17 16:20:53',NULL,NULL),(28,NULL,NULL,'cart','mpesa_on_delivery',NULL,NULL,NULL,NULL,NULL,'240817-6067',NULL,'pending',NULL,NULL,NULL,'not_shipped',NULL,'2024-08-17 16:26:58',NULL,NULL),(29,NULL,NULL,'cart','mpesa_on_delivery',NULL,NULL,NULL,NULL,NULL,'240820-5256',NULL,'pending',NULL,NULL,NULL,'not_shipped',NULL,'2024-08-20 11:38:28',NULL,NULL),(30,NULL,NULL,'cart','mpesa',NULL,NULL,NULL,NULL,NULL,'240902-3313',NULL,'pending',NULL,NULL,NULL,'not_shipped',NULL,'2024-09-02 08:53:34',NULL,NULL),(31,NULL,NULL,'cart','mpesa_on_delivery',NULL,NULL,NULL,NULL,NULL,'240903-8729',NULL,'pending',NULL,NULL,NULL,'not_shipped',NULL,'2024-09-03 16:13:11',NULL,NULL),(32,NULL,NULL,'cart','mpesa_on_delivery',NULL,NULL,NULL,NULL,NULL,'240909-4652',NULL,'pending',NULL,NULL,NULL,'not_shipped',NULL,'2024-09-09 13:04:02',NULL,NULL),(33,NULL,NULL,'cart','mpesa_on_delivery',NULL,NULL,NULL,NULL,NULL,'240910-4087',NULL,'pending',NULL,NULL,NULL,'not_shipped',NULL,'2024-09-10 06:26:51',NULL,NULL),(34,NULL,NULL,'cart','mpesa',NULL,NULL,NULL,NULL,NULL,'240918-3232',NULL,'pending',NULL,NULL,NULL,'not_shipped',NULL,'2024-09-18 06:51:32',NULL,NULL),(35,NULL,NULL,'cart','mpesa_on_delivery',NULL,NULL,NULL,NULL,NULL,'240919-8036',NULL,'pending',NULL,NULL,NULL,'not_shipped',NULL,'2024-09-19 08:52:10',NULL,NULL),(36,NULL,NULL,'cart','mpesa_on_delivery',NULL,NULL,NULL,NULL,NULL,'240922-4610',NULL,'pending',NULL,NULL,NULL,'not_shipped',NULL,'2024-09-22 13:56:08',NULL,NULL),(37,NULL,NULL,'cart','mpesa_on_delivery',NULL,NULL,NULL,NULL,NULL,'240922-6649',NULL,'pending',NULL,NULL,NULL,'not_shipped',NULL,'2024-09-22 13:49:34',NULL,NULL),(38,NULL,NULL,'cart','mpesa_on_delivery',NULL,NULL,NULL,NULL,NULL,'240922-1790',NULL,'pending',NULL,NULL,NULL,'not_shipped',NULL,'2024-09-22 14:17:54',NULL,NULL),(39,173,5,'processing','mpesa_on_delivery',7400,0,0,7400,NULL,'240922-1071','delivery','pending',NULL,'Would prefer the order to be delivered on Thursday 26th September',NULL,'in_transit',NULL,'2024-09-22 14:30:02',NULL,14),(40,174,6,'processing','mpesa_on_delivery',7400,0,0,7400,NULL,'240923-4978','delivery','pending',NULL,'Deliver to Haven Park (by Ilara Health) Medical Center near Mwiki Police Station',NULL,'in_transit',NULL,'2024-09-23 01:07:17',NULL,32),(41,NULL,NULL,'cart','mpesa_on_delivery',NULL,NULL,NULL,NULL,NULL,'240923-7281',NULL,'pending',NULL,NULL,NULL,'not_shipped',NULL,'2024-09-23 13:12:35',NULL,NULL),(42,NULL,NULL,'cart','mpesa_on_delivery',NULL,NULL,NULL,NULL,NULL,'240923-9715',NULL,'pending',NULL,NULL,NULL,'not_shipped',NULL,'2024-09-23 13:57:01',NULL,NULL),(43,NULL,NULL,'cart','mpesa',NULL,NULL,NULL,NULL,NULL,'240923-8675',NULL,'pending',NULL,NULL,NULL,'not_shipped',NULL,'2024-09-23 17:30:58',NULL,NULL),(44,190,7,'processing','mpesa_on_delivery',9600,0,0,9600,NULL,'240928-1085','delivery','pending',NULL,'Deliver at Githunguri ',NULL,'in_transit',NULL,'2024-09-28 13:50:06',NULL,4),(45,189,NULL,'cart','mpesa',NULL,NULL,NULL,NULL,NULL,'240928-6980',NULL,'pending',NULL,NULL,NULL,'not_shipped',NULL,'2024-09-28 13:54:10',NULL,NULL),(46,184,NULL,'cart','mpesa_on_delivery',NULL,NULL,NULL,NULL,NULL,'240928-2797',NULL,'pending',NULL,NULL,NULL,'not_shipped',NULL,'2024-09-28 13:54:21',NULL,NULL),(47,179,NULL,'cart','mpesa_on_delivery',NULL,NULL,NULL,NULL,NULL,'240928-4292',NULL,'pending',NULL,NULL,NULL,'not_shipped',NULL,'2024-09-28 14:01:05',NULL,NULL),(48,188,NULL,'cart','mpesa_on_delivery',NULL,NULL,NULL,NULL,NULL,'240928-2425',NULL,'pending',NULL,NULL,NULL,'not_shipped',NULL,'2024-09-28 14:06:44',NULL,NULL),(49,NULL,NULL,'cart','mpesa',NULL,NULL,NULL,NULL,NULL,'240928-1250',NULL,'pending',NULL,NULL,NULL,'not_shipped',NULL,'2024-09-28 13:54:31',NULL,NULL),(50,187,NULL,'cart','mpesa_on_delivery',NULL,NULL,NULL,NULL,NULL,'240928-1421',NULL,'pending',NULL,NULL,NULL,'not_shipped',NULL,'2024-09-28 13:54:41',NULL,NULL),(51,193,NULL,'cart','mpesa_on_delivery',NULL,NULL,NULL,NULL,NULL,'240928-1085',NULL,'pending',NULL,NULL,NULL,'not_shipped',NULL,'2024-09-28 13:58:42',NULL,NULL),(52,NULL,NULL,'cart','mpesa',NULL,NULL,NULL,NULL,NULL,'240928-1533',NULL,'pending',NULL,NULL,NULL,'not_shipped',NULL,'2024-09-28 13:54:43',NULL,NULL),(53,210,NULL,'cart','mpesa',NULL,NULL,NULL,NULL,NULL,'240928-2284',NULL,'pending',NULL,NULL,NULL,'not_shipped',NULL,'2024-09-28 13:54:44',NULL,NULL),(54,207,NULL,'cart','mpesa',NULL,NULL,NULL,NULL,NULL,'240928-1355',NULL,'pending',NULL,NULL,NULL,'not_shipped',NULL,'2024-09-28 14:05:42',NULL,NULL),(55,194,NULL,'cart','mpesa',NULL,NULL,NULL,NULL,NULL,'240928-6976',NULL,'pending',NULL,NULL,NULL,'not_shipped',NULL,'2024-09-28 13:56:08',NULL,NULL),(56,178,NULL,'cart','mpesa',NULL,NULL,NULL,NULL,NULL,'240928-9992',NULL,'pending',NULL,NULL,NULL,'not_shipped',NULL,'2024-09-28 14:01:40',NULL,NULL),(57,180,8,'processing','mpesa_on_delivery',9600,0,0,9600,NULL,'240928-8341','delivery','pending',NULL,'Please deliver ',NULL,'in_transit',NULL,'2024-09-28 13:54:50',NULL,18),(58,191,9,'processing','mpesa_on_delivery',9000,0,0,9000,NULL,'240928-8655','delivery','pending',NULL,'Information ',NULL,'in_transit',NULL,'2024-09-28 13:55:55',NULL,4),(59,195,NULL,'cart','mpesa',NULL,NULL,NULL,NULL,NULL,'240928-4859',NULL,'pending',NULL,NULL,NULL,'not_shipped',NULL,'2024-09-28 13:55:12',NULL,NULL),(60,198,NULL,'cart','mpesa',NULL,NULL,NULL,NULL,NULL,'240928-5885',NULL,'pending',NULL,NULL,NULL,'not_shipped',NULL,'2024-09-28 14:11:49',NULL,NULL),(61,185,NULL,'cart','mpesa',NULL,NULL,NULL,NULL,NULL,'240928-4342',NULL,'pending',NULL,NULL,NULL,'not_shipped',NULL,'2024-09-28 14:24:02',NULL,NULL),(62,186,NULL,'cart','mpesa',NULL,NULL,NULL,NULL,NULL,'240928-3092',NULL,'pending',NULL,NULL,NULL,'not_shipped',NULL,'2024-09-28 14:20:54',NULL,NULL),(63,206,NULL,'cart','mpesa',NULL,NULL,NULL,NULL,NULL,'240928-9377',NULL,'pending',NULL,NULL,NULL,'not_shipped',NULL,'2024-09-28 14:03:25',NULL,NULL),(64,209,NULL,'cart','mpesa',NULL,NULL,NULL,NULL,NULL,'240928-9889',NULL,'pending',NULL,NULL,NULL,'not_shipped',NULL,'2024-09-28 13:56:29',NULL,NULL),(65,183,NULL,'cart','mpesa_on_delivery',NULL,NULL,NULL,NULL,NULL,'240928-5895',NULL,'pending',NULL,NULL,NULL,'not_shipped',NULL,'2024-09-28 14:04:55',NULL,NULL),(66,199,NULL,'cart','mpesa_on_delivery',NULL,NULL,NULL,NULL,NULL,'240928-5499',NULL,'pending',NULL,NULL,NULL,'not_shipped',NULL,'2024-09-28 13:56:36',NULL,NULL),(67,182,NULL,'cart','mpesa',NULL,NULL,NULL,NULL,NULL,'240928-7734',NULL,'pending',NULL,NULL,NULL,'not_shipped',NULL,'2024-09-28 13:56:51',NULL,NULL),(68,208,NULL,'cart','mpesa',NULL,NULL,NULL,NULL,NULL,'240928-3362',NULL,'pending',NULL,NULL,NULL,'not_shipped',NULL,'2024-09-28 13:57:27',NULL,NULL),(69,NULL,NULL,'cart','mpesa_on_delivery',NULL,NULL,NULL,NULL,NULL,'240928-5732',NULL,'pending',NULL,NULL,NULL,'not_shipped',NULL,'2024-09-28 13:59:10',NULL,NULL),(70,205,NULL,'cart','mpesa',NULL,NULL,NULL,NULL,NULL,'240928-7153',NULL,'pending',NULL,NULL,NULL,'not_shipped',NULL,'2024-09-28 14:00:01',NULL,NULL),(71,NULL,NULL,'cart','mpesa',NULL,NULL,NULL,NULL,NULL,'240928-7735',NULL,'pending',NULL,NULL,NULL,'not_shipped',NULL,'2024-09-28 13:59:52',NULL,NULL),(72,203,NULL,'cart','mpesa_on_delivery',NULL,NULL,NULL,NULL,NULL,'240928-9299',NULL,'pending',NULL,NULL,NULL,'not_shipped',NULL,'2024-09-28 14:06:47',NULL,NULL),(73,212,NULL,'cart','mpesa_on_delivery',NULL,NULL,NULL,NULL,NULL,'240928-7570',NULL,'pending',NULL,NULL,NULL,'not_shipped',NULL,'2024-09-28 14:26:03',NULL,NULL),(74,NULL,NULL,'cart','mpesa',NULL,NULL,NULL,NULL,NULL,'240928-2730',NULL,'pending',NULL,NULL,NULL,'not_shipped',NULL,'2024-09-28 14:22:24',NULL,NULL),(75,190,7,'processing','mpesa',9600,0,0,9600,NULL,'240928-2597','delivery','pending',NULL,'More information ',NULL,'in_transit',NULL,'2024-09-28 14:05:25',NULL,4),(76,204,NULL,'cart','mpesa',NULL,NULL,NULL,NULL,NULL,'240928-6510',NULL,'pending',NULL,NULL,NULL,'not_shipped',NULL,'2024-09-28 14:15:31',NULL,NULL),(77,180,NULL,'cart','mpesa',NULL,NULL,NULL,NULL,NULL,'240928-2453',NULL,'pending',NULL,NULL,NULL,'not_shipped',NULL,'2024-09-28 14:14:47',NULL,NULL),(78,200,NULL,'cart','mpesa_on_delivery',NULL,NULL,NULL,NULL,NULL,'240928-6332',NULL,'pending',NULL,NULL,NULL,'not_shipped',NULL,'2024-09-28 14:17:13',NULL,NULL),(79,NULL,NULL,'cart','mpesa',NULL,NULL,NULL,NULL,NULL,'240928-4369',NULL,'pending',NULL,NULL,NULL,'not_shipped',NULL,'2024-09-28 14:17:36',NULL,NULL),(80,NULL,NULL,'cart','mpesa',NULL,NULL,NULL,NULL,NULL,'240928-3812',NULL,'pending',NULL,NULL,NULL,'not_shipped',NULL,'2024-09-28 14:36:45',NULL,NULL),(81,NULL,NULL,'cart','mpesa_on_delivery',NULL,NULL,NULL,NULL,NULL,'240928-8873',NULL,'pending',NULL,NULL,NULL,'not_shipped',NULL,'2024-09-28 14:26:56',NULL,NULL),(82,NULL,NULL,'cart','mpesa',NULL,NULL,NULL,NULL,NULL,'240928-6035',NULL,'pending',NULL,NULL,NULL,'not_shipped',NULL,'2024-09-28 14:32:13',NULL,NULL),(83,177,NULL,'cart','mpesa',NULL,NULL,NULL,NULL,NULL,'240928-5962',NULL,'pending',NULL,NULL,NULL,'not_shipped',NULL,'2024-09-28 14:36:04',NULL,NULL),(84,NULL,NULL,'cart','mpesa',NULL,NULL,NULL,NULL,NULL,'240928-9357',NULL,'pending',NULL,NULL,NULL,'not_shipped',NULL,'2024-09-28 14:54:47',NULL,NULL),(85,NULL,NULL,'cart','mpesa',NULL,NULL,NULL,NULL,NULL,'240928-9417',NULL,'pending',NULL,NULL,NULL,'not_shipped',NULL,'2024-09-28 14:58:13',NULL,NULL),(86,217,NULL,'cart','mpesa',NULL,NULL,NULL,NULL,NULL,'240928-9238',NULL,'pending',NULL,NULL,NULL,'not_shipped',NULL,'2024-09-28 16:49:34',NULL,NULL),(87,NULL,NULL,'cart','mpesa',NULL,NULL,NULL,NULL,NULL,'240928-9501',NULL,'pending',NULL,NULL,NULL,'not_shipped',NULL,'2024-09-28 16:46:12',NULL,NULL),(88,NULL,NULL,'cart','mpesa',NULL,NULL,NULL,NULL,NULL,'240928-7129',NULL,'pending',NULL,NULL,NULL,'not_shipped',NULL,'2024-09-28 16:46:10',NULL,NULL),(89,NULL,NULL,'cart','mpesa',NULL,NULL,NULL,NULL,NULL,'240928-5325',NULL,'pending',NULL,NULL,NULL,'not_shipped',NULL,'2024-09-28 19:34:31',NULL,NULL),(90,218,NULL,'cart','mpesa_on_delivery',NULL,NULL,NULL,NULL,NULL,'240928-2119',NULL,'pending',NULL,NULL,NULL,'not_shipped',NULL,'2024-09-28 20:07:15',NULL,NULL),(91,NULL,NULL,'cart','mpesa_on_delivery',NULL,NULL,NULL,NULL,NULL,'240928-3990',NULL,'pending',NULL,NULL,NULL,'not_shipped',NULL,'2024-09-28 20:07:48',NULL,NULL),(92,NULL,NULL,'cart','mpesa',NULL,NULL,NULL,NULL,NULL,'240929-2714',NULL,'pending',NULL,NULL,NULL,'not_shipped',NULL,'2024-09-29 06:19:36',NULL,NULL),(93,NULL,NULL,'cart','mpesa',NULL,NULL,NULL,NULL,NULL,'240929-6861',NULL,'pending',NULL,NULL,NULL,'not_shipped',NULL,'2024-09-29 06:18:49',NULL,NULL),(94,NULL,NULL,'cart','mpesa',NULL,NULL,NULL,NULL,NULL,'240930-2375',NULL,'pending',NULL,NULL,NULL,'not_shipped',NULL,'2024-09-30 07:12:36',NULL,NULL),(95,NULL,NULL,'cart','mpesa_on_delivery',NULL,NULL,NULL,NULL,NULL,'240930-3270',NULL,'pending',NULL,NULL,NULL,'not_shipped',NULL,'2024-09-30 08:01:55',NULL,NULL),(96,220,NULL,'cart','mpesa_on_delivery',NULL,NULL,NULL,NULL,NULL,'240930-5286',NULL,'pending',NULL,NULL,NULL,'not_shipped',NULL,'2024-09-30 09:05:35',NULL,NULL),(97,NULL,NULL,'cart','mpesa_on_delivery',NULL,NULL,NULL,NULL,NULL,'241001-5323',NULL,'pending',NULL,NULL,NULL,'not_shipped',NULL,'2024-10-01 14:37:00',NULL,NULL),(98,NULL,NULL,'cart','mpesa_on_delivery',NULL,NULL,NULL,NULL,NULL,'241002-9313',NULL,'pending',NULL,NULL,NULL,'not_shipped',NULL,'2024-10-02 05:51:21',NULL,NULL),(99,NULL,NULL,'cart','mpesa',NULL,NULL,NULL,NULL,NULL,'241006-6447',NULL,'pending',NULL,NULL,NULL,'not_shipped',NULL,'2024-10-06 11:27:58',NULL,NULL),(100,NULL,NULL,'cart','mpesa',NULL,NULL,NULL,NULL,NULL,'241006-9971',NULL,'pending',NULL,NULL,NULL,'not_shipped',NULL,'2024-10-06 14:04:55',NULL,NULL),(101,NULL,NULL,'cart','mpesa',NULL,NULL,NULL,NULL,NULL,'241007-3926',NULL,'pending',NULL,NULL,NULL,'not_shipped',NULL,'2024-10-07 12:27:04',NULL,NULL),(102,NULL,NULL,'cart','mpesa',NULL,NULL,NULL,NULL,NULL,'241008-1855',NULL,'pending',NULL,NULL,NULL,'not_shipped',NULL,'2024-10-08 10:43:55',NULL,NULL),(103,NULL,NULL,'cart','mpesa_on_delivery',NULL,NULL,NULL,NULL,NULL,'241010-5982',NULL,'pending',NULL,NULL,NULL,'not_shipped',NULL,'2024-10-10 05:16:54',NULL,NULL),(104,NULL,NULL,'cart','mpesa_on_delivery',NULL,NULL,NULL,NULL,NULL,'241011-3611',NULL,'pending',NULL,NULL,NULL,'not_shipped',NULL,'2024-10-11 05:08:13',NULL,NULL),(105,NULL,NULL,'cart','mpesa',NULL,NULL,NULL,NULL,NULL,'241017-7474',NULL,'pending',NULL,NULL,NULL,'not_shipped',NULL,'2024-10-17 11:08:51',NULL,NULL),(106,NULL,NULL,'cart','mpesa_on_delivery',NULL,NULL,NULL,NULL,NULL,'241020-9147',NULL,'pending',NULL,NULL,NULL,'not_shipped',NULL,'2024-10-20 15:19:00',NULL,NULL),(107,NULL,NULL,'cart','mpesa_on_delivery',NULL,NULL,NULL,NULL,NULL,'241026-2100',NULL,'pending',NULL,NULL,NULL,'not_shipped',NULL,'2024-10-26 10:11:03',NULL,NULL),(108,NULL,NULL,'cart','mpesa_on_delivery',NULL,NULL,NULL,NULL,NULL,'241027-9118',NULL,'pending',NULL,NULL,NULL,'not_shipped',NULL,'2024-10-27 05:34:16',NULL,NULL),(109,NULL,NULL,'cart','mpesa_on_delivery',NULL,NULL,NULL,NULL,NULL,'241028-2700',NULL,'pending',NULL,NULL,NULL,'not_shipped',NULL,'2024-10-28 04:58:11',NULL,NULL),(110,NULL,NULL,'cart','mpesa_on_delivery',NULL,NULL,NULL,NULL,NULL,'241029-5552',NULL,'pending',NULL,NULL,NULL,'not_shipped',NULL,'2024-10-29 13:23:41',NULL,NULL),(111,NULL,NULL,'cart','mpesa',NULL,NULL,NULL,NULL,NULL,'241029-3168',NULL,'pending',NULL,NULL,NULL,'not_shipped',NULL,'2024-10-29 14:41:33',NULL,NULL),(112,NULL,NULL,'cart','mpesa_on_delivery',NULL,NULL,NULL,NULL,NULL,'241101-5367',NULL,'pending',NULL,NULL,NULL,'not_shipped',NULL,'2024-11-01 11:48:13',NULL,NULL),(113,NULL,NULL,'cart','mpesa',NULL,NULL,NULL,NULL,NULL,'241105-7162',NULL,'pending',NULL,NULL,NULL,'not_shipped',NULL,'2024-11-05 05:34:22',NULL,NULL),(114,NULL,NULL,'cart','mpesa_on_delivery',NULL,NULL,NULL,NULL,NULL,'241106-2168',NULL,'pending',NULL,NULL,NULL,'not_shipped',NULL,'2024-11-06 12:37:43',NULL,NULL),(115,NULL,NULL,'cart','mpesa',NULL,NULL,NULL,NULL,NULL,'241107-5157',NULL,'pending',NULL,NULL,NULL,'not_shipped',NULL,'2024-11-07 10:46:54',NULL,NULL),(116,NULL,NULL,'cart','mpesa',NULL,NULL,NULL,NULL,NULL,'241110-3644',NULL,'pending',NULL,NULL,NULL,'not_shipped',NULL,'2024-11-10 07:04:47',NULL,NULL),(117,NULL,NULL,'cart','mpesa_on_delivery',NULL,NULL,NULL,NULL,NULL,'241112-6775',NULL,'pending',NULL,NULL,NULL,'not_shipped',NULL,'2024-11-12 08:33:44',NULL,NULL),(118,NULL,NULL,'cart','mpesa',NULL,NULL,NULL,NULL,NULL,'241114-9634',NULL,'pending',NULL,NULL,NULL,'not_shipped',NULL,'2024-11-14 08:51:45',NULL,NULL),(119,NULL,NULL,'cart','mpesa_on_delivery',NULL,NULL,NULL,NULL,NULL,'241122-5015',NULL,'pending',NULL,NULL,NULL,'not_shipped',NULL,'2024-11-22 12:27:22',NULL,NULL),(120,253,NULL,'cart','mpesa',NULL,NULL,NULL,NULL,NULL,'241128-2463',NULL,'pending',NULL,NULL,NULL,'not_shipped',NULL,'2024-11-28 07:37:43',NULL,NULL),(122,NULL,NULL,'cart','mpesa_on_delivery',NULL,NULL,NULL,NULL,NULL,'241129-2046',NULL,'pending',NULL,NULL,NULL,'not_shipped',NULL,'2024-11-29 08:22:41',NULL,NULL),(123,NULL,NULL,'cart','mpesa_on_delivery',NULL,NULL,NULL,NULL,NULL,'241130-3990',NULL,'pending',NULL,NULL,NULL,'not_shipped',NULL,'2024-11-30 17:20:20',NULL,NULL),(124,NULL,NULL,'cart','mpesa_on_delivery',NULL,NULL,NULL,NULL,NULL,'241205-6065',NULL,'pending',NULL,NULL,NULL,'not_shipped',NULL,'2024-12-05 08:31:27',NULL,NULL),(125,NULL,NULL,'cart','mpesa_on_delivery',NULL,NULL,NULL,NULL,NULL,'241210-2003',NULL,'pending',NULL,NULL,NULL,'not_shipped',NULL,'2024-12-10 10:44:36',NULL,NULL),(126,NULL,NULL,'cart','mpesa_on_delivery',NULL,NULL,NULL,NULL,NULL,'241210-8948',NULL,'pending',NULL,NULL,NULL,'not_shipped',NULL,'2024-12-10 12:58:49',NULL,NULL),(127,NULL,NULL,'cart','mpesa_on_delivery',NULL,NULL,NULL,NULL,NULL,'241210-4695',NULL,'pending',NULL,NULL,NULL,'not_shipped',NULL,'2024-12-10 22:04:19',NULL,NULL),(128,NULL,NULL,'cart','mpesa',NULL,NULL,NULL,NULL,NULL,'241210-4065',NULL,'pending',NULL,NULL,NULL,'not_shipped',NULL,'2024-12-10 22:07:14',NULL,NULL),(129,NULL,NULL,'cart','mpesa',NULL,NULL,NULL,NULL,NULL,'241211-1885',NULL,'pending',NULL,NULL,NULL,'not_shipped',NULL,'2024-12-11 10:43:38',NULL,NULL),(130,NULL,NULL,'cart','mpesa',NULL,NULL,NULL,NULL,NULL,'241216-5211',NULL,'pending',NULL,NULL,NULL,'not_shipped',NULL,'2024-12-16 15:00:47',NULL,NULL),(131,278,11,'processing','mpesa_on_delivery',700,0,0,700,NULL,'241216-2280','delivery','pending',NULL,'Please deliver at Ondieki Mogambi & Associates Advocates, Nachu Plaza, 7th floor, suite 714, Kiambere road, Nairobi',NULL,'in_transit',NULL,'2024-12-16 19:45:17',NULL,215),(132,NULL,NULL,'cart','mpesa_on_delivery',NULL,NULL,NULL,NULL,NULL,'241217-6713',NULL,'pending',NULL,NULL,NULL,'not_shipped',NULL,'2024-12-17 10:35:31',NULL,NULL),(133,NULL,NULL,'cart','mpesa',NULL,NULL,NULL,NULL,NULL,'241219-8452',NULL,'pending',NULL,NULL,NULL,'not_shipped',NULL,'2024-12-19 18:20:24',NULL,NULL),(134,NULL,NULL,'cart','mpesa_on_delivery',NULL,NULL,NULL,NULL,NULL,'241223-5768',NULL,'pending',NULL,NULL,NULL,'not_shipped',NULL,'2024-12-23 06:59:44',NULL,NULL),(135,NULL,NULL,'cart','mpesa',NULL,NULL,NULL,NULL,NULL,'241223-7318',NULL,'pending',NULL,NULL,NULL,'not_shipped',NULL,'2024-12-23 14:06:43',NULL,NULL),(136,NULL,NULL,'cart','mpesa_on_delivery',NULL,NULL,NULL,NULL,NULL,'250103-4386',NULL,'pending',NULL,NULL,NULL,'not_shipped',NULL,'2025-01-03 11:08:54',NULL,NULL),(137,NULL,NULL,'cart','mpesa_on_delivery',NULL,NULL,NULL,NULL,NULL,'250105-7608',NULL,'pending',NULL,NULL,NULL,'not_shipped',NULL,'2025-01-05 06:15:08',NULL,NULL),(138,NULL,NULL,'cart','mpesa_on_delivery',NULL,NULL,NULL,NULL,NULL,'250107-1095',NULL,'pending',NULL,NULL,NULL,'not_shipped',NULL,'2025-01-07 03:40:20',NULL,NULL),(139,165,NULL,'cart','mpesa_on_delivery',NULL,NULL,NULL,NULL,NULL,'250107-7414',NULL,'pending',NULL,NULL,NULL,'not_shipped',NULL,'2025-01-07 04:41:31',NULL,NULL),(140,8,NULL,'cart','mpesa_on_delivery',NULL,NULL,NULL,NULL,NULL,'250107-8255',NULL,'pending',NULL,NULL,NULL,'not_shipped',NULL,'2025-01-07 04:46:13',NULL,NULL),(141,NULL,NULL,'cart','mpesa_on_delivery',NULL,NULL,NULL,NULL,NULL,'250110-8089',NULL,'pending',NULL,NULL,NULL,'not_shipped',NULL,'2025-01-10 05:10:16',NULL,NULL),(142,NULL,NULL,'cart','mpesa',NULL,NULL,NULL,NULL,NULL,'250110-4415',NULL,'pending',NULL,NULL,NULL,'not_shipped',NULL,'2025-01-10 07:14:02',NULL,NULL),(143,NULL,NULL,'cart','mpesa',NULL,NULL,NULL,NULL,NULL,'250110-1492',NULL,'pending',NULL,NULL,NULL,'not_shipped',NULL,'2025-01-10 07:36:26',NULL,NULL),(144,NULL,NULL,'cart','mpesa',NULL,NULL,NULL,NULL,NULL,'250130-7048',NULL,'pending',NULL,NULL,NULL,'not_shipped',NULL,'2025-01-30 14:02:21',NULL,NULL);
/*!40000 ALTER TABLE `orderr` ENABLE KEYS */;
UNLOCK TABLES;

--
-- Table structure for table `page`
--

DROP TABLE IF EXISTS `page`;
/*!40101 SET @saved_cs_client     = @@character_set_client */;
/*!50503 SET character_set_client = utf8mb4 */;
CREATE TABLE `page` (
  `id` int NOT NULL AUTO_INCREMENT,
  `heading` varchar(255) COLLATE utf8mb4_unicode_ci DEFAULT NULL,
  `meta_title` varchar(255) COLLATE utf8mb4_unicode_ci DEFAULT NULL,
  `meta_description` varchar(255) COLLATE utf8mb4_unicode_ci DEFAULT NULL,
  `url` varchar(255) COLLATE utf8mb4_unicode_ci DEFAULT NULL,
  `featured_image` varchar(255) COLLATE utf8mb4_unicode_ci DEFAULT NULL,
  `page_content` longtext COLLATE utf8mb4_unicode_ci,
  `content_first` tinyint(1) DEFAULT NULL,
  `is_service` tinyint(1) DEFAULT NULL,
  PRIMARY KEY (`id`)
) ENGINE=InnoDB AUTO_INCREMENT=10 DEFAULT CHARSET=utf8mb4 COLLATE=utf8mb4_unicode_ci;
/*!40101 SET character_set_client = @saved_cs_client */;

--
-- Dumping data for table `page`
--

LOCK TABLES `page` WRITE;
/*!40000 ALTER TABLE `page` DISABLE KEYS */;
INSERT INTO `page` VALUES (1,'Home Health Education Service | Home Page','Home Health Education Service | Home Page','Discover health and educational books to improve family well-being. HHES Kenya offers resources on health, family, and spiritual growth in Swahili and English, with convenient home or office delivery.','home-page','juices-1718548142-1738141950.png',NULL,0,0),(2,'HHES Operating Area/Region in Kenya','Home Health Education Service | Operating Area/Region','Discover health and educational books to improve family well-being. HHES Kenya offers resources on health, family, and spiritual growth in Swahili and English, with convenient home or office delivery.','list/constituencies',NULL,NULL,0,0),(3,'Home Health Education Service | Contacts','Home Health Education Service | Contacts','Discover health and educational books to improve family well-being. HHES Kenya offers resources on health, family, and spiritual growth in Swahili and English, with convenient home or office delivery.','contact/us',NULL,NULL,0,0),(4,'About Home Health Education Service','About Home Health Education Service','Discover health and educational books to improve family well-being. HHES Kenya offers resources on health, family, and spiritual growth in Swahili and English, with convenient home or office delivery.','about/hhes/kenya',NULL,NULL,0,0),(5,'Find Volunteer Community Educator Near You','Find Volunteer Community Educator Near You','Use the tool in this page to find a Volunteer Community Educator near you. Select your county and constituency and get them listed for you with their contacts.','find/volunteer-community-educator',NULL,NULL,0,0),(6,'Frequently Asked Questions','FAQ - Home Health Education Service','Frequently Asked Questions about Home Health Education Service. Get answers to all your questions on how we work to make you healthier.','faq',NULL,NULL,0,0),(7,'Privacy Policy','Privacy Policy - Home Health Education Service Website','Privacy Policy explains how we collect, use, and protect your personal information when you visit our website or interact with our volunteer educators.','privacy-policy',NULL,'<p><strong>Privacy Policy</strong><br />\r\nEffective Date: Jan 1 2025</p>\r\n\r\n<p><strong>1. Introduction</strong><br />\r\nWelcome to www.hheskenya.org (&quot;we,&quot; &quot;our,&quot; or &quot;us&quot;). Your privacy is important to us. This Privacy Policy explains how we collect, use, and protect your personal information when you visit our website or interact with our volunteer educators.</p>\r\n\r\n<p><strong>2. Information We Collect</strong><br />\r\nWe collect the following types of information:</p>\r\n\r\n<ul>\r\n	<li><strong>Personal Information:</strong> When you register as a volunteer or make a purchase, we may collect your name, phone number, email address, and location.</li>\r\n	<li><strong>Payment Information:</strong> If you purchase books online, we collect payment details securely through third-party payment processors.</li>\r\n	<li><strong>Usage Data:</strong> We collect information on how you interact with our website, such as pages visited, time spent, and device information.</li>\r\n</ul>\r\n\r\n<p><strong>3. How We Use Your Information</strong><br />\r\nWe use the collected data to:</p>\r\n\r\n<ul>\r\n	<li>Process book orders and track sales for volunteers.</li>\r\n	<li>Improve our website and customer experience.</li>\r\n	<li>Communicate with volunteers and customers regarding orders, promotions, or updates.</li>\r\n	<li>Ensure compliance with our policies and applicable laws.</li>\r\n</ul>\r\n\r\n<p><strong>4. Sharing of Information</strong><br />\r\nWe do not sell or rent your data. However, we may share information with:</p>\r\n\r\n<ul>\r\n	<li><strong>Service Providers:</strong> Payment processors, delivery services, and marketing platforms that help us operate our services.</li>\r\n	<li><strong>Legal Authorities:</strong> If the law requires, we may share your data with regulatory authorities.</li>\r\n</ul>\r\n\r\n<p><strong>5. Data Security</strong><br />\r\nWe implement strict security measures to protect your personal information. However, no online system is 100% secure, so we encourage users to take precautions when sharing sensitive information.</p>\r\n\r\n<p><strong>6. Cookies and Tracking Technologies</strong><br />\r\nWe use cookies to enhance your browsing experience. You can modify your browser settings to disable cookies, which may affect certain website functions.</p>\r\n\r\n<p><strong>7. Your Rights</strong><br />\r\nYou have the right to:</p>\r\n\r\n<ul>\r\n	<li>Access and update your personal information.</li>\r\n	<li>Request deletion of your data.</li>\r\n	<li>Opt-out of marketing communications.</li>\r\n</ul>\r\n\r\n<p><strong>8. Third-Party Links</strong><br />\r\nOur website may contain links to third-party websites. We are not responsible for their privacy practices and encourage you to review their policies before providing any personal data.</p>\r\n\r\n<p><strong>9. Changes to This Policy</strong><br />\r\nWe may update this Privacy Policy periodically. Changes will be posted on this page with an updated effective date.</p>\r\n\r\n<p><strong>10. Contact Us</strong><br />\r\nIf you have any questions about this Privacy Policy, please get in touch with us at:</p>\r\n\r\n<ul>\r\n	<li><strong>Email:</strong> contact@hheskenya.org</li>\r\n	<li><strong>Phone:&nbsp;+254 723 819944</strong></li>\r\n	<li><strong>Address:</strong> James Gichuru Road Nairobi</li>\r\n</ul>\r\n\r\n<p>Thank you for trusting hheskenya.org!</p>',1,0),(8,'Shop | HHES','- Home Health Education Service Kenya','books that will give you knowledge and skills for use in your home. From family life to medicinal plants, start your journey to a healthy life.','shop?pref=list',NULL,NULL,0,0),(9,'Shop | HHES','- Home Health Education Service Kenya','books that will give you knowledge and skills for use in your home. From family life to medicinal plants, start your journey to a healthy life.','shop?pref=grid',NULL,NULL,0,0);
/*!40000 ALTER TABLE `page` ENABLE KEYS */;
UNLOCK TABLES;

--
-- Table structure for table `page_section`
--

DROP TABLE IF EXISTS `page_section`;
/*!40101 SET @saved_cs_client     = @@character_set_client */;
/*!50503 SET character_set_client = utf8mb4 */;
CREATE TABLE `page_section` (
  `page_id` int NOT NULL,
  `section_id` int NOT NULL,
  PRIMARY KEY (`page_id`,`section_id`),
  KEY `IDX_D713917AC4663E4` (`page_id`),
  KEY `IDX_D713917AD823E37A` (`section_id`),
  CONSTRAINT `FK_D713917AC4663E4` FOREIGN KEY (`page_id`) REFERENCES `page` (`id`) ON DELETE CASCADE,
  CONSTRAINT `FK_D713917AD823E37A` FOREIGN KEY (`section_id`) REFERENCES `section` (`id`) ON DELETE CASCADE
) ENGINE=InnoDB DEFAULT CHARSET=utf8mb4 COLLATE=utf8mb4_unicode_ci;
/*!40101 SET character_set_client = @saved_cs_client */;

--
-- Dumping data for table `page_section`
--

LOCK TABLES `page_section` WRITE;
/*!40000 ALTER TABLE `page_section` DISABLE KEYS */;
INSERT INTO `page_section` VALUES (1,1),(1,2),(1,3),(1,4),(1,5),(1,6),(1,7),(1,8),(1,9),(1,10),(1,11),(2,12),(2,13),(3,13),(3,14),(4,7),(4,8),(4,10),(4,11),(4,13),(4,15),(4,16),(5,7),(5,8),(5,10),(5,13),(5,17),(6,7),(6,8),(6,10),(6,13),(6,18),(7,7),(8,13),(8,20),(9,13),(9,19);
/*!40000 ALTER TABLE `page_section` ENABLE KEYS */;
UNLOCK TABLES;

--
-- Table structure for table `preference`
--

DROP TABLE IF EXISTS `preference`;
/*!40101 SET @saved_cs_client     = @@character_set_client */;
/*!50503 SET character_set_client = utf8mb4 */;
CREATE TABLE `preference` (
  `id` int NOT NULL AUTO_INCREMENT,
  `user_id` int DEFAULT NULL,
  `default_shipping_address_id` int DEFAULT NULL,
  `language` varchar(255) CHARACTER SET utf8mb4 COLLATE utf8mb4_unicode_ci DEFAULT NULL,
  `notification_settings` varchar(255) CHARACTER SET utf8mb4 COLLATE utf8mb4_unicode_ci DEFAULT NULL,
  `communication_pref` varchar(255) CHARACTER SET utf8mb4 COLLATE utf8mb4_unicode_ci DEFAULT NULL,
  `privacy_settings` varchar(255) CHARACTER SET utf8mb4 COLLATE utf8mb4_unicode_ci DEFAULT NULL,
  `email_preference` varchar(255) CHARACTER SET utf8mb4 COLLATE utf8mb4_unicode_ci DEFAULT NULL,
  `marketing_consent` varchar(255) CHARACTER SET utf8mb4 COLLATE utf8mb4_unicode_ci DEFAULT NULL,
  PRIMARY KEY (`id`),
  UNIQUE KEY `UNIQ_5D69B053E4901476` (`default_shipping_address_id`),
  KEY `IDX_5D69B053A76ED395` (`user_id`),
  CONSTRAINT `FK_5D69B053A76ED395` FOREIGN KEY (`user_id`) REFERENCES `user` (`id`),
  CONSTRAINT `FK_5D69B053E4901476` FOREIGN KEY (`default_shipping_address_id`) REFERENCES `address` (`id`)
) ENGINE=InnoDB DEFAULT CHARSET=utf8mb4 COLLATE=utf8mb4_unicode_ci;
/*!40101 SET character_set_client = @saved_cs_client */;

--
-- Dumping data for table `preference`
--

LOCK TABLES `preference` WRITE;
/*!40000 ALTER TABLE `preference` DISABLE KEYS */;
/*!40000 ALTER TABLE `preference` ENABLE KEYS */;
UNLOCK TABLES;

--
-- Table structure for table `presentation`
--

DROP TABLE IF EXISTS `presentation`;
/*!40101 SET @saved_cs_client     = @@character_set_client */;
/*!50503 SET character_set_client = utf8mb4 */;
CREATE TABLE `presentation` (
  `id` int NOT NULL AUTO_INCREMENT,
  `user_id` int DEFAULT NULL,
  `book_id` int DEFAULT NULL,
  `photo_path` varchar(255) CHARACTER SET utf8mb3 COLLATE utf8mb3_unicode_ci DEFAULT NULL,
  `description` longtext CHARACTER SET utf8mb3 COLLATE utf8mb3_unicode_ci,
  `deleted` varchar(255) CHARACTER SET utf8mb3 COLLATE utf8mb3_unicode_ci NOT NULL,
  PRIMARY KEY (`id`),
  KEY `IDX_9B66E893A76ED395` (`user_id`),
  KEY `IDX_9B66E89316A2B381` (`book_id`),
  CONSTRAINT `FK_9B66E89316A2B381` FOREIGN KEY (`book_id`) REFERENCES `book` (`id`),
  CONSTRAINT `FK_9B66E893A76ED395` FOREIGN KEY (`user_id`) REFERENCES `user` (`id`)
) ENGINE=InnoDB AUTO_INCREMENT=640 DEFAULT CHARSET=utf8mb3 COLLATE=utf8mb3_unicode_ci;
/*!40101 SET character_set_client = @saved_cs_client */;

--
-- Dumping data for table `presentation`
--

LOCK TABLES `presentation` WRITE;
/*!40000 ALTER TABLE `presentation` DISABLE KEYS */;
INSERT INTO `presentation` VALUES (1,2,3,'img/books/family/For_Raising_Your_Child/Slide2.jpg','Introduction','0'),(2,2,3,'img/books/family/For_Raising_Your_Child/Slide3.jpg','Outline','0'),(3,2,3,'img/books/family/For_Raising_Your_Child/Slide4.jpg','Education in the family','0'),(4,2,3,'img/books/family/For_Raising_Your_Child/Slide5.jpg','The first two years of a child','0'),(5,2,3,'img/books/family/For_Raising_Your_Child/Slide7.jpg','Character and Personality','0'),(6,2,3,'img/books/family/For_Raising_Your_Child/Slide6.jpg','The social environment','0'),(7,2,4,'img/books/health/Healthy_And_Strong/Slide1.jpg','Cover page','0'),(8,2,4,'img/books/health/Healthy_And_Strong/Slide2.jpg','Table of contents','0'),(9,2,4,'img/books/health/Healthy_And_Strong/Slide4.jpg','Preconception','0'),(10,2,34,'img/books/family/To_Adolescents_and_Parents/Picture3.jpg','Cover page','0'),(11,2,34,'img/books/family/To_Adolescents_and_Parents/Slide2.jpg','A marvelous time','0'),(12,2,34,'img/books/family/To_Adolescents_and_Parents/Slide3.jpg','Inform yourself about puberty','0'),(13,2,34,'img/books/family/To_Adolescents_and_Parents/Slide4.jpg','Studies and the future','0'),(14,2,34,'img/books/family/To_Adolescents_and_Parents/Slide5.jpg','How to write a good exam','0'),(15,2,34,'img/books/family/To_Adolescents_and_Parents/Slide6.jpg','Adolescents and their families','0'),(16,2,34,'img/books/family/To_Adolescents_and_Parents/Slide7.jpg','What adults expect from you','0'),(17,2,34,'img/books/family/To_Adolescents_and_Parents/Slide8.jpg','The environment outside the family','0'),(18,2,34,'img/books/family/To_Adolescents_and_Parents/Slide9.jpg','Trends and fashions','0'),(19,2,34,'img/books/family/To_Adolescents_and_Parents/Slide10.jpg','Personality, feelings and emotions','0'),(20,2,34,'img/books/family/To_Adolescents_and_Parents/Slide11.jpg','How to treat depression','0'),(21,2,34,'img/books/family/To_Adolescents_and_Parents/Slide12.jpg','Adolescents and drugs','0'),(22,2,34,'img/books/family/To_Adolescents_and_Parents/Slide13.jpg','Sexuality','0'),(23,2,34,'img/books/family/To_Adolescents_and_Parents/Slide14.jpg','Ethical values and morals','0'),(24,2,34,'img/books/family/To_Adolescents_and_Parents/Slide15.jpg','Stages of moral development','0'),(25,2,34,'img/books/family/To_Adolescents_and_Parents/Slide16.jpg','Overcoming the generation gap','0'),(26,2,34,'img/books/counselling/To_Adolescents_And_Parents/Picture3.jpg','Cover page','0'),(27,2,34,'img/books/counselling/To_Adolescents_And_Parents/Slide2.jpg','A marvelous time','0'),(28,2,34,'img/books/counselling/To_Adolescents_And_Parents/Slide3.jpg','Inform yourself about puberty','0'),(29,2,34,'img/books/counselling/To_Adolescents_And_Parents/Slide4.jpg','Studies and the future','0'),(30,2,34,'img/books/counselling/To_Adolescents_And_Parents/Slide5.jpg','How to write a good exam','0'),(31,2,34,'img/books/counselling/To_Adolescents_And_Parents/Slide6.jpg','Adolescents and their families','0'),(32,2,34,'img/books/counselling/To_Adolescents_And_Parents/Slide7.jpg','What adults expect from you','0'),(33,2,34,'img/books/counselling/To_Adolescents_And_Parents/Slide8.jpg','The environment outside the family','0'),(34,2,34,'img/books/counselling/To_Adolescents_And_Parents/Slide9.jpg','Trends and fashions','0'),(35,2,34,'img/books/counselling/To_Adolescents_And_Parents/Slide10.jpg','Personality, feelings and emotions','0'),(36,2,34,'img/books/counselling/To_Adolescents_And_Parents/Slide11.jpg','How to treat depression','0'),(37,2,34,'img/books/counselling/To_Adolescents_And_Parents/Slide12.jpg','Adolescents and drugs','0'),(38,2,34,'img/books/counselling/To_Adolescents_And_Parents/Slide13.jpg','Sexuality','0'),(39,2,34,'img/books/counselling/To_Adolescents_And_Parents/Slide14.jpg','Ethical values and morals','0'),(40,2,34,'img/books/counselling/To_Adolescents_And_Parents/Slide15.jpg','Stages of moral development','0'),(41,2,34,'img/books/counselling/To_Adolescents_And_Parents/Slide16.jpg','Overcoming the generation gap','0'),(42,2,13,'img/books/health/Encyclopedia_of_Health_and_Education_for_the_Family/Slide40.jpg','Cover Page','0'),(43,2,13,'img/books/health/Encyclopedia_of_Health_and_Education_for_the_Family/Slide1.jpg','Description','0'),(44,2,13,'img/books/health/Encyclopedia_of_Health_and_Education_for_the_Family/Slide4.jpg','summary','0'),(45,2,13,'img/books/health/Encyclopedia_of_Health_and_Education_for_the_Family/Slide5.jpg','volume 1 contents','0'),(46,2,13,'img/books/health/Encyclopedia_of_Health_and_Education_for_the_Family/Slide6.jpg','volume 3 contents','0'),(47,2,13,'img/books/health/Encyclopedia_of_Health_and_Education_for_the_Family/Slide7.jpg','Explanation of pages at the beginning of chapters','0'),(48,2,13,'img/books/health/Encyclopedia_of_Health_and_Education_for_the_Family/Slide8.jpg','explanation of diseases and so on','0'),(49,2,13,'img/books/health/Encyclopedia_of_Health_and_Education_for_the_Family/Slide9.jpg','First part','0'),(50,2,13,'img/books/health/Encyclopedia_of_Health_and_Education_for_the_Family/Slide10.jpg','Ailments proper of males','0'),(51,2,13,'img/books/health/Encyclopedia_of_Health_and_Education_for_the_Family/Slide11.jpg','Prostate gland','0'),(52,2,13,'img/books/health/Encyclopedia_of_Health_and_Education_for_the_Family/Slide12.jpg','Chronic prostatitis','0'),(53,2,13,'img/books/health/Encyclopedia_of_Health_and_Education_for_the_Family/Slide13.jpg','Hydrocele and Hematocele','0'),(54,2,13,'img/books/health/Encyclopedia_of_Health_and_Education_for_the_Family/Slide14.jpg','Male Sterility','0'),(55,2,13,'img/books/health/Encyclopedia_of_Health_and_Education_for_the_Family/Slide15.jpg','Second Part - Female','0'),(56,2,13,'img/books/health/Encyclopedia_of_Health_and_Education_for_the_Family/Slide16.jpg','Ailments proper for female','0'),(57,2,13,'img/books/health/Encyclopedia_of_Health_and_Education_for_the_Family/Slide17.jpg','Disorders during puberty','0'),(58,2,13,'img/books/health/Encyclopedia_of_Health_and_Education_for_the_Family/Slide18.jpg','Ecercises to fight Dysmenorrhea','0'),(59,2,13,'img/books/health/Encyclopedia_of_Health_and_Education_for_the_Family/Slide19.jpg','Breast cancer','0'),(60,2,13,'img/books/health/Encyclopedia_of_Health_and_Education_for_the_Family/Slide20.jpg','Kegels Method','0'),(61,2,13,'img/books/health/Encyclopedia_of_Health_and_Education_for_the_Family/Slide21.jpg','Part 3 - Sexuality','0'),(62,2,13,'img/books/health/Encyclopedia_of_Health_and_Education_for_the_Family/Slide22.jpg','AIDS','0'),(63,2,13,'img/books/health/Encyclopedia_of_Health_and_Education_for_the_Family/Slide23.jpg','Diagram with descriptions','0'),(64,2,13,'img/books/health/Encyclopedia_of_Health_and_Education_for_the_Family/Slide24.jpg','The Determination of sex','0'),(65,2,13,'img/books/health/Encyclopedia_of_Health_and_Education_for_the_Family/Slide25.jpg','STDs','0'),(66,2,13,'img/books/health/Encyclopedia_of_Health_and_Education_for_the_Family/Slide26.jpg','Sexuality in old age','0'),(67,2,13,'img/books/health/Encyclopedia_of_Health_and_Education_for_the_Family/Slide27.jpg','Part 4 - the maternal function','0'),(68,2,13,'img/books/health/Encyclopedia_of_Health_and_Education_for_the_Family/Slide28.jpg','The development of the child','0'),(69,2,13,'img/books/health/Encyclopedia_of_Health_and_Education_for_the_Family/Slide29.jpg','Pregnancy','0'),(70,2,13,'img/books/health/Encyclopedia_of_Health_and_Education_for_the_Family/Slide30.jpg','Miscarriage','0'),(71,2,13,'img/books/health/Encyclopedia_of_Health_and_Education_for_the_Family/Slide31.jpg','Childbirth ','0'),(72,2,13,'img/books/health/Encyclopedia_of_Health_and_Education_for_the_Family/Slide32.jpg','Complications during labor and childbirth','0'),(73,2,13,'img/books/health/Encyclopedia_of_Health_and_Education_for_the_Family/Slide33.jpg','Part 4 - The child','0'),(74,2,13,'img/books/health/Encyclopedia_of_Health_and_Education_for_the_Family/Slide34.jpg','Feeding the baby','0'),(75,2,13,'img/books/health/Encyclopedia_of_Health_and_Education_for_the_Family/Slide35.jpg','Dermatosis','0'),(76,2,13,'img/books/health/Encyclopedia_of_Health_and_Education_for_the_Family/Slide36.jpg','Burns','0'),(77,2,13,'img/books/health/Encyclopedia_of_Health_and_Education_for_the_Family/Slide37.jpg','Child development','0'),(78,2,13,'img/books/health/Encyclopedia_of_Health_and_Education_for_the_Family/Slide38.jpg','Learning difficulties of the child','0'),(79,2,13,'img/books/health/Encyclopedia_of_Health_and_Education_for_the_Family/Slide39.jpg','Child education','0'),(118,2,19,'img/books/counselling/Enjoy_Life/Slide1.jpg','Cover page','0'),(119,2,19,'img/books/counselling/Enjoy_Life/Slide2.jpg','Chapters preview','0'),(120,2,19,'img/books/counselling/Enjoy_Life/Slide3.jpg','Pages preview','0'),(121,2,19,'img/books/counselling/Enjoy_Life/Slide4.jpg','Aging is no longer what it was','0'),(122,2,19,'img/books/counselling/Enjoy_Life/Slide5.jpg','How to prepare for the senior years','0'),(123,2,19,'img/books/counselling/Enjoy_Life/Slide6.jpg','Important decisions','0'),(124,2,19,'img/books/counselling/Enjoy_Life/Slide7.jpg','Special care for hair, skin, feet and mouth','0'),(125,2,19,'img/books/counselling/Enjoy_Life/Slide8.jpg','How to prevent accidents','0'),(126,2,19,'img/books/counselling/Enjoy_Life/Slide9.jpg','How to face complex psychological problems','0'),(127,2,19,'img/books/counselling/Enjoy_Life/Slide11.jpg','How spirituality improves health','0'),(128,2,19,'img/books/counselling/Enjoy_Life/Slide12.jpg','How social relationships improve health','0'),(129,2,19,'img/books/counselling/Enjoy_Life/Slide13.jpg','How to be well nourished in old age','0'),(130,2,19,'img/books/counselling/Enjoy_Life/Slide14.jpg','Ageing by gender','0'),(131,2,19,'img/books/counselling/Enjoy_Life/Slide15.jpg','Summary','0'),(132,2,19,'img/books/counselling/Enjoy_Life/Slide16.jpg','Back cover','0'),(163,2,31,'img/books/counselling/Positive_Mind/Slide1.jpg','Cover page','0'),(164,2,31,'img/books/counselling/Positive_Mind/Slide2.jpg','Chapters 1-3 previes','0'),(165,2,31,'img/books/counselling/Positive_Mind/Slide3.jpg','Chapters 4-6 preview','0'),(166,2,31,'img/books/counselling/Positive_Mind/Slide4.jpg','Glance into the pages','0'),(167,2,31,'img/books/counselling/Positive_Mind/Slide5.jpg','Adversity, shyness','0'),(168,2,31,'img/books/counselling/Positive_Mind/Slide6.jpg','Learning to live, self esteem','0'),(169,2,31,'img/books/counselling/Positive_Mind/Slide7.jpg','Simple relaxation techniques','0'),(170,2,31,'img/books/counselling/Positive_Mind/Slide8.jpg','Self centered problems (1) Insomnia, Hypochondria, Depression, Bulimia...','0'),(171,2,31,'img/books/counselling/Positive_Mind/Slide9.jpg','Self centered problems (2) Problems of adolescence ','0'),(172,2,31,'img/books/counselling/Positive_Mind/Slide10.jpg','2 Chapters devoted to problems centered around self...','0'),(173,2,31,'img/books/counselling/Positive_Mind/Slide11.jpg','My problems with other people','0'),(174,2,31,'img/books/counselling/Positive_Mind/Slide12.jpg','How to face challenges','0'),(175,2,31,'img/books/counselling/Positive_Mind/Slide13.jpg','Therapies - Behavioral therapy etc','0'),(176,2,31,'img/books/counselling/Positive_Mind/Slide14.jpg','Very practical and easy-to-use format.','0'),(177,2,31,'img/books/counselling/Positive_Mind/Slide15.jpg','Positive mind is a practical guide to any situation, applying its methods to one\'s personal routines will, without a doubt, result in a healthier, more balanced and happier life.','0'),(178,2,31,'img/books/counselling/Positive_Mind/Slide16.jpg','Back cover','0'),(179,2,31,'img/books/health/Positive_Mind/Slide1.jpg','Cover page','0'),(180,2,31,'img/books/health/Positive_Mind/Slide2.jpg','Chapters 1-3 previes','0'),(181,2,31,'img/books/health/Positive_Mind/Slide3.jpg','Chapters 4-6 preview','0'),(182,2,31,'img/books/health/Positive_Mind/Slide4.jpg','Glance into the pages','0'),(183,2,31,'img/books/health/Positive_Mind/Slide5.jpg','Adversity, shyness','0'),(184,2,31,'img/books/health/Positive_Mind/Slide6.jpg','Learning to live, self esteem','0'),(185,2,31,'img/books/health/Positive_Mind/Slide7.jpg','Simple relaxation techniques','0'),(186,2,31,'img/books/health/Positive_Mind/Slide8.jpg','Self centered problems (1) Insomnia, Hypochondria, Depression, Bulimia...','0'),(187,2,31,'img/books/health/Positive_Mind/Slide9.jpg','Self centered problems (2) Problems of adolescence ','0'),(188,2,31,'img/books/health/Positive_Mind/Slide10.jpg','2 Chapters devoted to problems centered around self...','0'),(189,2,31,'img/books/health/Positive_Mind/Slide11.jpg','My problems with other people','0'),(190,2,31,'img/books/health/Positive_Mind/Slide12.jpg','How to face challenges','0'),(191,2,31,'img/books/health/Positive_Mind/Slide13.jpg','Therapies - Behavioral therapy etc','0'),(192,2,31,'img/books/health/Positive_Mind/Slide14.jpg','Very practical and easy-to-use format.','0'),(193,2,2,'img/books/health/250_Recipes/Slide1.jpg','Cover page','0'),(194,2,2,'img/books/health/250_Recipes/Slide2.jpg','Recipes for disease prevention','0'),(195,2,2,'img/books/health/250_Recipes/Slide3.jpg','Authors','0'),(196,2,2,'img/books/health/250_Recipes/Slide4.jpg','Table of contents','0'),(197,2,2,'img/books/health/250_Recipes/Slide5.jpg','Table of contents 2','0'),(198,2,2,'img/books/health/250_Recipes/Slide6.jpg','Explanation of the pages','0'),(199,2,2,'img/books/health/250_Recipes/Slide7.jpg','Explanation of icons and graphics','0'),(200,2,2,'img/books/health/250_Recipes/Slide8.jpg','Recipes contents','0'),(201,2,2,'img/books/health/250_Recipes/Slide9.jpg','Recipes for the Musculoskeletal system','0'),(202,2,2,'img/books/health/250_Recipes/Slide10.jpg','Mexican corn Tortillas','0'),(203,2,2,'img/books/health/250_Recipes/Slide11.jpg','Chopped tomato sauce sample page','0'),(204,2,2,'img/books/health/250_Recipes/Slide12.jpg','Changing to a healing and preventing diet','0'),(205,2,2,'img/books/health/250_Recipes/Slide13.jpg','Mexican meat analogs','0'),(206,2,2,'img/books/health/250_Recipes/Slide14.jpg','Mixed vegetables','0'),(207,2,2,'img/books/health/250_Recipes/Slide15.jpg','Recipes with chef suggestions','0'),(208,2,2,'img/books/health/250_Recipes/Slide16.jpg','Nut loaf...','0'),(209,2,2,'img/books/health/250_Recipes/Slide17.jpg','Potatoes and spinach','0'),(210,2,2,'img/books/health/250_Recipes/Slide18.jpg','Broccoli bake','0'),(211,2,2,'img/books/health/250_Recipes/Slide19.jpg','Rice pudding','0'),(212,2,2,'img/books/health/250_Recipes/Slide20.jpg','Artichoke soup','0'),(213,2,2,'img/books/health/250_Recipes/Slide21.jpg','Red and white salad','0'),(214,2,2,'img/books/health/250_Recipes/Slide22.jpg','Average weight per fruit and vegetable piece','0'),(215,2,2,'img/books/health/250_Recipes/Slide23.jpg','measurement equivalences table','0'),(216,2,2,'img/books/health/250_Recipes/Slide24.jpg','More description','0'),(217,2,2,'img/books/health/250_Recipes/Slide25.jpg','Back cover','0'),(218,2,42,'img/books/family/A_Guide_To_Parenting/image32.png','Cover page','0'),(219,2,42,'img/books/family/A_Guide_To_Parenting/image33.jpg','Sample page -  fatherlesness... a father\'s pledge','0'),(220,2,42,'img/books/family/A_Guide_To_Parenting/image34.jpg','Sample page - the disruptive dozen.. analytics (melancholics)','0'),(221,2,42,'img/books/family/A_Guide_To_Parenting/image35.jpeg','description of this parenting book','0'),(222,2,53,'img/books/spiritual/Daniel_Reveals_The_Future/image91.jpg','Cover page','0'),(223,2,53,'img/books/spiritual/Daniel_Reveals_The_Future/image92.jpg','Lonely boys find God in king\'s palace','0'),(224,2,53,'img/books/spiritual/Daniel_Reveals_The_Future/image93.jpg','Bloodless hand writes fearful message','0'),(225,2,53,'img/books/spiritual/Daniel_Reveals_The_Future/image94.jpg','Spiritual well being... description of this book','0'),(226,2,12,'img/books/counselling/Discover_Your_Worth/Slide1.jpg','Cover page','0'),(227,2,12,'img/books/counselling/Discover_Your_Worth/Slide2.jpg','Table of contents','0'),(228,2,12,'img/books/counselling/Discover_Your_Worth/Slide4.jpg','Self-esteem, a basic feeling ','0'),(229,2,12,'img/books/counselling/Discover_Your_Worth/Slide5.jpg','Self esteem throughout life','0'),(230,2,12,'img/books/counselling/Discover_Your_Worth/Slide6.jpg','Self-esteem and relationships','0'),(231,2,12,'img/books/counselling/Discover_Your_Worth/Slide8.jpg','Self esteem at work','0'),(232,2,12,'img/books/counselling/Discover_Your_Worth/Slide9.jpg','Improving self esteem in the workplace','0'),(233,2,12,'img/books/counselling/Discover_Your_Worth/Slide10.jpg','Techniques to increase self-esteem','0'),(234,2,12,'img/books/counselling/Discover_Your_Worth/Slide11.jpg','Self-esteem enrichment plan','0'),(235,2,12,'img/books/counselling/Discover_Your_Worth/Slide13.jpg','Ability grouping and self-esteem','0'),(236,2,12,'img/books/counselling/Discover_Your_Worth/Slide14.jpg','About the author','0'),(237,2,12,'img/books/counselling/Discover_Your_Worth/Slide16.jpg','Back cover','0'),(250,2,9,'img/books/health/Diabetes/Slide1.jpg','Cover page','0'),(251,2,9,'img/books/health/Diabetes/Slide2.jpg','Table of contents','0'),(252,2,9,'img/books/health/Diabetes/Slide3.jpg','Table of contents 2','0'),(253,2,9,'img/books/health/Diabetes/Slide4.jpg','Self analysis of sugar in the blood','0'),(254,2,9,'img/books/health/Diabetes/Slide5.jpg','Diabetes in pregnancy','0'),(255,2,9,'img/books/health/Diabetes/Slide6.jpg','Dietotherapy','0'),(256,2,9,'img/books/health/Diabetes/Slide7.jpg','fats and oils','0'),(257,2,9,'img/books/health/Diabetes/Slide8.jpg','Diet plan and recipes','0'),(258,2,9,'img/books/health/Diabetes/Slide9.jpg','Phytotherapy','0'),(259,2,9,'img/books/health/Diabetes/Slide10.jpg','Herbal teas','0'),(260,2,9,'img/books/health/Diabetes/Slide11.jpg','Physiotherapy','0'),(261,2,9,'img/books/health/Diabetes/Slide12.jpg','Hydrotherapy','0'),(262,2,9,'img/books/health/Diabetes/Slide13.jpg','Medication','0'),(263,2,9,'img/books/health/Diabetes/Slide14.jpg','Insulin enjection sites','0'),(264,2,9,'img/books/health/Diabetes/Slide15.jpg','Diabetes, prevention and treatment.','0'),(265,2,9,'img/books/health/Diabetes/Slide16.jpg','Back cover','0'),(266,2,10,'img/books/children/Amazing_Nature/Slide1.jpg','Cover page','0'),(267,2,10,'img/books/children/Amazing_Nature/Slide2.jpg','Index','0'),(268,2,10,'img/books/children/Amazing_Nature/Slide3.jpg','This is a book for nature\'s lessons - unusual facts','0'),(269,2,10,'img/books/children/Amazing_Nature/Slide4.jpg','Over 80 pages in length, nice illustrations','0'),(270,2,10,'img/books/children/Amazing_Nature/Slide5.jpg','Lessons from the beaver','0'),(271,2,10,'img/books/children/Amazing_Nature/Slide6.jpg','Engineers learning from nature','0'),(272,2,10,'img/books/children/Amazing_Nature/Slide7.jpg','Benefits of nature for humanity','0'),(273,2,10,'img/books/children/Amazing_Nature/Slide8.jpg','Supernatural senses','0'),(274,2,10,'img/books/children/Amazing_Nature/Slide9.jpg','Real wonders, very small architects ','0'),(275,2,10,'img/books/children/Amazing_Nature/Slide10.jpg','Secrets of the green giants','0'),(276,2,10,'img/books/children/Amazing_Nature/Slide11.jpg','Closely related species that depend on each other','0'),(277,2,10,'img/books/children/Amazing_Nature/Slide12.jpg','Rare animal adaptations for limits of life like cold and hunger','0'),(278,2,10,'img/books/children/Amazing_Nature/Slide13.jpg','Nature and mathematics','0'),(279,2,10,'img/books/children/Amazing_Nature/Slide14.jpg','A made-to-measure universe','0'),(280,2,10,'img/books/children/Amazing_Nature/Slide15.jpg','The solar system','0'),(281,2,10,'img/books/children/Amazing_Nature/Slide16.jpg','back cover','0'),(282,2,47,'img/books/counselling/Cracking_The_Stress_Problem/image50.jpg','Cover page','0'),(283,2,47,'img/books/counselling/Cracking_The_Stress_Problem/image51.jpg','Chapter 4 - stress proofing','0'),(284,2,47,'img/books/counselling/Cracking_The_Stress_Problem/image52.jpg','Women and stress','0'),(285,2,47,'img/books/counselling/Cracking_The_Stress_Problem/image53.jpg','Book description in detail','0'),(286,2,11,'img/books/children/Discover_The_Bible/Picture1.png','Five volumes','0'),(287,2,11,'img/books/children/Discover_The_Bible/Slide2.jpg','Over four hundred stories form the Bible in nicely illustrated pictures','0'),(288,2,11,'img/books/children/Discover_The_Bible/Slide3.jpg','Nice preview of the chapters','0'),(289,2,11,'img/books/children/Discover_The_Bible/Slide4.jpg','Stories of the Bible divided into events and made easier to understand','0'),(290,2,11,'img/books/children/Discover_The_Bible/Slide5.jpg','A glance into the first few stories','0'),(291,2,11,'img/books/children/Discover_The_Bible/Slide6.jpg','Another glance into the story of Noah','0'),(292,2,11,'img/books/children/Discover_The_Bible/Slide7.jpg','The ten commandments','0'),(293,2,11,'img/books/children/Discover_The_Bible/Slide8.jpg','Preview of the stories','0'),(294,2,11,'img/books/children/Discover_The_Bible/Slide9.jpg','Prophets and kings','0'),(295,2,11,'img/books/children/Discover_The_Bible/Slide10.jpg','Daniel','0'),(296,2,11,'img/books/children/Discover_The_Bible/Slide11.jpg','Chapters previes','0'),(297,2,11,'img/books/children/Discover_The_Bible/Slide12.jpg','The birth of Jesus','0'),(298,2,11,'img/books/children/Discover_The_Bible/Slide13.jpg','A model to follow','0'),(299,2,11,'img/books/children/Discover_The_Bible/Slide14.jpg','Please write description','0'),(300,2,11,'img/books/children/Discover_The_Bible/Slide15.jpg','Christ\'s mission on earth','0'),(301,2,17,'img/books/health/Encyclopedia_Of_Foods_And_Their_Healing_Powers/Slide1.jpg','Books description','0'),(302,2,17,'img/books/health/Encyclopedia_Of_Foods_And_Their_Healing_Powers/Slide3.jpg','Encyclopedia of foods and their healing power','0'),(303,2,17,'img/books/health/Encyclopedia_Of_Foods_And_Their_Healing_Powers/Slide4.jpg','The healing power of vegetables','0'),(304,2,17,'img/books/health/Encyclopedia_Of_Foods_And_Their_Healing_Powers/Slide5.jpg','Foods for the eyes section','0'),(305,2,17,'img/books/health/Encyclopedia_Of_Foods_And_Their_Healing_Powers/Slide6.jpg','Foods for the nervous system section','0'),(306,2,17,'img/books/health/Encyclopedia_Of_Foods_And_Their_Healing_Powers/Slide7.jpg','Foods for the heart section','0'),(307,2,17,'img/books/health/Encyclopedia_Of_Foods_And_Their_Healing_Powers/Slide8.jpg','Foods for the arteries section','0'),(308,2,17,'img/books/health/Encyclopedia_Of_Foods_And_Their_Healing_Powers/Slide9.jpg','Foods for the blood section','0'),(309,2,17,'img/books/health/Encyclopedia_Of_Foods_And_Their_Healing_Powers/Slide10.jpg','Foods for the respiratory system section','0'),(310,2,17,'img/books/health/Encyclopedia_Of_Foods_And_Their_Healing_Powers/Slide11.jpg','Foods for the digestive system section','0'),(311,2,17,'img/books/health/Encyclopedia_Of_Foods_And_Their_Healing_Powers/Slide12.jpg','Foods for the liver and gall bladder section','0'),(312,2,17,'img/books/health/Encyclopedia_Of_Foods_And_Their_Healing_Powers/Slide13.jpg','Foods for the stomach section','0'),(313,2,17,'img/books/health/Encyclopedia_Of_Foods_And_Their_Healing_Powers/Slide14.jpg','Foods for the intestine section','0'),(314,2,17,'img/books/health/Encyclopedia_Of_Foods_And_Their_Healing_Powers/Slide15.jpg','Foods for the urinary tract section','0'),(315,2,17,'img/books/health/Encyclopedia_Of_Foods_And_Their_Healing_Powers/Slide16.jpg','Foods for the reproductive system section','0'),(316,2,17,'img/books/health/Encyclopedia_Of_Foods_And_Their_Healing_Powers/Slide17.jpg','Foods for the metabolism section','0'),(317,2,17,'img/books/health/Encyclopedia_Of_Foods_And_Their_Healing_Powers/Slide18.jpg','Foods for the musculoskeletal system section','0'),(318,2,17,'img/books/health/Encyclopedia_Of_Foods_And_Their_Healing_Powers/Slide19.jpg','Foods for the skin section','0'),(319,2,17,'img/books/health/Encyclopedia_Of_Foods_And_Their_Healing_Powers/Slide20.jpg','Foods for infections section','0'),(320,2,17,'img/books/health/Encyclopedia_Of_Foods_And_Their_Healing_Powers/Slide21.jpg','Educative section eg. Eating to avoid weight gain...','0'),(321,2,17,'img/books/health/Encyclopedia_Of_Foods_And_Their_Healing_Powers/Slide22.jpg','Reduce cholesterol ','0'),(322,2,17,'img/books/health/Encyclopedia_Of_Foods_And_Their_Healing_Powers/Slide23.jpg','Foods that help prevent cancer','0'),(323,2,1,'img/books/health/Healthy_Foods/Slide1.jpg','Books description','0'),(324,2,1,'img/books/health/Healthy_Foods/Slide3.jpg','Encyclopedia of foods and their healing power','0'),(325,2,1,'img/books/health/Healthy_Foods/Slide4.jpg','The healing power of vegetables','0'),(326,2,1,'img/books/health/Healthy_Foods/Slide5.jpg','Foods for the eyes section','0'),(327,2,1,'img/books/health/Healthy_Foods/Slide6.jpg','Foods for the nervous system section','0'),(328,2,1,'img/books/health/Healthy_Foods/Slide7.jpg','Foods for the heart section','0'),(329,2,1,'img/books/health/Healthy_Foods/Slide8.jpg','Foods for the arteries section','0'),(330,2,1,'img/books/health/Healthy_Foods/Slide9.jpg','Foods for the blood section','0'),(331,2,1,'img/books/health/Healthy_Foods/Slide10.jpg','Foods for the respiratory system section','0'),(332,2,1,'img/books/health/Healthy_Foods/Slide11.jpg','Foods for the digestive system section','0'),(333,2,1,'img/books/health/Healthy_Foods/Slide12.jpg','Foods for the liver and gall bladder section','0'),(334,2,1,'img/books/health/Healthy_Foods/Slide13.jpg','Foods for the stomach section','0'),(335,2,1,'img/books/health/Healthy_Foods/Slide14.jpg','Foods for the intestine section','0'),(336,2,1,'img/books/health/Healthy_Foods/Slide15.jpg','Foods for the urinary tract section','0'),(337,2,1,'img/books/health/Healthy_Foods/Slide16.jpg','Foods for the reproductive system section','0'),(338,2,1,'img/books/health/Healthy_Foods/Slide17.jpg','Foods for the metabolism section','0'),(339,2,1,'img/books/health/Healthy_Foods/Slide18.jpg','Foods for the musculoskeletal system section','0'),(340,2,1,'img/books/health/Healthy_Foods/Slide19.jpg','Foods for the skin section','0'),(341,2,1,'img/books/health/Healthy_Foods/Slide20.jpg','Foods for infections section','0'),(342,2,1,'img/books/health/Healthy_Foods/Slide21.jpg','Educative section eg. Eating to avoid weight gain...','0'),(343,2,1,'img/books/health/Healthy_Foods/Slide22.jpg','Reduce cholesterol ','0'),(344,2,1,'img/books/health/Healthy_Foods/Slide23.jpg','Foods that help prevent cancer','0'),(345,2,17,'img/books/health/Encyclopedia_Of_Foods_And_Their_Healing_Powers/Slide24.jpg','Recipes volumes that are also arranged according to organs of the body they benefit most','0'),(346,2,17,'img/books/health/Encyclopedia_Of_Foods_And_Their_Healing_Powers/Slide25.jpg','Health counsels for each recipe given','0'),(347,2,17,'img/books/health/Encyclopedia_Of_Foods_And_Their_Healing_Powers/Slide26.jpg','Recipes for the eyes','0'),(348,2,17,'img/books/health/Encyclopedia_Of_Foods_And_Their_Healing_Powers/Slide27.jpg','Recipes for the nervous system','0'),(349,2,17,'img/books/health/Encyclopedia_Of_Foods_And_Their_Healing_Powers/Slide28.jpg','Recipes for the arteries','0'),(350,2,17,'img/books/health/Encyclopedia_Of_Foods_And_Their_Healing_Powers/Slide29.jpg','Recipes for the blood','0'),(351,2,17,'img/books/health/Encyclopedia_Of_Foods_And_Their_Healing_Powers/Slide30.jpg','Recipes for the respiratory system','0'),(352,2,17,'img/books/health/Encyclopedia_Of_Foods_And_Their_Healing_Powers/Slide31.jpg','Recipes for the stomach','0'),(353,2,16,'img/books/health/Encyclopedia_of_Medicinal_Plants/Slide1.jpg','Cover page volume 1 of 2','0'),(354,2,16,'img/books/health/Encyclopedia_of_Medicinal_Plants/Slide2.jpg','Preview of the contents of the book','0'),(355,2,16,'img/books/health/Encyclopedia_of_Medicinal_Plants/Slide3.jpg','Plants for the mouth','0'),(356,2,16,'img/books/health/Encyclopedia_of_Medicinal_Plants/Slide4.jpg','Plants for the eyes','0'),(357,2,16,'img/books/health/Encyclopedia_of_Medicinal_Plants/Slide5.jpg','Plants for the nervous system','0'),(358,2,16,'img/books/health/Encyclopedia_of_Medicinal_Plants/Slide6.jpg','Plants for the throat','0'),(359,2,16,'img/books/health/Encyclopedia_of_Medicinal_Plants/Slide7.jpg','Plants for the heart','0'),(360,2,16,'img/books/health/Encyclopedia_of_Medicinal_Plants/Slide8.jpg','Plants for the arteries','0'),(361,2,16,'img/books/health/Encyclopedia_of_Medicinal_Plants/Slide9.jpg','Plants for the veins','0'),(362,2,16,'img/books/health/Encyclopedia_of_Medicinal_Plants/Slide10.jpg','Plants for the respiratory system','0'),(363,2,16,'img/books/health/Encyclopedia_of_Medicinal_Plants/Slide11.jpg','Plants for the digestive system','0'),(364,2,16,'img/books/health/Encyclopedia_of_Medicinal_Plants/Slide12.jpg','Plants for the stomach','0'),(365,2,16,'img/books/health/Encyclopedia_of_Medicinal_Plants/Slide13.jpg','Plants for the intestine','0'),(366,2,16,'img/books/health/Encyclopedia_of_Medicinal_Plants/Slide14.jpg','Plants for the anus and the rectum','0'),(367,2,16,'img/books/health/Encyclopedia_of_Medicinal_Plants/Slide15.jpg','Plants for the male sexual organs','0'),(368,2,16,'img/books/health/Encyclopedia_of_Medicinal_Plants/Slide16.jpg','Plants for the metabolism','0'),(369,2,16,'img/books/health/Encyclopedia_of_Medicinal_Plants/Slide17.jpg','Plants for the locomotive system','0'),(370,2,16,'img/books/health/Encyclopedia_of_Medicinal_Plants/Slide18.jpg','Plants for the skin','0'),(371,2,16,'img/books/health/Encyclopedia_of_Medicinal_Plants/Slide19.jpg','Plants for the infectious diseases','0'),(372,2,16,'img/books/health/Encyclopedia_of_Medicinal_Plants/Slide20.jpg','Meaning of the icons of anatomical parts used in the book','0'),(373,2,16,'img/books/health/Encyclopedia_of_Medicinal_Plants/Slide21.jpg','Plant pages: Description and format','0'),(374,2,16,'img/books/health/Encyclopedia_of_Medicinal_Plants/Slide22.jpg','Contents of volume 1','0'),(375,2,16,'img/books/health/Encyclopedia_of_Medicinal_Plants/Slide23.jpg','Contents of volume 2','0'),(376,2,18,'img/books/health/Enjoy_It/Slide1.jpg','Cover page','0'),(377,2,18,'img/books/health/Enjoy_It/Slide2.jpg','Decisive factors for healthy living','0'),(378,2,18,'img/books/health/Enjoy_It/Slide3.jpg','Benefits of healthy eating','0'),(379,2,18,'img/books/health/Enjoy_It/Slide4.jpg','Laws for a good diet','0'),(380,2,18,'img/books/health/Enjoy_It/Slide5.jpg','Carbohydrates','0'),(381,2,18,'img/books/health/Enjoy_It/Slide6.jpg','Fats','0'),(382,2,18,'img/books/health/Enjoy_It/Slide7.jpg','Suggestions for Cholesterol levels','0'),(383,2,18,'img/books/health/Enjoy_It/Slide8.jpg','Proteins','0'),(384,2,18,'img/books/health/Enjoy_It/Slide9.jpg','A safe method to cover vitamin needs','0'),(385,2,18,'img/books/health/Enjoy_It/Slide10.jpg','Best way to obtain foods rich in minerals','0'),(386,2,18,'img/books/health/Enjoy_It/Slide11.jpg','The nutritional secret of the healthier peoples','0'),(387,2,18,'img/books/health/Enjoy_It/Slide12.jpg','Main factors to achieve endurance, strength and energy','0'),(388,2,18,'img/books/health/Enjoy_It/Slide13.jpg','Health and meat consumption','0'),(389,2,18,'img/books/health/Enjoy_It/Slide14.jpg','A pyramid of a balanced diet','0'),(390,2,18,'img/books/health/Enjoy_It/Slide15.jpg','Examples of wight-loss menus','0'),(391,2,18,'img/books/health/Enjoy_It/Slide16.jpg','Back cover','0'),(392,2,59,'img/books/health/Feeling_Good/Picture4.png','Cover page','0'),(393,2,59,'img/books/health/Feeling_Good/Slide2.jpg','Table of contents','0'),(394,2,59,'img/books/health/Feeling_Good/Slide3.jpg','table of contents cont..','0'),(395,2,59,'img/books/health/Feeling_Good/Slide4.jpg','This book highlights the importance of prevention as the golden rule...','0'),(396,2,59,'img/books/health/Feeling_Good/Slide5.jpg','Kegel\'s exercises and more','0'),(397,2,59,'img/books/health/Feeling_Good/Slide6.jpg','How to take care of your health','0'),(398,2,59,'img/books/health/Feeling_Good/Slide7.jpg','Prevention check-ups and tests','0'),(399,2,59,'img/books/health/Feeling_Good/Slide8.jpg','Principal disorders of the genital organs/ urinary tract','0'),(400,2,59,'img/books/health/Feeling_Good/Slide9.jpg','Other tumors','0'),(401,2,59,'img/books/health/Feeling_Good/Slide10.jpg','The breast','0'),(402,2,59,'img/books/health/Feeling_Good/Slide11.jpg','Self tests','0'),(403,2,59,'img/books/health/Feeling_Good/Slide12.jpg','Menopause','0'),(404,2,59,'img/books/health/Feeling_Good/Slide13.jpg','Headaches, menopause, prevention of arthritis','0'),(405,2,59,'img/books/health/Feeling_Good/Slide14.jpg','Glossary','0'),(406,2,59,'img/books/health/Feeling_Good/Slide15.jpg','DVD that accompanies the book','0'),(407,2,59,'img/books/health/Feeling_Good/Slide16.jpg','Back cover','0'),(408,2,23,'img/books/counselling/Free_From_Addictions/Slide1.jpg','Cover page','0'),(409,2,23,'img/books/counselling/Free_From_Addictions/Slide2.jpg','Table of contents','0'),(410,2,23,'img/books/counselling/Free_From_Addictions/Slide3.jpg','table of contents cont...','0'),(411,2,23,'img/books/counselling/Free_From_Addictions/Slide4.jpg','The addictive cycle of anxiety','0'),(412,2,23,'img/books/counselling/Free_From_Addictions/Slide5.jpg','Free from drugs','0'),(413,2,23,'img/books/counselling/Free_From_Addictions/Slide6.jpg','Tobacco','0'),(414,2,23,'img/books/counselling/Free_From_Addictions/Slide7.jpg','Freedom in the face of tobacco','0'),(415,2,23,'img/books/counselling/Free_From_Addictions/Slide8.jpg','Alcohol','0'),(416,2,23,'img/books/counselling/Free_From_Addictions/Slide9.jpg','Therapies against alcoholism','0'),(417,2,23,'img/books/counselling/Free_From_Addictions/Slide10.jpg','New addictions: internet, shopping, food etc','0'),(418,2,23,'img/books/counselling/Free_From_Addictions/Slide11.jpg','Sex addiction','0'),(419,2,23,'img/books/counselling/Free_From_Addictions/Slide12.jpg','AIDS','0'),(420,2,23,'img/books/counselling/Free_From_Addictions/Slide13.jpg','A positive attitude in the patient and in everyone else','0'),(421,2,23,'img/books/counselling/Free_From_Addictions/Slide14.jpg','An effective remedy','0'),(422,2,23,'img/books/counselling/Free_From_Addictions/Slide15.jpg','Towards free freedom - the scientific evidence of the power of prayer','0'),(423,2,23,'img/books/counselling/Free_From_Addictions/Slide16.jpg','Relationship problems, analysis and remedies','0'),(424,2,23,'img/books/counselling/Free_From_Addictions/Slide17.jpg','Back cover','0'),(425,2,51,'img/books/health/Health_Power_(hard_cover)/image63.jpg','Cover page','0'),(426,2,51,'img/books/health/Health_Power_(hard_cover)/image64.jpg','Nice descriptions eg: progression of coronary artery disease and practical applications','0'),(427,2,51,'img/books/health/Health_Power_(hard_cover)/image65.jpg','The danger of soft drinks','0'),(428,2,51,'img/books/health/Health_Power_(hard_cover)/image66.jpg','More description for the book - health power.','0'),(429,2,50,'img/books/health/Health_Power_(soft_cover)/image63.jpg','Cover page','0'),(430,2,50,'img/books/health/Health_Power_(soft_cover)/image64.jpg','Nice descriptions eg: progression of coronary artery disease and practical applications','0'),(431,2,50,'img/books/health/Health_Power_(soft_cover)/image65.jpg','The danger of soft drinks','0'),(432,2,50,'img/books/health/Health_Power_(soft_cover)/image66.jpg','More description for the book - health power.','0'),(433,2,24,'img/books/health/Healthy_Body/Slide1.jpg','Cover page','0'),(434,2,24,'img/books/health/Healthy_Body/Slide2.jpg','Layout of this work','0'),(435,2,24,'img/books/health/Healthy_Body/Slide3.jpg','Description of the numeric formatting','0'),(436,2,24,'img/books/health/Healthy_Body/Slide4.jpg','The extraordinary worth of the human body... function of each part and organ, and advice on keeping healthy and in shape','0'),(437,2,24,'img/books/health/Healthy_Body/Slide5.jpg','The first chapters discuss the head','0'),(438,2,24,'img/books/health/Healthy_Body/Slide6.jpg','Caring for the eyes','0'),(439,2,24,'img/books/health/Healthy_Body/Slide7.jpg','Nose and ears','0'),(440,2,24,'img/books/health/Healthy_Body/Slide8.jpg','Face and mouth','0'),(441,2,24,'img/books/health/Healthy_Body/Slide9.jpg','Neck and throat','0'),(442,2,24,'img/books/health/Healthy_Body/Slide10.jpg','Lungs and upper limbs','0'),(443,2,24,'img/books/health/Healthy_Body/Slide11.jpg','Heart and back','0'),(444,2,24,'img/books/health/Healthy_Body/Slide12.jpg','Liver and belly','0'),(445,2,24,'img/books/health/Healthy_Body/Slide13.jpg','Stomach and bowels','0'),(446,2,24,'img/books/health/Healthy_Body/Slide14.jpg','Male and female genitalia, kidneys and bladder','0'),(447,2,24,'img/books/health/Healthy_Body/Slide15.jpg','Lower limbs','0'),(448,2,24,'img/books/health/Healthy_Body/Slide16.jpg','Back cover','0'),(449,2,25,'img/books/health/Healthy_By_Nature/Slide1.jpg','Cover page','0'),(450,2,25,'img/books/health/Healthy_By_Nature/Slide2.jpg','Videos','0'),(451,2,25,'img/books/health/Healthy_By_Nature/Slide3.jpg','Eight cures of nature','0'),(452,2,25,'img/books/health/Healthy_By_Nature/Slide4.jpg','Hydrotherapy - Health through water','0'),(453,2,25,'img/books/health/Healthy_By_Nature/Slide5.jpg','General effects of hydrotherapeutic treatments','0'),(454,2,25,'img/books/health/Healthy_By_Nature/Slide6.jpg','Aerotherapy - Health through the air','0'),(455,2,25,'img/books/health/Healthy_By_Nature/Slide7.jpg','Learning to breathe deeply','0'),(456,2,25,'img/books/health/Healthy_By_Nature/Slide8.jpg','Heliotherapy','0'),(457,2,25,'img/books/health/Healthy_By_Nature/Slide9.jpg','Health through the sun','0'),(458,2,25,'img/books/health/Healthy_By_Nature/Slide10.jpg','physiotherapy - Health through movement','0'),(459,2,25,'img/books/health/Healthy_By_Nature/Slide11.jpg','Rest','0'),(460,2,25,'img/books/health/Healthy_By_Nature/Slide12.jpg','Dietotherapy - Health through nutrition','0'),(461,2,25,'img/books/health/Healthy_By_Nature/Slide13.jpg','What we eat in the 21st century','0'),(462,2,25,'img/books/health/Healthy_By_Nature/Slide14.jpg','Health through abstinence','0'),(463,2,25,'img/books/health/Healthy_By_Nature/Slide15.jpg','Socially tolerated drugs','0'),(464,2,25,'img/books/health/Healthy_By_Nature/Slide16.jpg','Health program','0'),(465,2,26,'img/books/health/Healthy_Plants/Slide3.jpg','Plants for the mouth','0'),(466,2,26,'img/books/health/Healthy_Plants/Slide4.jpg','Plants for the eyes','0'),(467,2,26,'img/books/health/Healthy_Plants/Slide5.jpg','Plants for the nervous system','0'),(468,2,26,'img/books/health/Healthy_Plants/Slide6.jpg','Plants for the throat','0'),(469,2,26,'img/books/health/Healthy_Plants/Slide7.jpg','Plants for the heart','0'),(470,2,26,'img/books/health/Healthy_Plants/Slide8.jpg','Plants for the arteries','0'),(471,2,26,'img/books/health/Healthy_Plants/Slide9.jpg','Plants for the veins','0'),(472,2,26,'img/books/health/Healthy_Plants/Slide10.jpg','Plants for the respiratory system','0'),(473,2,26,'img/books/health/Healthy_Plants/Slide11.jpg','Plants for the digestive system','0'),(474,2,26,'img/books/health/Healthy_Plants/Slide12.jpg','Plants for the stomach','0'),(475,2,26,'img/books/health/Healthy_Plants/Slide13.jpg','Plants for the intestine','0'),(476,2,26,'img/books/health/Healthy_Plants/Slide14.jpg','Plants for the anus and the rectum','0'),(477,2,26,'img/books/health/Healthy_Plants/Slide15.jpg','Plants for the male sexual organs','0'),(478,2,26,'img/books/health/Healthy_Plants/Slide16.jpg','Plants for the metabolism','0'),(479,2,26,'img/books/health/Healthy_Plants/Slide17.jpg','Plants for the locomotive system','0'),(480,2,26,'img/books/health/Healthy_Plants/Slide18.jpg','Plants for the skin','0'),(481,2,26,'img/books/health/Healthy_Plants/Slide19.jpg','Plants for the infectious diseases','0'),(482,2,26,'img/books/health/Healthy_Plants/Slide20.jpg','Meaning of the icons of anatomical parts used in the book','0'),(483,2,26,'img/books/health/Healthy_Plants/Slide21.jpg','Plant pages: Description and format','0'),(484,2,7,'img/books/family/Heart_To_Heart/Slide1.jpg','Cover page','0'),(485,2,7,'img/books/family/Heart_To_Heart/Slide2.jpg','First: good communication','0'),(486,2,7,'img/books/family/Heart_To_Heart/Slide3.jpg','Pair bonding: pathway to intimacy','0'),(487,2,7,'img/books/family/Heart_To_Heart/Slide4.jpg','Understanding temperaments','0'),(488,2,7,'img/books/family/Heart_To_Heart/Slide5.jpg','Heart listening: a way to show you care','0'),(489,2,7,'img/books/family/Heart_To_Heart/Slide6.jpg','Listening bloopers.. how to be good in listening','0'),(490,2,7,'img/books/family/Heart_To_Heart/Slide7.jpg','Heart talk: how to talk to the one you love','0'),(491,2,7,'img/books/family/Heart_To_Heart/Slide8.jpg','High level talks','0'),(492,2,7,'img/books/family/Heart_To_Heart/Slide9.jpg','Taking advantage of all chances','0'),(493,2,7,'img/books/family/Heart_To_Heart/Slide10.jpg','How to respond to an angry partner','0'),(494,2,7,'img/books/family/Heart_To_Heart/Slide11.jpg','Fight styles revealed','0'),(495,2,7,'img/books/family/Heart_To_Heart/Slide12.jpg','Best friends: secrets of attaining intimacy','0'),(496,2,7,'img/books/family/Heart_To_Heart/Slide13.jpg','Sexually speaking','0'),(497,2,7,'img/books/family/Heart_To_Heart/Slide14.jpg','Six easy ways to talk about sex','0'),(498,2,7,'img/books/family/Heart_To_Heart/Slide15.jpg','Now is the moment - check yourself out','0'),(499,2,7,'img/books/family/Heart_To_Heart/Slide16.jpg','Back cover','0'),(500,2,36,'img/books/family/Highly_Effective_Marriage/image5.jpg','Cover photo','0'),(501,2,36,'img/books/family/Highly_Effective_Marriage/image6.jpg','A glance into the book','0'),(502,2,36,'img/books/family/Highly_Effective_Marriage/image7.jpg','Talk styles...','0'),(503,2,36,'img/books/family/Highly_Effective_Marriage/image8.jpg','Description about this book','0'),(504,2,49,'img/books/health/Home_Health_Care/image59.jpg','Cover page','0'),(505,2,49,'img/books/health/Home_Health_Care/image60.jpg','How to treat head injuries','0'),(506,2,49,'img/books/health/Home_Health_Care/image61.jpg','Heating compress usage','0'),(507,2,49,'img/books/health/Home_Health_Care/image62.jpg','More description about Home health Care book','0'),(508,2,27,'img/books/counselling/Less_Stress/Picture2.jpg','Cover page','0'),(509,2,27,'img/books/counselling/Less_Stress/Slide2.jpg','What is stress? stages of stress...','0'),(510,2,27,'img/books/counselling/Less_Stress/Slide3.jpg','Physiology of stress: the physical areas directly affected by stress','0'),(511,2,27,'img/books/counselling/Less_Stress/Slide4.jpg','What happens when there is too much stress?','0'),(512,2,27,'img/books/counselling/Less_Stress/Slide5.jpg','Stress effects - behavioral areas ','0'),(513,2,27,'img/books/counselling/Less_Stress/Slide6.jpg','Reactions to frustrations','0'),(514,2,27,'img/books/counselling/Less_Stress/Slide7.jpg','Mental health','0'),(515,2,27,'img/books/counselling/Less_Stress/Slide8.jpg','Causes of stress: occupations with a high level of stress','0'),(516,2,27,'img/books/counselling/Less_Stress/Slide9.jpg','Anti-stress exercise program','0'),(517,2,27,'img/books/counselling/Less_Stress/Slide10.jpg','Stressful factors throughout life','0'),(518,2,27,'img/books/counselling/Less_Stress/Slide11.jpg','Stressful factors throughout life cont...','0'),(519,2,27,'img/books/counselling/Less_Stress/Slide12.jpg','Stress and personal attitude towards a potential stress factor','0'),(520,2,27,'img/books/counselling/Less_Stress/Slide13.jpg','Stress and diet','0'),(521,2,27,'img/books/counselling/Less_Stress/Slide14.jpg','Stress self-evaluation','0'),(522,2,27,'img/books/counselling/Less_Stress/Slide15.jpg','Stress management plan','0'),(523,2,27,'img/books/counselling/Less_Stress/Slide16.jpg','Back cover','0'),(524,2,28,'img/books/children/Making_Friends/Slide1.jpg','7 Volumes of making friends','0'),(525,2,28,'img/books/children/Making_Friends/Slide2.jpg','Origin of life','0'),(526,2,28,'img/books/children/Making_Friends/Slide3.jpg','The process of human growth','0'),(527,2,28,'img/books/children/Making_Friends/Slide4.jpg','Famous friends','0'),(528,2,28,'img/books/children/Making_Friends/Slide5.jpg','Martin Luther king and the rest...','0'),(529,2,28,'img/books/children/Making_Friends/Slide6.jpg','Curious facts about wild animals','0'),(530,2,28,'img/books/children/Making_Friends/Slide7.jpg','more animals...','0'),(531,2,28,'img/books/children/Making_Friends/Slide8.jpg','World\'s greatest musicians and painters','0'),(532,2,28,'img/books/children/Making_Friends/Slide9.jpg','World\'s greatest musicians and painters cont...','0'),(533,2,28,'img/books/children/Making_Friends/Slide10.jpg','Natural elements and agents (water, sun, air...)','0'),(534,2,28,'img/books/children/Making_Friends/Slide11.jpg','The enemies of health (alcohol, tobacco... )','0'),(535,2,28,'img/books/children/Making_Friends/Slide12.jpg','Film makers, humanists and writers in the third volume','0'),(536,2,28,'img/books/children/Making_Friends/Slide13.jpg','Film makers, humanists and writers cont...','0'),(537,2,28,'img/books/children/Making_Friends/Slide14.jpg','Life and teachings of Jesus','0'),(538,2,28,'img/books/children/Making_Friends/Slide15.jpg','The friend of children...','0'),(539,2,28,'img/books/children/Making_Friends/Slide16.jpg','Packed with a DVD with many computer activities for kids','0'),(540,2,29,'img/books/children/My_Little_Health_Book/Slide1.jpg','Cover page','0'),(541,2,29,'img/books/children/My_Little_Health_Book/Slide2.jpg','Table of contents','0'),(542,2,29,'img/books/children/My_Little_Health_Book/Slide3.jpg','Introduction','0'),(543,2,29,'img/books/children/My_Little_Health_Book/Slide4.jpg','What\'s there to eat? information about foods','0'),(544,2,29,'img/books/children/My_Little_Health_Book/Slide5.jpg','The right time to eat','0'),(545,2,29,'img/books/children/My_Little_Health_Book/Slide6.jpg','The rules of eating...','0'),(546,2,29,'img/books/children/My_Little_Health_Book/Slide7.jpg','Run for your life.. exercise.','0'),(547,2,29,'img/books/children/My_Little_Health_Book/Slide8.jpg','Drink it all in.... water!','0'),(548,2,29,'img/books/children/My_Little_Health_Book/Slide9.jpg','Sunshine','0'),(549,2,29,'img/books/children/My_Little_Health_Book/Slide10.jpg','Temperance','0'),(550,2,29,'img/books/children/My_Little_Health_Book/Slide11.jpg','Sleep tight: importance of rest','0'),(551,2,29,'img/books/children/My_Little_Health_Book/Slide12.jpg','Clean fresh air','0'),(552,2,29,'img/books/children/My_Little_Health_Book/Slide13.jpg','Trust: read and watch the right materials','0'),(553,2,29,'img/books/children/My_Little_Health_Book/Slide14.jpg','church','0'),(554,2,29,'img/books/children/My_Little_Health_Book/Slide15.jpg','be healthy, be happy and be kind','0'),(555,2,29,'img/books/children/My_Little_Health_Book/Slide16.jpg','Back cover','0'),(556,2,30,'img/books/children/Nature_s_Amazing_Migrations/Slide1.jpg','Cover page','0'),(557,2,30,'img/books/children/Nature_s_Amazing_Migrations/Slide2.jpg','Table of contents','0'),(558,2,30,'img/books/children/Nature_s_Amazing_Migrations/Slide3.jpg','Illustrated page about a wide variety of nature','0'),(559,2,30,'img/books/children/Nature_s_Amazing_Migrations/slide4.jpg','Most extraordinary events that occurs in nature','0'),(560,2,30,'img/books/children/Nature_s_Amazing_Migrations/Slide5.jpg','Journeys undertaken by animals on earth','0'),(561,2,30,'img/books/children/Nature_s_Amazing_Migrations/Slide6.jpg','Animal\'s amazing abilities','0'),(562,2,30,'img/books/children/Nature_s_Amazing_Migrations/Slide7.jpg','Climate\'s adaptations','0'),(563,2,30,'img/books/children/Nature_s_Amazing_Migrations/Slide8.jpg','Understanding the stages of a monarch butterfly ','0'),(564,2,30,'img/books/children/Nature_s_Amazing_Migrations/Slide9.jpg','Largest mammal migration on earth','0'),(565,2,30,'img/books/children/Nature_s_Amazing_Migrations/Slide10.jpg','Birds that fly 17000 kilometres each year','0'),(566,2,30,'img/books/children/Nature_s_Amazing_Migrations/Slide11.jpg','Birds that travel 80000 kilometres','0'),(567,2,30,'img/books/children/Nature_s_Amazing_Migrations/Slide12.jpg','Game at the end of the book to review what the reader learned','0'),(568,2,30,'img/books/children/Nature_s_Amazing_Migrations/Slide13.jpg','Great small journeys','0'),(569,2,30,'img/books/children/Nature_s_Amazing_Migrations/Slide14.jpg','Great book for family to share time together','0'),(570,2,30,'img/books/children/Nature_s_Amazing_Migrations/Slide15.jpg','Pages at a glance','0'),(571,2,30,'img/books/children/Nature_s_Amazing_Migrations/Slide16.jpg','Back cover','0'),(572,2,46,'img/books/family/Single_And_Gifted/image44.jpg','Cover page','0'),(573,2,46,'img/books/family/Single_And_Gifted/image45.jpg','A glance into the book','0'),(574,2,46,'img/books/family/Single_And_Gifted/image46.jpeg','Tired of being alone?','0'),(575,2,46,'img/books/family/Single_And_Gifted/image47.jpg','Description about the book in detail','0'),(576,2,43,'img/books/family/Smart_Love/image37.jpg','Cover page','0'),(577,2,43,'img/books/family/Smart_Love/image38.jpg','Grown up?','0'),(578,2,43,'img/books/family/Smart_Love/image39.jpg','Break ups','0'),(579,2,43,'img/books/family/Smart_Love/image40.jpg','More detailed description of the book','0'),(580,2,52,'img/books/spiritual/Steps_To_Christ/steps1.png','Quoted from Steps To Christ','0'),(581,2,52,'img/books/spiritual/Steps_To_Christ/steps2.png','Quoted from Steps To Christ','0'),(582,2,52,'img/books/spiritual/Steps_To_Christ/steps3.png','Quoted from Steps To Christ','0'),(583,2,52,'img/books/spiritual/Steps_To_Christ/steps4.png','Quoted from Steps To Christ','0'),(584,2,52,'img/books/spiritual/Steps_To_Christ/steps5.png','Quoted from Steps To Christ','0'),(585,2,38,'img/books/family/The_Family_Book/image13.jpg','Cover page','0'),(586,2,38,'img/books/family/The_Family_Book/image14.jpg','Time management for teens - a glance into the book','0'),(587,2,38,'img/books/family/The_Family_Book/image15.jpg','Chapter 5 - facing life\'s challenges together','0'),(588,2,38,'img/books/family/The_Family_Book/image16.jpg','Detailed description of the book','0'),(589,2,40,'img/books/family/The_Smart_Parent/image25.jpg','Cover page','0'),(590,2,40,'img/books/family/The_Smart_Parent/image26.jpg','A glance into the book','0'),(591,2,40,'img/books/family/The_Smart_Parent/image27.jpg','About teenagers','0'),(592,2,40,'img/books/family/The_Smart_Parent/image28.jpg','More details about the book','0'),(593,2,39,'img/books/family/The_Total_Marriage/image17.jpg','Cover page','0'),(594,2,39,'img/books/family/The_Total_Marriage/image18.jpg','A glance into the book','0'),(595,2,39,'img/books/family/The_Total_Marriage/image19.jpg','Marriage: ideal, ordeal or new deal?','0'),(596,2,39,'img/books/family/The_Total_Marriage/image20.jpg','More detailed description about the book','0'),(597,2,33,'img/books/family/To_Couples/Slide1.jpg','Cover page','0'),(598,2,33,'img/books/family/To_Couples/Slide2.jpg','Table of contents','0'),(599,2,33,'img/books/family/To_Couples/Slide3.jpg','Table of contents cont...','0'),(600,2,33,'img/books/family/To_Couples/Slide4.jpg','This work shows how to have stable and happy relationships throughout life','0'),(601,2,33,'img/books/family/To_Couples/Slide5.jpg','Counsels from courtship to old age','0'),(602,2,33,'img/books/family/To_Couples/Slide6.jpg','The couple... past and present','0'),(603,2,33,'img/books/family/To_Couples/Slide7.jpg','The family throughout history','0'),(604,2,33,'img/books/family/To_Couples/Slide8.jpg','Courtship','0'),(605,2,33,'img/books/family/To_Couples/Slide9.jpg','Newlyweds','0'),(606,2,33,'img/books/family/To_Couples/Slide10.jpg','When children arrive','0'),(607,2,33,'img/books/family/To_Couples/Slide11.jpg','After the children leave home','0'),(608,2,33,'img/books/family/To_Couples/Slide12.jpg','Crisis within the home','0'),(609,2,33,'img/books/family/To_Couples/Slide13.jpg','In old age','0'),(610,2,33,'img/books/family/To_Couples/Slide14.jpg','More about couples','0'),(611,2,33,'img/books/family/To_Couples/Slide15.jpg','The book contains charts, self evaluation tests etc','0'),(612,2,33,'img/books/family/To_Couples/Slide16.jpg','Back cover','0'),(613,2,37,'img/books/family/To_Have_And_To_Hold/image9.jpg','Cover page','0'),(614,2,37,'img/books/family/To_Have_And_To_Hold/image10.jpg','Acceptance - a glance into the book','0'),(615,2,37,'img/books/family/To_Have_And_To_Hold/image11.jpg','Covers communication methods','0'),(616,2,37,'img/books/family/To_Have_And_To_Hold/image12.jpg','More detailed description of the book','0'),(617,2,41,'img/books/family/Train_Up_A_Child/image29.jpg','Cover page','0'),(618,2,41,'img/books/family/Train_Up_A_Child/image31.jpg','Description about the book','0'),(619,2,48,'img/books/health/Understanding_Nutrition/image54.jpg','Cover page','0'),(620,2,48,'img/books/health/Understanding_Nutrition/image55.jpg','Detailed explanations','0'),(621,2,48,'img/books/health/Understanding_Nutrition/image56.jpg','A glance into the book','0'),(622,2,48,'img/books/health/Understanding_Nutrition/image58.jpg','More detailed description of the book','0'),(623,2,44,'img/books/family/Young_Man/image41.jpg','Cover page','0'),(624,2,44,'img/books/family/Young_Man/image43.jpg','Description','0'),(625,2,45,'img/books/family/Young_Woman/image42.jpeg','Cover page','0'),(626,2,45,'img/books/family/Young_Woman/image43.jpg','Description','0'),(627,2,8,'img/books/abc/The_Great_Hope/g_hope1.png','Quotation from The Great Hope','0'),(628,2,8,'img/books/abc/The_Great_Hope/g_hope2.png','Quotation from The Great Hope','0'),(629,2,35,'img/books/counselling/THINK_BIG/t_big1.jpg','Quotation from Think Big','0'),(630,2,35,'img/books/counselling/THINK_BIG/t_big2.jpg','Quotation from Think Big','0'),(632,2,57,'img/books/health/Health_Juices/New Doc 2017-10-04_1.jpg','Table of Contents','0'),(633,2,57,'img/books/health/Health_Juices/New Doc 2017-10-04_2.jpg','','0'),(634,2,57,'img/books/health/Health_Juices/New Doc 2017-10-03_5.jpg','Memory loss','0'),(635,2,57,'img/books/health/Health_Juices/New Doc 2017-10-03_6.jpg','Super detox','0'),(636,2,57,'img/books/health/Health_Juices/New Doc 2017-10-04 (3)_3.jpg','Drinks for reproductive system','0'),(637,2,59,'img/books/slide1-1718857294.jpg','<p>slide2</p>','0'),(638,2,59,'img/books/slide6-1718857342.jpg','<p>asdfsdfsf</p>','0'),(639,2,59,NULL,'<div>slide four</div>','0');
/*!40000 ALTER TABLE `presentation` ENABLE KEYS */;
UNLOCK TABLES;

--
-- Table structure for table `publisher`
--

DROP TABLE IF EXISTS `publisher`;
/*!40101 SET @saved_cs_client     = @@character_set_client */;
/*!50503 SET character_set_client = utf8mb4 */;
CREATE TABLE `publisher` (
  `id` int NOT NULL AUTO_INCREMENT,
  `name` varchar(255) CHARACTER SET utf8mb4 COLLATE utf8mb4_unicode_ci NOT NULL,
  `address` varchar(255) CHARACTER SET utf8mb4 COLLATE utf8mb4_unicode_ci NOT NULL,
  PRIMARY KEY (`id`)
) ENGINE=InnoDB AUTO_INCREMENT=9 DEFAULT CHARSET=utf8mb4 COLLATE=utf8mb4_unicode_ci;
/*!40101 SET character_set_client = @saved_cs_client */;

--
-- Dumping data for table `publisher`
--

LOCK TABLES `publisher` WRITE;
/*!40000 ALTER TABLE `publisher` DISABLE KEYS */;
INSERT INTO `publisher` VALUES (1,'Safeliz','Spain'),(2,'Stanborough Press','United Kingdom'),(4,'ECDPA','Nairobi'),(5,'Calvary Publishers','Nairobi'),(6,'Timely and Forecast Media','Nairobi'),(7,'Ufunuo','Nairobi'),(8,'AHPH','Nairobi');
/*!40000 ALTER TABLE `publisher` ENABLE KEYS */;
UNLOCK TABLES;

--
-- Table structure for table `reset_password_request`
--

DROP TABLE IF EXISTS `reset_password_request`;
/*!40101 SET @saved_cs_client     = @@character_set_client */;
/*!50503 SET character_set_client = utf8mb4 */;
CREATE TABLE `reset_password_request` (
  `id` int NOT NULL AUTO_INCREMENT,
  `user_id` int NOT NULL,
  `selector` varchar(20) CHARACTER SET utf8mb4 COLLATE utf8mb4_unicode_ci NOT NULL,
  `hashed_token` varchar(100) CHARACTER SET utf8mb4 COLLATE utf8mb4_unicode_ci NOT NULL,
  `requested_at` datetime NOT NULL COMMENT '(DC2Type:datetime_immutable)',
  `expires_at` datetime NOT NULL COMMENT '(DC2Type:datetime_immutable)',
  PRIMARY KEY (`id`),
  KEY `IDX_7CE748AA76ED395` (`user_id`),
  CONSTRAINT `FK_7CE748AA76ED395` FOREIGN KEY (`user_id`) REFERENCES `user` (`id`)
) ENGINE=InnoDB AUTO_INCREMENT=2 DEFAULT CHARSET=utf8mb4 COLLATE=utf8mb4_unicode_ci;
/*!40101 SET character_set_client = @saved_cs_client */;

--
-- Dumping data for table `reset_password_request`
--

LOCK TABLES `reset_password_request` WRITE;
/*!40000 ALTER TABLE `reset_password_request` DISABLE KEYS */;
/*!40000 ALTER TABLE `reset_password_request` ENABLE KEYS */;
UNLOCK TABLES;

--
-- Table structure for table `section`
--

DROP TABLE IF EXISTS `section`;
/*!40101 SET @saved_cs_client     = @@character_set_client */;
/*!50503 SET character_set_client = utf8mb4 */;
CREATE TABLE `section` (
  `id` int NOT NULL AUTO_INCREMENT,
  `description` varchar(255) COLLATE utf8mb4_unicode_ci DEFAULT NULL,
  `template_path` varchar(255) COLLATE utf8mb4_unicode_ci DEFAULT NULL,
  `priority` int DEFAULT NULL,
  PRIMARY KEY (`id`)
) ENGINE=InnoDB AUTO_INCREMENT=21 DEFAULT CHARSET=utf8mb4 COLLATE=utf8mb4_unicode_ci;
/*!40101 SET character_set_client = @saved_cs_client */;

--
-- Dumping data for table `section`
--

LOCK TABLES `section` WRITE;
/*!40000 ALTER TABLE `section` DISABLE KEYS */;
INSERT INTO `section` VALUES (1,'Home Page Banner','banner.html.twig',1),(2,'Health Section','health_books.html.twig',2),(3,'About Us Section','about.html.twig',3),(4,'Family Books Section','family_books.html.twig',4),(5,'Childrens Books Section','children_books.html.twig',5),(6,'Parenting books section','parenting_books.html.twig',6),(7,'Tesimonials Section','testimonials.html.twig',7),(8,'Clients Section','clients.html.twig',8),(9,'Latest Blogs Area','blog_posts.html.twig',9),(10,'Features Section','feature.html.twig',10),(11,'Subscribe/Contact Us Section','subscribe.html.twig',11),(12,'List Constituencies','constituencies.html.twig',2),(13,'Variable Banner','variable_banner.html.twig',1),(14,'Contacts Page','contact.html.twig',2),(15,'Company Info','company_info.html.twig',4),(16,'About Us Page','about_us.html.twig',2),(17,'Find VCE Section','find_vce.html.twig',2),(18,'FAQ Section','faq.html.twig',2),(19,'Shop Grid','grid.html.twig',3),(20,'Book List','list.html.twig',3);
/*!40000 ALTER TABLE `section` ENABLE KEYS */;
UNLOCK TABLES;

--
-- Table structure for table `seo`
--

DROP TABLE IF EXISTS `seo`;
/*!40101 SET @saved_cs_client     = @@character_set_client */;
/*!50503 SET character_set_client = utf8mb4 */;
CREATE TABLE `seo` (
  `id` int NOT NULL AUTO_INCREMENT,
  `heading` varchar(255) COLLATE utf8mb4_unicode_ci DEFAULT NULL,
  `meta_title` varchar(255) COLLATE utf8mb4_unicode_ci DEFAULT NULL,
  `meta_description` varchar(255) COLLATE utf8mb4_unicode_ci DEFAULT NULL,
  `logo_path` varchar(255) COLLATE utf8mb4_unicode_ci DEFAULT NULL,
  `keywords` longtext COLLATE utf8mb4_unicode_ci,
  PRIMARY KEY (`id`)
) ENGINE=InnoDB AUTO_INCREMENT=2 DEFAULT CHARSET=utf8mb4 COLLATE=utf8mb4_unicode_ci;
/*!40101 SET character_set_client = @saved_cs_client */;

--
-- Dumping data for table `seo`
--

LOCK TABLES `seo` WRITE;
/*!40000 ALTER TABLE `seo` DISABLE KEYS */;
INSERT INTO `seo` VALUES (1,'Home Health Education Service','Home Health Education Service -  Health and Eduation Books For Your Home','Discover health and educational books to improve family well-being. HHES Kenya offers resources on health, family, and spiritual growth in Swahili and English, with convenient home or office delivery.','hhes-logo-1738154370.png','HHES Kenya, Home Health Education Service, health books, educational resources, family health, spiritual growth, Swahili books, English books, relationship books, mental health books, book delivery Kenya');
/*!40000 ALTER TABLE `seo` ENABLE KEYS */;
UNLOCK TABLES;

--
-- Table structure for table `setting`
--

DROP TABLE IF EXISTS `setting`;
/*!40101 SET @saved_cs_client     = @@character_set_client */;
/*!50503 SET character_set_client = utf8mb4 */;
CREATE TABLE `setting` (
  `id` int NOT NULL AUTO_INCREMENT,
  `business_name` varchar(255) COLLATE utf8mb4_unicode_ci DEFAULT NULL,
  `phone_number` varchar(255) COLLATE utf8mb4_unicode_ci DEFAULT NULL,
  `work_hours` varchar(255) COLLATE utf8mb4_unicode_ci DEFAULT NULL,
  `instagram_link` varchar(255) COLLATE utf8mb4_unicode_ci DEFAULT NULL,
  `facebook_link` varchar(255) COLLATE utf8mb4_unicode_ci DEFAULT NULL,
  `youtube_link` varchar(255) COLLATE utf8mb4_unicode_ci DEFAULT NULL,
  `tiktok_link` varchar(255) COLLATE utf8mb4_unicode_ci DEFAULT NULL,
  `business_location` varchar(255) COLLATE utf8mb4_unicode_ci DEFAULT NULL,
  `twitter_link` varchar(255) COLLATE utf8mb4_unicode_ci DEFAULT NULL,
  `linkedin_link` varchar(255) COLLATE utf8mb4_unicode_ci DEFAULT NULL,
  `google_map_embed` longtext COLLATE utf8mb4_unicode_ci,
  `email_address` varchar(255) COLLATE utf8mb4_unicode_ci DEFAULT NULL,
  PRIMARY KEY (`id`)
) ENGINE=InnoDB AUTO_INCREMENT=2 DEFAULT CHARSET=utf8mb4 COLLATE=utf8mb4_unicode_ci;
/*!40101 SET character_set_client = @saved_cs_client */;

--
-- Dumping data for table `setting`
--

LOCK TABLES `setting` WRITE;
/*!40000 ALTER TABLE `setting` DISABLE KEYS */;
INSERT INTO `setting` VALUES (1,'Home Health Education Service','+254 723 819944','Sun to Fri 8 am to 6 pm',NULL,NULL,NULL,NULL,'James Gichuru Road Nairobi',NULL,NULL,'<iframe src=\"https://www.google.com/maps/embed?pb=!1m18!1m12!1m3!1d3988.8152410930365!2d36.7627856!3d-1.2848066999999996!2m3!1f0!2f0!3f0!3m2!1i1024!2i768!4f13.1!3m3!1m2!1s0x182f19bc82605a79%3A0x33b61842623c7488!2sHome%20Health%20Education%20Service!5e0!3m2!1sen!2ske!4v1738155700572!5m2!1sen!2ske\" width=\"600\" height=\"450\" style=\"border:0;\" allowfullscreen=\"\" loading=\"lazy\" referrerpolicy=\"no-referrer-when-downgrade\"></iframe>','info@hhes.com');
/*!40000 ALTER TABLE `setting` ENABLE KEYS */;
UNLOCK TABLES;

--
-- Table structure for table `tag`
--

DROP TABLE IF EXISTS `tag`;
/*!40101 SET @saved_cs_client     = @@character_set_client */;
/*!50503 SET character_set_client = utf8mb4 */;
CREATE TABLE `tag` (
  `id` int NOT NULL AUTO_INCREMENT,
  `tag_name` varchar(255) CHARACTER SET utf8mb4 COLLATE utf8mb4_unicode_ci DEFAULT NULL,
  PRIMARY KEY (`id`)
) ENGINE=InnoDB AUTO_INCREMENT=7 DEFAULT CHARSET=utf8mb4 COLLATE=utf8mb4_unicode_ci;
/*!40101 SET character_set_client = @saved_cs_client */;

--
-- Dumping data for table `tag`
--

LOCK TABLES `tag` WRITE;
/*!40000 ALTER TABLE `tag` DISABLE KEYS */;
INSERT INTO `tag` VALUES (1,'Healthy Foods'),(2,'Mental Health'),(3,'Parenting'),(4,'Bible Study'),(5,'Foods & Plants'),(6,'Family & Relationships');
/*!40000 ALTER TABLE `tag` ENABLE KEYS */;
UNLOCK TABLES;

--
-- Table structure for table `tag_blog`
--

DROP TABLE IF EXISTS `tag_blog`;
/*!40101 SET @saved_cs_client     = @@character_set_client */;
/*!50503 SET character_set_client = utf8mb4 */;
CREATE TABLE `tag_blog` (
  `tag_id` int NOT NULL,
  `blog_id` int NOT NULL,
  PRIMARY KEY (`tag_id`,`blog_id`),
  KEY `IDX_2E1AEEF5BAD26311` (`tag_id`),
  KEY `IDX_2E1AEEF5DAE07E97` (`blog_id`),
  CONSTRAINT `FK_2E1AEEF5BAD26311` FOREIGN KEY (`tag_id`) REFERENCES `tag` (`id`) ON DELETE CASCADE,
  CONSTRAINT `FK_2E1AEEF5DAE07E97` FOREIGN KEY (`blog_id`) REFERENCES `blog` (`id`) ON DELETE CASCADE
) ENGINE=InnoDB DEFAULT CHARSET=utf8mb4 COLLATE=utf8mb4_unicode_ci;
/*!40101 SET character_set_client = @saved_cs_client */;

--
-- Dumping data for table `tag_blog`
--

LOCK TABLES `tag_blog` WRITE;
/*!40000 ALTER TABLE `tag_blog` DISABLE KEYS */;
INSERT INTO `tag_blog` VALUES (2,4),(3,1),(3,3),(3,4),(6,1),(6,2),(6,3),(6,4);
/*!40000 ALTER TABLE `tag_blog` ENABLE KEYS */;
UNLOCK TABLES;

--
-- Table structure for table `testimonials`
--

DROP TABLE IF EXISTS `testimonials`;
/*!40101 SET @saved_cs_client     = @@character_set_client */;
/*!50503 SET character_set_client = utf8mb4 */;
CREATE TABLE `testimonials` (
  `id` int NOT NULL AUTO_INCREMENT,
  `name` varchar(255) COLLATE utf8mb4_unicode_ci DEFAULT NULL,
  `photo` varchar(255) COLLATE utf8mb4_unicode_ci DEFAULT NULL,
  `title` varchar(255) COLLATE utf8mb4_unicode_ci DEFAULT NULL,
  `content` longtext COLLATE utf8mb4_unicode_ci,
  `video_url` longtext COLLATE utf8mb4_unicode_ci,
  PRIMARY KEY (`id`)
) ENGINE=InnoDB AUTO_INCREMENT=5 DEFAULT CHARSET=utf8mb4 COLLATE=utf8mb4_unicode_ci;
/*!40101 SET character_set_client = @saved_cs_client */;

--
-- Dumping data for table `testimonials`
--

LOCK TABLES `testimonials` WRITE;
/*!40000 ALTER TABLE `testimonials` DISABLE KEYS */;
INSERT INTO `testimonials` VALUES (1,'Milcah Mueni',NULL,'Kiambu','Thanks to the encyclopaedia of foods, the immunity and health in our house has significantly improved over time.',NULL),(2,'Josiah',NULL,'Kahawa West','250 Recipes has been on our kitchen table every since we got it. For variery of healthy foods, I strongly recommend it.',NULL),(3,'Martin',NULL,'Kisumu','My library is full of these books, I can\'t get enough of them! It seems every time I get one, my life gets better!',NULL),(4,'Alice',NULL,'Nakuru','Very friendly sales lady. She brought the books to my home and I\'m loving the contents of \"Life is still beautiful\".',NULL);
/*!40000 ALTER TABLE `testimonials` ENABLE KEYS */;
UNLOCK TABLES;

--
-- Table structure for table `user`
--

DROP TABLE IF EXISTS `user`;
/*!40101 SET @saved_cs_client     = @@character_set_client */;
/*!50503 SET character_set_client = utf8mb4 */;
CREATE TABLE `user` (
  `id` int NOT NULL AUTO_INCREMENT,
  `f_name` varchar(255) CHARACTER SET utf8mb3 COLLATE utf8mb3_unicode_ci NOT NULL,
  `l_name` varchar(255) CHARACTER SET utf8mb3 COLLATE utf8mb3_unicode_ci NOT NULL,
  `username` varchar(255) CHARACTER SET utf8mb3 COLLATE utf8mb3_unicode_ci DEFAULT NULL,
  `password` varchar(255) CHARACTER SET utf8mb3 COLLATE utf8mb3_unicode_ci NOT NULL,
  `email` varchar(180) CHARACTER SET utf8mb3 COLLATE utf8mb3_unicode_ci NOT NULL,
  `phone` varchar(255) CHARACTER SET utf8mb3 COLLATE utf8mb3_unicode_ci DEFAULT NULL,
  `residence` varchar(255) CHARACTER SET utf8mb3 COLLATE utf8mb3_unicode_ci DEFAULT NULL,
  `category` varchar(255) CHARACTER SET utf8mb3 COLLATE utf8mb3_unicode_ci DEFAULT NULL,
  `roles` longtext CHARACTER SET utf8mb3 COLLATE utf8mb3_unicode_ci NOT NULL COMMENT '(DC2Type:json)',
  `usertype` varchar(255) CHARACTER SET utf8mb3 COLLATE utf8mb3_unicode_ci DEFAULT NULL,
  `is_active` tinyint(1) DEFAULT NULL,
  `gender` varchar(255) CHARACTER SET utf8mb3 COLLATE utf8mb3_unicode_ci DEFAULT NULL,
  `profile_picture` varchar(255) CHARACTER SET utf8mb3 COLLATE utf8mb3_unicode_ci DEFAULT NULL,
  `registration_date` datetime DEFAULT NULL,
  `profile_complete` tinyint(1) NOT NULL,
  `about` longtext CHARACTER SET utf8mb3 COLLATE utf8mb3_unicode_ci,
  PRIMARY KEY (`id`),
  UNIQUE KEY `UNIQ_IDENTIFIER_EMAIL` (`email`)
) ENGINE=InnoDB AUTO_INCREMENT=302 DEFAULT CHARSET=utf8mb3 COLLATE=utf8mb3_unicode_ci;
/*!40101 SET character_set_client = @saved_cs_client */;

--
-- Dumping data for table `user`
--

LOCK TABLES `user` WRITE;
/*!40000 ALTER TABLE `user` DISABLE KEYS */;
INSERT INTO `user` VALUES (1,'Kefa','Moruri','kefa','$2y$13$OEngX0zAvkqVYgw15mExXu0DObuYQhDQA8K.ghThvri6YCwEv6aAW','kefmo2011@gmail.com','+254723819944','Lavington HHES Headquarters','office','[\"ROLE_SUPER_ADMIN\"]','admin',1,'male',NULL,'2024-07-26 05:18:42',0,NULL),(2,'Josiah','Birai','maestro','$2y$13$njFpmd6Jm0ENWc3Ie2Xi1OtjR7CaE0ze2YCTggQnl9iqEG0EHk5Wu','maestrojosiah@gmail.com','0705285959','Nairobi, Githurai','office','[\"ROLE_SUPER_ADMIN\"]','admin',0,'male',NULL,'2024-07-19 11:37:45',0,'<p>Some text about me and more text</p>'),(3,'Dalmas','Oyomo','dalmas','$2y$13$/YG5zpXvQA6swfk63y23bu38EGCgEikDjNagLIrGoZ0cOO8URQ.tS','hildepurity@gmail.com','0726007021','Homa Bay','le','[\"ROLE_ADMIN\"]','user',1,'male',NULL,'2024-07-19 13:57:58',0,NULL),(4,'Mburu','Njoroge','mburusam','$2y$13$lDxuwOqhPH72Lc34E5hwnOujKWeQN7YAS19jZvu73uhElLvME7TNi','danmburu2003@yahoo.com','0791328170','Githunguri','le','[\"ROLE_ADMIN\"]','user',1,'male',NULL,'2024-07-19 13:59:41',0,NULL),(5,'ADVENTIST BOOK CENTRE','ABC','abclms','$2y$13$xoLAPpjt1t1zXEH82USrhuLvQF4W6mRFNdNNsbd9TT80k7JuvIYFO','davidrutto2012@gmail.com','0720286134','Adventist Book Centre','abc','[]','user',0,'',NULL,NULL,0,NULL),(6,'Norah','Kemunto','norah','$2y$13$mXhhwa.DRRPFBzmxGIRFEuSmxg8XoWiXU9KwyV7pzFXTZ2wYOZbN6','norakefa@gmail.com','0722609370','Nairobi Hurlngham','le','[\"ROLE_ADMIN\"]','user',1,'female',NULL,'2024-07-19 14:25:04',0,NULL),(7,'Roselyne','Oyugi','roselyne','$2y$13$38lsp4hwoBQ9h4xjIVH0geJWXSy3Yg0A0FD50uUIyNwZT/M74ovQG','roselyneakoth@gmail.com','0727630293','Ranen Conference','le','[\"ROLE_ADMIN\"]','user',1,'female',NULL,'2024-07-19 14:31:25',0,NULL),(8,'Tabitha','Wayua','tabitha','$2y$13$QAbxwtK8//8Zzx7Yr1LxRe8Ifp5kOBzW0c1t15QYKew/cBDyKc94e','josiahbirai@gmail.com','0720779455','Narok','le','[\"ROLE_ADMIN\"]','user',1,'female',NULL,'2024-07-26 08:17:31',0,NULL),(9,'Happiness','Kerubo','happiness','$2y$13$znzT4StQLwRnur4Lt8byBeoy8VMRNc55Lv9cj6pauVfLqtT2T3ijS','kerubo2011@Gmail.com','0729450751','Nairobi Bruce house/ Shauri Moyo','le','[\"ROLE_ADMIN\"]','user',1,'female',NULL,'2024-07-19 14:59:02',0,NULL),(10,'Zachariah','Nyaenya','zack','$2y$13$Lzpi573DGjmH8nvgoHmyEumey6vr.eMrR.6AUc2QIx7hOfRcxG3HO','nyaenyaz@gmail.com','0713664021','Kapsabet','le','[\"ROLE_ADMIN\"]','user',1,'male',NULL,'2024-07-19 15:01:48',0,NULL),(11,'Samson','Onyango','samonyango','$2y$13$PGmuEtp8VtIeuyX0Uqp3Eegm9kqdyF4NdFkw9IGZ8Joqmq.PhFp3K','samsononyango4@gmail.com','0736834641','Kisumu','office','[]','user',0,'',NULL,NULL,0,NULL),(12,'ROSE','ODIMA','levodimar','$2y$13$uHueAopnCfILqcIKIt1JUetJFkEAXY/gPSbMfeUPf1xKWPorqeaIK','adhiambo.rodima@gmail.com','0725300269/0732398010','SIAYA/KISUMU D1','le','[\"ROLE_ADMIN\"]','user',1,'female',NULL,'2024-07-19 15:06:21',0,NULL),(13,'Simon','Karanja','simonbooks','$2y$13$2k923v34b7couJhI6VL5zO7zZCqegJHhAX1ee4G5XfFjcUClyc3aO','simonbooks@hheskenya.org','+254723059202','Nairobi','le','[\"ROLE_ADMIN\"]','user',1,'male',NULL,'2024-07-19 15:08:51',0,NULL),(14,'Monica','Nyalele','monica','$2y$13$iA4ApV/qe2nXd6gDZymFGeGBQrgAnSOIAAUHUP95A9hIRfnn.OYBi','mnyalele@gmail.com','0724380282','Nairobi, Ongata Rongai','le','[\"ROLE_ADMIN\"]','user',1,'female',NULL,'2024-07-19 15:14:08',0,NULL),(15,'Mariah','Nyariki','mariah','$2y$13$8RiDjyJs1jQ.XHlWBxJH5.NN2J8Ee1ZF9YKMpnmIExyZLZeie9WwW','nyalyma@gmail','0723857833','Kisii','le','[\"ROLE_ADMIN\"]','user',1,'female',NULL,'2024-07-20 17:57:30',0,NULL),(16,'Eliud','Too','eliudtoo','$2y$13$U0cWym3Aqa.VesIgnKkV/uCe7vFRTT9v4kFFA8cLVWJ5ShSnr7CjW','toolaga@gmail.com','0722642352','Eldoret','le','[\"ROLE_ADMIN\"]','user',1,'male',NULL,'2024-07-20 17:58:56',0,NULL),(17,'Abraham','Omwenga','abraham','$2y$13$xUfm44Rgstq/WPQ.stk3zurY1Bl96YpKE1bskTzOs3mRsyEvyFgSG','abnyao@gmail.com','0720893413','Kitale book depository','le','[\"ROLE_ADMIN\"]','user',1,'male',NULL,'2024-07-20 18:02:34',0,NULL),(18,'Werunga','Otunga','letunga','$2y$13$9UakTt67mpQNGLBS.yWUg.L0/pThylWq5zyTgJMg/qrN6Vrs8MAtC','tunga.werunga@gmail.com','0720296703','Kitale','le','[\"ROLE_ADMIN\"]','user',1,'male',NULL,'2024-07-20 18:04:06',0,NULL),(19,'Peter','Ombwera','ombwera','$2y$13$bFmhJNphO1fRMNuCibzOOu.VO2anap7mF1I/x5xqNP60DdTimbxy6','peterombwera@gmail.com','0728278250','Kakamega','le','[\"ROLE_ADMIN\"]','user',1,'male',NULL,'2024-07-20 18:06:33',0,NULL),(20,'Tabitha','Opiyo','tabithaopiyo','$2y$13$n7GbuWmqvAt2IUQnNAQlpeAWqvIr/5mHKoKJebBOpExgnqIOx0Q66','tabithaopiyo@yahoo.com','0724602628','Kisumu','le','[\"ROLE_ADMIN\"]','user',1,'female',NULL,'2024-07-20 18:07:17',0,NULL),(21,'Meresha','Achieng','meresha','$2y$13$CYW/71hdAJE35E5sspD2KeGHxrUFKSDMUy95qQmEDOYVWBwFsvKrO','mereshahwaluvengo@gmail.com','0722217729','Eldoret','le','[\"ROLE_ADMIN\"]','user',1,'female',NULL,'2024-07-20 18:08:39',0,NULL),(22,'Hellen','Akinyi','hellenakinyi','$2y$13$.B4HM5/u8bhUrPlNpyuJ1.5UdQp98R38OeaXm3wvee7teV89RBX2y','onyangh2017@yahoo.com','0723656111','Rangwe','le','[\"ROLE_ADMIN\"]','user',1,'female',NULL,'2024-07-20 18:10:04',0,NULL),(23,'Eunice','Onyango','eunice','$2y$13$eeVPDYYjLraczK9jJWjg1eAYeEUVsIjjPscuX.aB7AeJf/G95MCgS','euniceonyango8@gmail.com','0716494810','webuye','le','[\"ROLE_ADMIN\"]','user',1,'female',NULL,'2024-07-20 18:11:32',0,NULL),(24,'MARY','MBURU','abcembu','$2y$13$GA35/u70NJ43PuMel2TLCO/FemUCMKPMKsSh5R8xvKfNuInCxy1Te','marynyambura705@gmail.com','0728286137','EMBU','abc','[\"ROLE_ADMIN\"]','user',1,'female',NULL,'2024-07-20 18:13:52',0,NULL),(25,'ELIMERINTA','SARANGE OCHWANGI','elimerinta','$2y$13$f4p3oARj6zr3BncdotWHSOkGRKi1GoGDIQ/FB.klUWp3CnPA5zxJW','elimeritan@gmail.com','0714246397','KAPSABET','le','[\"ROLE_ADMIN\"]','user',1,'female',NULL,'2024-07-20 18:41:37',0,NULL),(26,'Norah','Bett','norahbett','$2y$13$fgrV51oCbUGigwBmaz2Yt.MGVBJKNR5W6J.IGLse6hecYFU0govU2','norahbett@yahoo.com','0722229528','Kisumu','le','[\"ROLE_ADMIN\"]','user',1,'female',NULL,'2024-07-22 09:19:54',0,NULL),(27,'EUNICE','MPATHE','empathe','$2y$13$ga3lMoYpz1FQc0c6EGt2KO/cPv9hTlmHaIj6jmGQ/OzEWFzdqXUrS','ethanboke1976@gmail.com','0716684884','Shaurimoyo','le','[\"ROLE_ADMIN\"]','user',1,'female',NULL,'2024-07-22 09:22:44',0,NULL),(28,'Knight','Onenga','knightonenga','$2y$13$Ga5e2e8HNeRNK6KUxsBNM.qIwJ3i5O0.EXniALWFEjHDMwo6PV4qC','onengaknight@gmail.com','0707296256','Kisumu','le','[\"ROLE_ADMIN\"]','user',1,'male',NULL,'2024-07-22 09:23:34',0,NULL),(29,'rael','kerubo','kerubo','$2y$13$kplen8tPDKylOWd63CGFZOksP5H4w7TV1eX0p1TKBza0d0xZLIt8S','keruborael26@gmail.co','0718242875','kisumu','le','[\"ROLE_ADMIN\"]','user',1,'female',NULL,'2024-07-22 09:24:17',0,NULL),(30,'Maureen','Achieng','achiengmaurine','$2y$13$5mIRcYYGil6R0v2ZZdvYuu1QsYI9wq.OUJVsXmAcuddtuUwJ0uTR.','omaurine87@gmail.com','0710104049','Kisumu','le','[\"ROLE_ADMIN\"]','user',1,'female',NULL,'2024-07-22 09:31:31',0,NULL),(31,'Simon','Komu','komusimon','$2y$13$OqbKDD./Ut2HYcWkvbaO9.YtFAXSyAe5C.lxEtXAwNdbtr6ZJtNmK','daniel.komu@yahoo.com','0728310703','Voi','le','[\"ROLE_ADMIN\"]','user',1,'male',NULL,'2024-07-22 09:34:13',0,NULL),(32,'Miriam','Muthoka','miriamndunge','$2y$13$YhtBslUYAZE71zIEXi1SX.eZE8Uqqc8a/yCC5ohr5KzV1gbySL5HS','mirriammule001@gmail.com','0724681284','Nairobi','le','[\"ROLE_ADMIN\"]','user',1,'female',NULL,'2024-07-26 04:18:52',0,NULL),(33,'Tom','Osuri','osuri','$2y$13$D8CJ51DmV1nUuZgCkGagiegNxncWiZvYGLVaUV71O0RHqhJIWK/w.','tomosuriogola@gmail.com','0728882676','Kisii','le','[\"ROLE_ADMIN\"]','user',1,'male',NULL,'2024-07-26 05:12:39',0,NULL),(34,'Lorna','Okemwa','lornakerubo','$2y$13$2YfbF2yz.SHfYs8scNTp6OOSESc0aAVAdajGn7AVjD7loHrZoIe0m','lornahkerry@gmail.com','0726554582','Malindi','le','[]','user',0,'',NULL,NULL,0,NULL),(35,'Naomi Kwamboka','Bosire','naomikwamboka','$2y$13$rb6ijPYUgiHPWH.Ts1v3.u3jH1TnwP4Fwu8igCGyP5gDPLgUavhKC','naomibosire@gmail.com','0711910553','Nakuru','le','[]','user',0,'',NULL,NULL,0,NULL),(36,'Mary','Kigundu','marykigundu','$2y$13$zw98HHLbGh7wonItXNl0f.i3OSQIxsUdVHRZ11ER1QrH8VLAsOlzi','kigundumary@gmail.com','0721328906','Nairobi','le','[]','user',0,'',NULL,NULL,0,NULL),(37,'Staley','Kiarie','stanleykiarie','$2y$13$tf48XjWmTTDVnSi3Cu0wFefj47QEVAHlg/8BMHxY7oiLS7uBPKvI6','stkiariehh1@gmail.com','0723430000','Naivasha','le','[]','user',0,'',NULL,NULL,0,NULL),(38,'JECINTA','KAIBI','kaibi','$2y$13$LdqjcA8HEz8wPvA1/GL58.EBsAGM9mBtLJDdywfGUGAtay6M0RfEm','kaibidoughter@gmail.com','0722148948','NAKURU','le','[]','user',0,'',NULL,NULL,0,NULL),(39,'MARGARET','WANJIRU','wanjiru','$2y$13$w.alg8m195Zg/gfY/4CSru8jlfKXMm5zp68zvWpDRut2Oj2NUGNpG','wanjirumargeret27@gmail.com','0712715941','NAKURU','le','[]','user',0,'',NULL,NULL,0,NULL),(40,'Peter','Okeyo','peter','$2y$13$oU63xC6JfSpk7bNoZiESXefXlvswzOL/iruaR5Z/ZgFXvJm8w5h3e','npeterokeyo@yahoo.com','+254723888446','Shauri Moyo','le','[]','user',0,'',NULL,NULL,0,NULL),(41,'Makori','Gichana','makori-benard-g','$2y$13$k/165vCd8JrVYStH2bmivOJIutY/1K8f5bSOTwfn8WfW4DW7j9tMG','makoribenard44@gmail.com','0791488225','High rise Nairobi','le','[]','user',0,'',NULL,NULL,0,NULL),(42,'serah','musyoka','princessi','$2y$13$DJPMg6nDqRU7VkAXR.yYHeGO2J7jKmdu4rBcEfKhtt6k3TNYdzdVG','ndungwaserah@gmail.com','0724270692','Nairobi','le','[]','user',0,'',NULL,NULL,0,NULL),(43,'Pamela','Okeyo','pamokeyo','$2y$13$gkFeB3U7L9xO13eClGW94.P7UEFQLn0s70kziQBr1rbOdpeeBYNFy','pamokeyo5@gmail.com','0721174290','Nairobi','le','[]','user',0,'',NULL,NULL,0,NULL),(44,'Frederick','Bosire','bosire','$2y$13$6J1OpPej3iYkJAn98de3d.gMAGwtSXoYrpvwNNTPPTdwQu7027tZW','fredbosire2013@yahoo.com','0775491996','Shauri Moyo','le','[]','user',0,'',NULL,NULL,0,NULL),(45,'Benard','Bosire','bosireben','$2y$13$51ypRfVPGUdyCpEDPT6SkexRugik3HWKyq0EEoxbwaC4vrcE3dVcC','benardbosireben@gmail.com','254710327135','Nairobi','le','[]','user',0,'',NULL,NULL,0,NULL),(46,'Ruth','Onguru','ruthbooks','$2y$13$EIHeqAZI.thEMJZgE1QUcuIHH7u7kSrTUtMpYWBK73idsvNP0EPAC','ruthonguru@gmail.com','0702595400','Nairobi','le','[]','user',0,'',NULL,NULL,0,NULL),(47,'Stella','Peter','stella','$2y$13$BI9Ei5yefchp0lFZHA5CdOmbKjFixn5mRTvesP5fbfkRNXqlEfL0y','stellapeter.k@gmail.com','0714692912','Nairobi,cbd','le','[]','user',0,'',NULL,NULL,0,NULL),(48,'Phirace','Omeri','bisase','$2y$13$HnCPEURuFznMZrhVk85blORMIWzjx.EKBQ.l1rSECK/SaOGwTPHeu','phiraceomeri@gmail','0720944978','Joska/Bruce hse','le','[]','user',0,'',NULL,NULL,0,NULL),(49,'Gilbert','Mogaka','gilbertmogaka','$2y$13$WdJyzgUFNxgbbeC2zfK8ievTuLVZixB1.eOUfhlHPh6kfqyw8o.Am','gmarubes@yahoo.com','0720403459/0732403459','Nairobi/Ruai','le','[]','user',0,'',NULL,NULL,0,NULL),(50,'Julius','Gitonga','gitonga','$2y$13$RwjU6p513.JTVFhjbUIqsur.KAzMkSs0KBWckumvf15bVU0tEKame','jugika72@yahoo.co.uk','0733368451','Nairobi','office','[]','user',0,'',NULL,NULL,0,NULL),(51,'Esther','Gitonga','esthergitonga','$2y$13$ESmyCwz3VJhkXwNwPR25QOTa5GLxPM5OqsnuR4qey2bkMoDqfWrJK','estherjuli1995@yahoo.com','0727387214','Nairobi, Buruburu','le','[]','user',0,'',NULL,NULL,0,NULL),(52,'Janet','Wainaina','janet-wainaina','$2y$13$T9mZK7mVsV2dq/GNQWt38uSyqRUQGL7cx9yDO2ccTo7YV7epEG/2C','wainainajanet@gmail.com','0722650104','Nairobi','le','[]','user',0,'',NULL,NULL,0,NULL),(53,'Richard','Kamotho','kamotho','$2y$13$KniJza0S4aqiJXupWx0rU.NSDkYoBOrXTBL24xAcewIiJkG6RKhOG','richkamotho@gmail.com','0723765561','Nairobi','le','[]','user',0,'',NULL,NULL,0,NULL),(54,'Margaret','Kimani','margaretkimani','$2y$13$iXhFaR2n.xBdFB.CO0xK9OWQ/gOYyuVsRp.obylmTxg70CDZxGdbS','margaretkimani101@yahoo.com','0723695068','Nairobi','le','[]','user',0,'',NULL,NULL,0,NULL),(55,'Virginia','Gichuki','virginia','$2y$13$Vw3p4o5xVul5N932.K5HZujz0K.Wf3tMD.pOXNsHS52eHzHL08F2e','muthoninjoroge11@gmail.com','0720274948','Nairobi','le','[]','user',0,'',NULL,NULL,0,NULL),(56,'Emmah','Mahero','mabookss','$2y$13$tNRlIeUTeoyWjp.nbq885.giobDk6PqDZ0wJzoMRfNBGFMq.gg4RC','mabookss2@gmail.com','0722307444','Nairobi/Kabete','le','[]','user',0,'',NULL,NULL,0,NULL),(57,'Jackline','Ayako','jackline','$2y$13$V5fq9ogNQYuq5vKaf2FoYOlvxz3z2Qv6x98sDVIxSneOITH4zrL8S','jackayako6@gmail.com','0722659789','Nairobi tassia','le','[]','user',0,'',NULL,NULL,0,NULL),(58,'Norah','Angwenyi','angwenyi','$2y$13$0BsmsCKA.fUFIsxtZr/.8OsVuQrfCMSA1XIuRzoaaBg6tm6ATP21S','norahngwenyi16@gmail.com','0723491930','Nairobi, Saika','le','[]','user',0,'',NULL,NULL,0,NULL),(59,'Esther','Ichwara','esther','$2y$13$8ULJlWZ4gcDXOUaV/M0nm.kZWGabQtM6xvyaiGsmM9PuXwwQKiqTe','estherkemunto72@gmail..com','0725624074','Nairobi/Tasia','le','[]','user',0,'',NULL,NULL,0,NULL),(60,'David','Odwar','odwar','$2y$13$OrmEv8HRst8bXwQNX6UR..RA2wDTpjMufqkkC9nWL0suVC3W9zIPS','odwardavid96@gmail.com','0722232502','Kabete','','[]','user',0,'',NULL,NULL,0,NULL),(61,'Jane','Gakuo','janegakuo','$2y$13$Syi9O3EzXdJfZTGnDVJMTuLsCd7sszYC1HCwGvYfmEg8jQ0QSUv6C','wangecigakuo@gmail.com','0716444850','Nairobi/Syokmau','le','[]','user',0,'',NULL,NULL,0,NULL),(62,'Rachel','Omwega','rachelomwega','$2y$13$6IVApqMsyDI/N9hPm2J7R.jmsz0vfTtu9wV8lA9MQZauXATBipn56','rnomwega@yahoo.com','0721627703','Nairobi/Rongai','le','[]','user',0,'',NULL,NULL,0,NULL),(63,'Gladys','Nyandoro','nyandoro','$2y$13$eYSJVtXpuwmJRX1k8nBy8u8ipesNbchzejmWxGXRIXQ8ABEdhRahS','gladysnyandoro@gmail.com','0700727757','Nairobi Umoja','le','[]','user',0,'',NULL,NULL,0,NULL),(64,'Doris','Masanga','doris','$2y$13$JUvu9iw/xkwECh4hpyURWO2t/5X87t.7.D9ubYkpt/bUTorvnRFY.','dorismasanga@yahoo','0721362723','Nairobi','le','[]','user',0,'',NULL,NULL,0,NULL),(65,'Godfrey','Mambo','mambogodfrey','$2y$13$SR3LKZZb214edN2W3rCg/.xmFtcDzofJpH/vw75JZnIoo/71llBEa','godfreymambo@gmail.com','0722223485','Nairobi kamulu','le','[]','user',0,'',NULL,NULL,0,NULL),(66,'Elijah','Were','jewo','$2y$13$wIgzM9hKZHZRgkx07pRjvOPkW2EFbL2tSiERbUk5hBSSPXk8AMv2q','ewere43@gmail.com','0722340363','Greenspan','le','[]','user',0,'',NULL,NULL,0,NULL),(67,'John','kimani','john','$2y$13$E9w.3hegapoe6dbk4drpo.IBq.6UPP7EjTTkeBtFjlGuzDxmCM4EK','jkimkinuthia77@gmail.com','0729364422','Nairobi','le','[]','user',0,'',NULL,NULL,0,NULL),(68,'ZIPPORAH','MARUBE','marube','$2y$13$QtXineFrxlXaldwLTiG51eG6tXw9D6uZrzs3REDtI7am4a.FsY.tO','zmarube2017@gmail.com','0726239983','Nairobi /ruai','le','[]','user',0,'',NULL,NULL,0,NULL),(69,'Margaret','Nyakundi','margaret','$2y$13$syCWmGARsN3Ep.DYKBuZRe4LWrGb4kbmds8V.AV3hInvFAJmPxwE.','margaretnyakundi687@gmai.com','0720552258','Riruta','','[]','user',0,'',NULL,NULL,0,NULL),(70,'Teresa','Nyakundi','teresa','$2y$13$yiqTnjf7kek8JjmUfMpOFeJeoU9DxDIXOvovf4qy0uKCYGbmS6/sW','tetesanyakundi960@gmail.com','0726646747','Nairobi/South B','le','[]','user',0,'',NULL,NULL,0,NULL),(71,'Charles','Okindo','charlesokindo','$2y$13$M6UjHxas2Qaz1oByJ41FseBl52/NWm4COwszHb5AmEINySbPrR6xW','charlesogori@gmail.com','+254722484259','Nairobi/Utawala','le','[]','user',0,'',NULL,NULL,0,NULL),(72,'Alice','Alolo','alicealolo','$2y$13$o/ecj24PtEgGi3yjA6DkfelaB/8GMLOyP4AMxMBgCOEHDo5Q7Acj6','aloluckie6@gmail.com','0735628104','Nairobi','le','[]','user',0,'',NULL,NULL,0,NULL),(73,'Beatrice','Keya','beatrice','$2y$13$Io/7qL6Cc0rNgZ7j1.3FWOG.iLTabGv0XEdEm9N1fJ2Z3UVGgqVU2','bkeya13@gmail.com','0723352594/0788413934','Nairobi/Riruta','le','[]','user',0,'',NULL,NULL,0,NULL),(74,'Joy','Tutu','joy','$2y$13$eA6YRxjwU/9lGYwzCGmZTOirwRRmARA/.Qs3dfPGITuVwQqeW613C','wanjirujoy2@gmail.com','0712275670','Nairobi, Gigiri','le','[]','user',0,'',NULL,NULL,0,NULL),(75,'Hannah','mbugua','hannah','$2y$13$fNA0jYqgzfHW8s1vpXa/geH6LlYDC2fWgWy15hNEBMBOBlSU9TBRa','hannahmbugua12@gmail.com','0724619193','Nairobi, Kikuyu','le','[]','user',0,'',NULL,NULL,0,NULL),(76,'Zilpa','Akenga','zilpah','$2y$13$k6cJgmvRbUjsbQITNnPvVusPBbcR145.nzLg3i9zvjyVaK6rr3QWK','0720859690zilpah@gmail.com','0720859690','Nairobi cbd','le','[]','user',0,'',NULL,NULL,0,NULL),(77,'Margaret','Nyakundi','-salome','$2y$13$UCDDQQVicTkBOM9p.0oXE.rmpwjXXXE8nSBgvD7UfMrPaTG0zScWC','margaretnyakundi685@gmail.com','0720552258','Nairobi','','[]','user',0,'',NULL,NULL,0,NULL),(78,'Hephzibah','Akunga','hakunga','$2y$13$tJekuiu7j7XBVtDh4f0dN..6KfCq1futmCh2nN2ht.A59CIUfkpIy','hakunga@gmail.com','0721716822','Gigiri, Runda, Nairobi','le','[]','user',0,'',NULL,NULL,0,NULL),(79,'Boniface','Orwa','orwa','$2y$13$ngv3gYw6N40k8OP/dTKiAOXMI8t.1hJXbKaRP5nAlNisAHE7ml07G','bonifaceochieng94@gmail.com','0717279663','Shauri Moyo','le','[]','user',0,'',NULL,NULL,0,NULL),(80,'Peter','Moikoyo','peters123','$2y$13$9ljI1vSdNmvL7x0UNMcGbuzxbavh4mYoOhhhvfgUrbVxqrY7Z3qcu','Omwpeter88@yahoo.com','0729174945','Molo','le','[]','user',0,'',NULL,NULL,0,NULL),(81,'Someone','New','someonenew','$2y$13$mvx76.pRzH7wspQrXTkVWuzYOIn/KaS5wSaPc7Dip5DtobUPrG3W2','someone@gmail.com','0702020202','Kayole','le','[]','user',0,'',NULL,NULL,0,NULL),(82,'Asenath','Ongeri','asenathongeri','$2y$13$uYZ.VhXqk7BnamNnfMb8JuPKAa8ZRe7yDflk5meRpPwsDLqeERXrO','anongeri@yahoo.com','0721202908','Nairobi Westlands','le','[]','user',0,'',NULL,NULL,0,NULL),(83,'Andrea','Richard','Vidhya','$2y$13$GKu273BSRV5EHZXBQkFis.e8I69RxEv1HgjmKkOlyIA49trVsHj5K','vidhya@hhes.my','601116329454','Puchong','le','[]','user',0,'',NULL,NULL,0,NULL),(84,'SHALET','IDAWO','Shalet.hheskenya.org','$2y$13$hDosRE6amdi3Ah7Xs4vefOU27WnX287crGr2p2c2Wfhr990jUnxZy','idawoshallet@gmail.com','+254716409955','Nairobi Ruaraka','le','[]','user',0,'',NULL,NULL,0,NULL),(85,'JASTIN','MANYA','JASTIN','$2y$13$PD3Vdlf3ypOvLiqI3T05SeuGeFD5DSrT95KWOjd8St53FkBRO8Ena','jastynmanya@gmail.com','0726081293','VOI','le','[]','user',0,'',NULL,NULL,0,NULL),(86,'Jacquiline','Ong\'era','jacongera','$2y$13$D4pMnA3r8gbeI9juhZsUM.B1/tOn2clx1fNNHFYPrr1s2NL0hiaA.','jacongera@gmail.com','0723343326','Nairobi','le','[]','user',0,'',NULL,NULL,0,NULL),(87,'Lawrence','Otieno','Lawrence','$2y$13$zXx6ho8sYvNjFM.Gb6Pm.eC5mr7HYxEBQgJZ41av8mwjc3zk5DY0y','younglawrez@gmail.com','+254701744335','Kisumu','office','[]','user',0,'',NULL,NULL,0,NULL),(88,'Lawrence','Otieno','Adams','$2y$13$iWZ7t2RARTy3v6T9geWV0OfBjpW4tAF.dsl6.hlacEL2mHICpfgx2','lawyotieno@yahoo.com','+254701744335','Kisumu','abc','[]','user',0,'',NULL,NULL,0,NULL),(89,'Chrispine','Omondi','Krispine','$2y$13$91DuwUBCBdzEfDhfoKgCYOlO5SgEjozqcr08/5d8NDwgFATELf5tO','chrisravasco@gmail.com','+254725247714','Eldoret','abc','[]','user',0,'',NULL,NULL,0,NULL),(90,'Richard','Dogbe','Student','$2y$13$O6YCWKgNJZhI0vGF61gI2exzG6ncAaX3xRWxKggYyrsajH67eWUCe','dogberichard64@gmail.com','0574027429','0244969001','le','[]','user',0,'',NULL,NULL,0,NULL),(91,'kering','meshack','kering','$2y$13$q7/THuk1oRp.EuZTJOVYvOtqwL7CVnGZKq3EZgm35zqrSfA4QZYEe','meshackkering@gmail.com','0735102583','Eldoret','le','[]','user',0,'',NULL,NULL,0,NULL),(92,'Sharley','Eboe','Sharley  Eboe','$2y$13$C5eQ8dccNHzqYltdjcXQgubEGKQ5uhxGyOSKOQLJOfCMQ0ogsNnb6','shaleyeboe@gmail.com','0714346096','Voi','le','[]','user',0,'',NULL,NULL,0,NULL),(93,'erick','Omondi','Erickomondi','$2y$13$a7NNymoI5U6.gL8XY.CV7O8v8kq/JiB.xxIR2Ct5sWMKtUmuyUULa','omondierick658@gmail.com','0795197790','Nairobi','abc','[]','user',0,'',NULL,NULL,0,NULL),(95,'Joseph','Nyarangi','@josephnyarangi','$2y$13$8BH32rxOGHnKC8nPl9.EDuBHxZVaSG37BG4Y2uaRpbVzzOK.Qv3f6','jnyarangi3@gmail.com','0714913403','MLOLONGO','le','[]','user',0,'',NULL,NULL,0,NULL),(96,'Joseph','Irungu','JoeBooks','$2y$13$csxx3UMHYTxEHRImfY7zIe5AIwnj0IOLJhK1dGbkGIU56wNcHSp0u','smj.irungugitundu@gmail.com','0719248080','Nairobi Eastleigh Pumwani','le','[]','user',0,'',NULL,NULL,0,NULL),(97,'Joyce','Kameda','jkameda','$2y$13$BcgOnIF71.E2TLlBBTby5uqifeJNMflmOHQKgpSwH/Wer2bQSAYu2','joyce.kameda@pacifichelicopters.aero','-','Komiufa village,Goroka,EHP, Papua New Guinea','abc','[]','user',0,'',NULL,NULL,0,NULL),(98,'Boitumelo','Sakiele','abraham.kgants17@gmail.com','$2y$13$mksF0kQ4n4bcFeo392lrg.i1sYbCbuaNdAsaJ8bQp.TiJ.Lxa.Py2','abraham.kgants17@gmail.com','658898624','Randgate','abc','[]','user',0,'',NULL,NULL,0,NULL),(99,'Eunice','Mpathe','#mpathe','$2y$13$GYVdeUt3Gk8JglvnC2qJCuD9Jb5KsvsTS7wvfLbf7D750TmJOlIUG','masumbuoziro@gmail.com','0734640786','mtwapa','le','[]','user',0,'',NULL,NULL,0,NULL),(102,'CHRISPHINE','KITHINJI','soul searcher','$2y$13$0xtRVgIii2LZY.yss8X7y.mMGNg0FvwibcOW.U6STPYAq8vWkjPn2','chrispinemwirigi@gmail.com','0715027952','MERU','le','[]','user',0,'',NULL,NULL,0,NULL),(103,'Evelyn','Kengere','Sonie Kengere','$2y$13$wCZO3MJA8Zy6gEcT7lPdqu5pk7ziCybickxCnCH8O6j2j0NXFn/fi','vlnnduati@gmail.com','+254728224143','Sagana','le','[]','user',0,'',NULL,NULL,0,NULL),(104,'Chrispine','Kithinji','Kithinji','$2y$13$cjJe0.6q/RHQVhXRvUYhae5ttGAWzavx3T5BM.4tVq5BLlCqplMfq','kithinjic@aua.ac.ke','+254715027952','Meru','le','[]','user',0,'',NULL,NULL,0,NULL),(105,'Test','Name','username','$2y$13$93kU5f2rJ.o0RMw70B7q4u7EoWvO.HW.RO1gadPdmLrYIEuL8k8uy','email@example.com','0707070707','Residence','le','[]','user',0,'',NULL,NULL,0,NULL),(107,'Frankline','Were','Frank','$2y$13$6s4Oq1.PQMeXbcv1r.TRc.oynw7Ta73c0I0NJHnLB/z6IdE9/asIm','franklinewere7@gmail.com','0768991196','Kisumu','abc','[]','user',0,'',NULL,NULL,0,NULL),(108,'Jacob','Odero','Jacob','$2y$13$HkCRyqtAekjFRZ33c2fnMepTsgWAYYok/IjSqV0WPF.SQfR7mcKyK','jacobluoch@gmail.com','+254726805032','Migori','le','[]','user',0,'',NULL,NULL,0,NULL),(110,'Emily','Owuor','Emily Owuor','$2y$13$EYm2kT.B45iZyJFTm/UnGut3WUf1Gca2V04PJ/pbYLSaG2nlw93km','everlynowuor202@gmail.com','0729 568927','Nairobi','le','[]','user',0,'',NULL,NULL,0,NULL),(111,'lweendo','Katowa','lweendokatowa','$2y$13$8dCs/b.UsC8oUXp6qR65He8mfIGTl.nOUiRD8kgMTI5Ul70rbDX.q','lweendokatowa@gmail.com','+260977420915','Zambia','abc','[]','user',0,'',NULL,NULL,0,NULL),(112,'Jared','Mangera','Mangera','$2y$13$Lm4uITEQVXhRYFqvPMVqhOkXRuSqvwavcYGPz91VInjRtG4VFQWz6','jaredmangera19@gmail.com','254725810850','Mtwapa','abc','[]','user',0,'',NULL,NULL,0,NULL),(113,'Margaret','Nyakundi','Margaret salome','$2y$13$P5wiphCe0.cfoMo6bksgSOYdcMh6IumwsxShNnlRN.sCak0ytOlA6','margaretsalome2020@gmail.com','0720552258','Riruta','le','[]','user',0,'',NULL,NULL,0,NULL),(114,'Dickson','Machumu','Dickson','$2y$13$gNfvth1hMtJKn9SY7cTi8OwR5RmRgUv0i7QD4L2bjesCP359bnNtO','dicksonmachumu1999@gmail.com','0740461458','Kayole','le','[]','user',0,'',NULL,NULL,0,NULL),(115,'LIYUNGU','NUMWA','NUMWA','$2y$13$u4rDwYt3iqRLQhfvx2q8bekGURDvO/9usRikmgSB8KWhhEvgogVVC','simzykumsa@Gmail.com','0969256155','ZAMBIA','abc','[]','user',0,'',NULL,NULL,0,NULL),(116,'Audrey','Lynn Reuben','Daele','$2y$13$0Xc7R9h9tB5IG6yQZ9W2A.7wXXO487xFo3vTYWZnVSxH6Fml8v4mG','alynnreuben@gmail.com','0138724752','Sabah, Malaysia','le','[]','user',0,'',NULL,NULL,0,NULL),(118,'Rodgers','Aduda','Raduda','$2y$13$qathn1nielCvbpt5I4CqxeZQ0On4h7181EQDWxVfwaR8u3HyvBkZG','adudarodgers@gmail.com','0723958120','Homa Bay county','le','[]','user',0,'',NULL,NULL,0,NULL),(119,'Rachel','Cameron','Rachy4adam','$2y$13$lgt/U9d4RvrwvilWnYHfC./1Fys3IBweHLJWmPOZSPfW8p.FkSpYi','Rachy4adam@gmail.com','+61406636188','Sa','abc','[]','user',0,'',NULL,NULL,0,NULL),(120,'Maurice','Aran','Adel','$2y$13$xXjPUL7TnNmUc6LXXSOV4OdUIj3vIZQdVFyKiFfuYprStpA9NK2A2','mauriceodiero@gmail.com','0707364418','Kenya','abc','[]','user',0,'',NULL,NULL,0,NULL),(121,'Valens','NGABOYISONGA','ngaboyivalens@gmail.com','$2y$13$.AEC.cvg5Wi8.x8ogBhRgOzc2o1FwD9nkHLuE8eBy5RldMHed0v1m','ngaboyivalens@gmail.com','+250787134401','Rwanda','abc','[]','user',0,'',NULL,NULL,0,NULL),(122,'TABITHA','MIRANGA','KAMESU','$2y$13$uuc9ZAO9Ej/5R/VaRH0WhumejE0gaAy7VPPZlhilIxbreKzDNtl6C','kamesutabby@gmail.com','254713951673','MOMBASA','le','[]','user',0,'',NULL,NULL,0,NULL),(123,'MALACH','OKIAMBE','NYACHOTI','$2y$13$vSI9.WCxjNdW0pDlLSN3s.nEQJk3QmZihi0DicGfpKFwL0iJkArea','nyachotiokiambe@gmail.com','0705171948','MOMBASA','abc','[]','user',0,'',NULL,NULL,0,NULL),(124,'Vuyiseka','Magqabi','VuyiLe','$2y$13$FOW.kmdhcIEZMFAus6H.MOYmGQkaxmwG0OUEAImruG.d9EVrxwMZC','magqabiv@yahoo.com','0614076636','Novia Scotia,26 New Scotland Road,Pelham,Pietermaritzburg, 3201','le','[]','user',0,'',NULL,NULL,0,NULL),(125,'Mercy','Menge','Mercy','$2y$13$im/LHyr2xLzd7ZSiPgQBA.mC..zjUztjJ.ViQDXD1IifRBYYnAKem','mercymenge@gmail.com','0721647486','Nairobi','le','[]','user',0,'',NULL,NULL,0,NULL),(126,'Mercyline','Menge','Mercyline','$2y$13$/U0Ilr/ksXN8kUzA.6gZY.kh0VlHC4VY47SVgc80DoGYkSwY4l3d6','mercylinemenge@gmail.com','0721647486','Nairobi','abc','[]','user',0,'',NULL,NULL,0,NULL),(127,'Mulondo','Isaac','Mukisa','$2y$13$/t0kNvNxjPzbZJGoDz9gAOPkzlkxG6skUmLju1X8yDk0vvNuvEcWK','mmulondoisaac73@gmail.com','+256774751005','Uganda','abc','[]','user',0,'',NULL,NULL,0,NULL),(128,'Christopher','Mutuku','Chris','$2y$13$PTbhg8u.sCt3z/M5G28X9ORtY.y.mWQSZBx6l5wKGzRjGTizl.ZHm','mutukuchristopher1@gmail.com','0715813169','Bungoma','abc','[]','user',0,'',NULL,NULL,0,NULL),(129,'lavinia','bani','lavirose','$2y$13$wnZp4RJuNOZqfyK.S9xTD.5u1XIFVFVLhsnQzhYh2EO9JFpixkMPC','laviniarose12@gmail.com','7778384','teoumaville','abc','[]','user',0,'',NULL,NULL,0,NULL),(130,'VICTOR','MWANGI','victormwangi','$2y$13$.zddr5NuVQC4hUxzsYCGS.hZEGDD9vr8.WsUljNd.vdR/JXxS1l8S','mwangivictor668@gmail.com','0729297905','NAIROBI','le','[]','user',0,'',NULL,NULL,0,NULL),(131,'Dan','Okoth','Okothouma','$2y$13$/vizN..DvAnKLTIGOleL.OQtkZUxEdjEzTrUfMnBr8lsQyFbeRNZC','dookoth82@gmail.com','0727961719','Kisumu','le','[]','user',0,'',NULL,NULL,0,NULL),(132,'Iradukunda','Jean Felix','Rambagira','$2y$13$l6mIaArUShqYODntUW9t5.BP1aqBHvhmzOBZH5j7QWwTl8PbMLKki','iradukundajeanfelix5@gmail.com','+250784455409','Rwanda','le','[]','user',0,'',NULL,NULL,0,NULL),(133,'Otieno','Okun','Okun','$2y$13$BlETvfiy1mp9qjmtwufMF.Ekv2965E1Lvw5WNyLgtIwTR6XgIZ1nq','otieno_okun@yahoo.com','0735571490','Nyali','le','[]','user',0,'',NULL,NULL,0,NULL),(134,'Naomi','Thaiting\'a','Naomi','$2y$13$KC86Kd0e1TM.TG/26lMa3ec6tZMeG/D4s5lTDi84UYqEXaYB/7vbq','neothaniel@gmail.com','0708106246','Komarock','le','[]','user',0,'',NULL,NULL,0,NULL),(135,'EMILY','OWUOR','AUMA','$2y$13$ZHKBQCF8qM4o2q4JqRKc/.24IaGreYfB/HQG5YrdIXSXv9taQNX1u','emiaumaowuor@gmail.com','0721306935','Kangemi','le','[]','user',0,'',NULL,NULL,0,NULL),(136,'JOHN','OMBUSURO','johnmicro1844','$2y$13$1ZprR99He2gZKfl2cJj7g.lFjFAdvH3PnwilP67WrNyShwLLDBWtq','johnmicro1844@gmail.com','+254701008939','Eldoret','le','[]','user',1,'male','user-1719132501.png','2024-06-23 08:50:18',1,NULL),(137,'Josphat','Onyiego','Josphat Onyiego','$2y$13$v6POTFadvq8uYS04.oLGwOBHHsjlZsV4PJ9kH1rFewuLYSqfKoJja','Jonyiego@ymail.com','724754699','Nairobi','le','[]','user',0,'',NULL,NULL,0,NULL),(138,'suzyo','phiri','darius s suzyo','$2y$13$C7XVs8Kut6b6kFIau6zFKuRJcQ5Jgk.GqIziUKBS7Bd9fpIQOckOu','suzyo2@gmail.com','0978090469','Zambia  ndola','le','[]','user',0,'',NULL,NULL,0,NULL),(140,'martin','lumbasi','martin lumbasi kisebe','$2y$13$blFSUnquXjBbvoTkyebtu.r8TjbUOkG3qkcoJcZ8DushstH0TV2w2','lumbasimartin13@gmail.com','0713133755','bungoma county','le','[]','user',0,'',NULL,NULL,0,NULL),(141,'Samuel','Kioko','kiokosamuel','$2y$13$Om7/GoBBx6XeSvvKdxwZdu14Pr0FqwA.ie4YZDNC83LpLrIg/eiFu','skiokomuia@outlook.com','0714922716','Nakuru','le','[]','user',0,'',NULL,NULL,0,NULL),(142,'PETER','KINYANJUI','peterkinyanjui','$2y$13$AUP7z9ZIIIvlJuK14GYusuzaeO9JfJV6X63fWLS2kgc8EaMR0tO3S','pkinyanjui90@gmail.com','0702487184','Nakuru','abc','[]','user',0,'',NULL,NULL,0,NULL),(143,'upendo','mshana','hassan','$2y$13$zzXlGZbyEJvWoFMFd7ktu.MUAkiY05.OIwgJNdgE5k7Ef.p0Z9TP2','Upendomshana264@gmail.com','0782312029','korogwe','abc','[]','user',0,'',NULL,NULL,0,NULL),(144,'Thomas','Chinjanga','Tommys','$2y$13$PHPBm48aRCAIcaIrE8uz5OtkaEZqYDqnzQXWE67kO0sVJUzN0L2Ae','chilutoms@yahoo.com','0977277220','Nairobi','le','[]','user',0,'',NULL,NULL,0,NULL),(145,'samuel','njoroge','Mburu njoroge','$2y$13$eH1FSRo8Hoy1N.rVZt8OzevXOT8NsZgSwMjtmWwNExm4iTVGxtVJW','mburusam39@gmail.com','0723019691','kiambu','le','[]','user',0,'',NULL,NULL,0,NULL),(146,'Elijah','Getono','Eliget','$2y$13$Ymo2FCmCNDoqJXfWwNOOYOpa7z3FuEMKWKfe/KmMQ4k7mUcbjkcHS','elijahgetono@gmail.com','0799886572','Satellite','le','[]','user',0,'',NULL,NULL,0,NULL),(147,'Kefa Nyaribo','Moruri','Kefanyaribo','$2y$13$TJgnfHqcHgdbckosAY6yMe5VTaVSt1k60g21PxZVEBxemnGWRHtFS','kefanyaribo@yahoo.com','0702874750','Nairobi','abc','[]','user',0,'',NULL,NULL,0,NULL),(148,'Wycliffe','Ongori','Wycky','$2y$13$P6KTZb.k5o0NtnQyH/DqYOX5bNdoPKrUFQvddb.tIsV6ZMvUSjhPi','Wkegeni@gmail.com','0724581994','Kilifi','le','[]','user',0,'',NULL,NULL,0,NULL),(149,'lena','keter','lenaketer','$2y$13$kTc0rKAa07haPT9Df/z5VO7dE7Nnzv/X8SSD00xsCfZ258BxJN2gu','kemboikim47@gmail.com','0729959495','nandi hills','abc','[]','user',0,'',NULL,NULL,0,NULL),(151,'ALEXADER','NDEGWA','MWAI','$2y$13$wgKL1eTMhjGd9LRN9Szz0unZBl3hemxxOeAVCohp2nkMIGgsIMgOK','alexadermwai@gmail.com','0111228747','BARICHO','le','[\"ROLE_ADMIN\"]','user',1,'male',NULL,'2024-07-19 14:56:11',0,NULL),(152,'Birai','Josiah','maestrojosiah','$2y$13$XSFOen3lX3O/j9v6bhUWX.CR9.4FL5d8mfNd1.X6mRHOx.zXWhu5.','jshbr7@gmail.com','0705285959','Kiamumbi, Kiambu','other','[]','admin',0,'male',NULL,'2024-07-19 14:44:56',0,NULL),(154,'Josiah','Testing','josiahb','$2y$13$4z2drr5i03XKsIRJisvgOuM1wg7SOl6HtmuOYJUuBGCea0jBBbiTu','joeseoconsultancy@gmail.com','0705285959','Kiamumbi, Kiambu','le','[]','user',1,'male','august-holiday-camp-duet-piano-1703488873-1718303117-1718303616.jpg','2024-06-20 17:18:31',1,NULL),(155,'Milcah','Mueni','milcayo','$2y$13$.Vlwqus4.pM4oEk/IwzcH.PA3F/VQG60FjQmy2lZhmYjdV5PmL9pS','milcahkelly6@gmail.com','0702825682','Kiamumbi, Kiambu','other','[\"ROLE_CUSTOMER\"]','customer',1,'female',NULL,'2024-07-19 14:34:06',0,NULL),(165,'Joe','Kayo',NULL,'$2y$13$II.LJ.n3JdXLE4PHuTpBleBXSLzB6.cOrV.GCfrzpKlEDZEne19wm','info@chezamusicschool.co.ke',NULL,NULL,NULL,'[]','customer',NULL,NULL,NULL,NULL,0,NULL),(166,'Regina','Banks',NULL,'$2y$13$HxAR22FnMfdr0Yhl14pSn.Mlc6nimD4g9rzp4N5pgWexMZE9IycsG','rdbanks28@gmail.com',NULL,NULL,NULL,'[]','customer',NULL,NULL,NULL,NULL,0,NULL),(173,'Simon','Muruka',NULL,'$2y$13$AXq1HbbJAcmQEPCBdKRUAOWWErqXrujySkFoN8czYiGInmj3Zw0Sq','simonmbatia@gmail.com',NULL,NULL,NULL,'[\"ROLE_CUSTOMER\"]','customer',NULL,NULL,NULL,NULL,0,NULL),(174,'Muhia','Maina',NULL,'$2y$13$/Irc3WCMs/OUYTY11C0BgueSJdFhqUQ4xoTGTnQKjtF2nvM2sieti','hmuhia@gmail.com',NULL,NULL,NULL,'[\"ROLE_CUSTOMER\"]','customer',NULL,NULL,NULL,NULL,0,NULL),(175,'Abraham','Kuto',NULL,'$2y$13$6vnwsmLe6CwL5Ytjx7E9reioki6LnNfHr0ptiA7KOF32yHpFBidHm','abrahamkuto84@gmail.com',NULL,NULL,NULL,'[\"ROLE_CUSTOMER\"]','customer',NULL,NULL,NULL,NULL,0,NULL),(177,'Jackton','Koech','Jackton','$2y$13$67SDNHI4xOxvbH/aRzMu3ufFdUJ5QSRs3QuK0Ar7ZpMH56Gp7cjCO','jntkoech@gmail.com','0723283796','Turbo','le','[\"ROLE_CUSTOMER\"]','user',1,'male',NULL,'2024-09-28 14:33:15',0,NULL),(178,'Ronald','Rawago',NULL,'$2y$13$3tkh9I/1B3Kd7nUMrZAXruuFZ81Y0uj3SBZTcdPds.Bza6wCLKQ/a','rawagoreagan@gmail.com',NULL,NULL,NULL,'[\"ROLE_CUSTOMER\"]','customer',NULL,NULL,NULL,NULL,0,NULL),(179,'Idah','Judith',NULL,'$2y$13$GCNtqsTBhRgEXTP63Ddblu1B438VWmZ24ltFVFD2xYG/QtYM.wP8i','iddajudith@gmail.com',NULL,NULL,NULL,'[\"ROLE_CUSTOMER\"]','customer',NULL,NULL,NULL,NULL,0,NULL),(180,'Gacheri','Rosemary','Gacheri','$2y$13$3GnNaMPae4M.4drTfhdK4uzhvohTscZPqRPQN9zk1Q0TYD7yK85w.','gacerir45@gmail.com','0702439850','Kagio','le','[\"ROLE_CUSTOMER\"]','user',1,'female',NULL,'2024-09-28 14:21:40',0,NULL),(181,'Moureen','Orwa',NULL,'$2y$13$x/CBa7v25qG4glcoi7V7g.vBUXQ/Jk3CvyN3dQRI2zidmFuLwqLv.','orwamora@yahoo.com',NULL,NULL,NULL,'[\"ROLE_CUSTOMER\"]','customer',NULL,NULL,NULL,NULL,0,NULL),(182,'Nereah','Aguko',NULL,'$2y$13$8xsUAgphZvA/ItAtTHxY2ObQRrnM/njyVgv2mHemcpJowLFLZ8ovW','nereahaguko@g.com','0723864539','Oyugis','le','[\"ROLE_CUSTOMER\"]','user',0,'female',NULL,'2024-09-28 13:43:27',0,NULL),(183,'Rehema','Munyao',NULL,'$2y$13$dc.0NK/.Z0jC7ad7jJgMNOoW5QKk8ysdqi60sDXUt6kNWmaLZS25O','rehemamunyao@ymail.com',NULL,NULL,NULL,'[\"ROLE_CUSTOMER\"]','customer',NULL,NULL,NULL,NULL,0,NULL),(184,'GLADYS','CHEPNGETICH',NULL,'$2y$13$xREQUVyznPDJ690rf0oHHuOVdvmvTgvQwZ589tSwE0pE.L3OuJMtq','chepngetichgladys75@gmail.com',NULL,NULL,NULL,'[\"ROLE_CUSTOMER\"]','customer',NULL,NULL,NULL,NULL,0,NULL),(185,'Eunice','Ng\'ang\'a','Eunice','$2y$13$UhXD.QQvjpV7oA0./6mpx.nbQYVl6rUsHd1/S/NvxaUzsB/zllg/q','eunicenganga2018@gmail.com','0724370800','Kabete',NULL,'[\"ROLE_CUSTOMER\"]','user',1,'female',NULL,'2024-09-28 14:29:55',0,NULL),(186,'Ruth','Odhiambo','Ruth','$2y$13$flI19HsMa3oCC95/0VUU4.uSJGI0CLEpi7n230i8TbnA6BYEbif4O','odhiamboruth78@gmail.com','0707000216','Ranen','le','[\"ROLE_CUSTOMER\"]','user',1,'female',NULL,'2024-09-28 14:26:22',0,NULL),(187,'Sophia warui','Warui','Sophia','$2y$13$nWCKiUb00qKHhKvTnvXVWukivShtR1b66pQ.1P5.rWCSKkxl9Vdw6','sofiawarui82@gmail.com','0700904018','Kirinyaga','le','[\"ROLE_CUSTOMER\"]','user',1,'female',NULL,'2024-09-28 14:19:25',0,NULL),(188,'Joy','Ayoma',NULL,'$2y$13$m87BI2SNitai/EpRm8mb0.odJqHjw9WiticyQskCLgmcFHi2kFSti','jvchesosi@gmail.com',NULL,NULL,NULL,'[\"ROLE_CUSTOMER\"]','customer',NULL,NULL,NULL,NULL,0,NULL),(189,'Isca','Okombo',NULL,'$2y$13$rznsI33EuOTsLLlPlOElzuU09isbDibG9E3XvoaqUbGRQ1oQe8a9.','iscaokombo59@gmail.com','0724148740','Mbita','le','[\"ROLE_CUSTOMER\"]','user',1,'female',NULL,'2024-09-28 14:35:15',0,NULL),(190,'Njoroge','Mburu','Njoroge','$2y$13$BCkFJZSBw3F9GyoIs6OfQ.nHtwsOH4I/Fo3A60om.c5VyqP8G0Cyy','njorogemburu6@gmail.com','0721575200','Githunguri','office','[\"ROLE_CUSTOMER\"]','admin',1,'male',NULL,'2024-09-28 14:23:26',0,NULL),(191,'Trizah','Waititu','Trizah','$2y$13$hLO3P//KWYUIYDfngM05T.r44Fl/KMo7LlCMJs8mMRhjd3ezF1276','twaititu76@gmail.com','0795533691','Meru','le','[\"ROLE_CUSTOMER\"]','user',1,'female',NULL,'2024-09-28 14:19:55',0,NULL),(192,'Dkreen','Nyaega',NULL,'$2y$13$pwfhamULFEbaNADdPSRiL.ObJLulSERzP.vszVPFvsnDE7omzmxCK','dornyaega@gmail.com',NULL,NULL,NULL,'[\"ROLE_CUSTOMER\"]','customer',NULL,NULL,NULL,NULL,0,NULL),(193,'Moses','Wekesa',NULL,'$2y$13$B1AF7TakEQAyElk97R3FHeQmgPgdaegnYdyV1zYGqdPMoeOzoHLZe','moseswekesa2014@gmail.com',NULL,NULL,NULL,'[\"ROLE_CUSTOMER\"]','customer',NULL,NULL,NULL,NULL,0,NULL),(194,'Nancy','Nyamoita',NULL,'$2y$13$r4izGglerS/ayirPzti.COJ5jShm4/f.ZpLaIlEx0rOfJxnDx43si','nancymoments@gmail.com',NULL,NULL,NULL,'[\"ROLE_CUSTOMER\"]','customer',NULL,NULL,NULL,NULL,0,NULL),(195,'Janei','Githui','Janei','$2y$13$v/EwJp268Txsbl1KTpzjJOy6nvzlhEDgt8wJBgM97S48A8pgTgyhK','janegithui2024@gmail.com','0725004833','Murang\'a','le','[\"ROLE_CUSTOMER\"]','user',1,'female',NULL,'2024-09-28 14:45:06',0,NULL),(196,'Hannington','Mnjama','Hannington','$2y$13$QWBpQnemH/Ou8jlaht4HKOJSMBAeeT8RNkAFrukFrxyqzYhXrx3ne','hkmjama@yahoo.com','0718467452','Rongai','office','[\"ROLE_CUSTOMER\"]','user',1,'female',NULL,'2024-09-28 14:59:58',0,NULL),(197,'Matthew','Ndirangu','Matthewndirangu','$2y$13$MJqmL4v3ruEB3tWFM4b1yuhys5TB/3UWqfPsQvzxGkrhyak5U9jTO','wairegindirangu91@gmail.com','0745225096','Embu','office','[\"ROLE_CUSTOMER\"]','user',1,'male',NULL,'2024-09-28 14:58:10',0,NULL),(198,'Ruth','Jepkosgei','Ruthjepkosgei','$2y$13$miC1iOnrYOr93QWChw9OSOYFcLl8lhvoSvXu2Owx6PZ.10Xhxr9LW','Molelruthj@gmail.com','0720323259','Kericho','le','[\"ROLE_CUSTOMER\"]','user',1,'female',NULL,'2024-09-28 14:52:49',0,NULL),(199,'Josephine','Otieno',NULL,'$2y$13$H1DcqwWHJ52D9FVyo1Pcb.ceseu5jugl9hog2wpLyJA/BOg8hvn6u','joyousjosey2010@gmail.com',NULL,NULL,NULL,'[\"ROLE_CUSTOMER\"]','customer',NULL,NULL,NULL,NULL,0,NULL),(200,'Pr. Shadrack','Okari',NULL,'$2y$13$WfsSH5ujR62zpyrVHYsRk.84KEx10xSmBwR00d7gQCuJNsqq/MqJu','okarispr@gmail.com',NULL,NULL,NULL,'[\"ROLE_CUSTOMER\"]','customer',NULL,NULL,NULL,NULL,0,NULL),(201,'Mary','Achieng\'',NULL,'$2y$13$6g9uQuwyrVzDkv6LznFcVOfRT2c0gJnuOSwgMBznKuMC3yw2j7aT.','claireachieng856@gmail.com',NULL,NULL,NULL,'[\"ROLE_CUSTOMER\"]','customer',NULL,NULL,NULL,NULL,0,NULL),(202,'doricas','misango',NULL,'$2y$13$8gkHsuimbHmEbjhaC8aQ/OYv591Nc8gFefGPkuJa6N/QtRtvThQp6','huldahwasilwa@gmail.com',NULL,NULL,NULL,'[\"ROLE_CUSTOMER\"]','customer',NULL,NULL,NULL,NULL,0,NULL),(203,'Benson','Mutua',NULL,'$2y$13$xph41VHpzNJQvT1e/4kgrejWSSGCQmQIdOC/p0kOqEhTJBMykCPBi','mutuabenson806@gmail.com',NULL,NULL,NULL,'[\"ROLE_CUSTOMER\"]','customer',NULL,NULL,NULL,NULL,0,NULL),(204,'Hyline  kemunto','Kebaso','Hyline Kemunto','$2y$13$iAXO2YfVGiQvlmC53ohMkempIQQ88tMAY/HxzUAmgwCmlkQPPYXyu','hylinekebaso62@gmailcom','0708464289','Kak',NULL,'[\"ROLE_CUSTOMER\"]','user',1,'female',NULL,'2024-09-28 14:31:41',0,NULL),(205,'Florence','Githae',NULL,'$2y$13$WF9rfuIX.FGUaCRSycORiujd4AR1KVwhRHoMpjbwAco3iPY0GIToa','florencegithae7@gmail.com',NULL,NULL,NULL,'[\"ROLE_CUSTOMER\"]','customer',NULL,NULL,NULL,NULL,0,NULL),(206,'Jackline','Ogise',NULL,'$2y$13$5gCd4eYHrUZPXHPQ0HK4qemWFrrZUXxPwFH2PBONXweR0E.yXGbZS','jacklineogise014@gmail.com',NULL,NULL,NULL,'[\"ROLE_CUSTOMER\"]','customer',NULL,NULL,NULL,NULL,0,NULL),(207,'TABITHER','Machuka',NULL,'$2y$13$RWoZjxUNl0elGZp4uQhdTu1QLYFRtNGlGSsSnYgDRQ6fhb2a80UKa','tabitherkerubo8@gmail.com',NULL,NULL,NULL,'[\"ROLE_CUSTOMER\"]','customer',NULL,NULL,NULL,NULL,0,NULL),(208,'Aska','Kemunto',NULL,'$2y$13$POaH8uAHtkHUq2IsEsagM.XupARPzgg2S26.TzAbWF3GUQcnpjbzK','askakemunto07@gmail.com',NULL,NULL,NULL,'[\"ROLE_CUSTOMER\"]','customer',NULL,NULL,NULL,NULL,0,NULL),(209,'Rose','Olale',NULL,'$2y$13$RTpdI72qNsCNhF8mnwRFJOnWd7rjhp5gCRLtbOykIkMuI2sQHseDm','Roseolale4@.com',NULL,NULL,NULL,'[\"ROLE_CUSTOMER\"]','customer',NULL,NULL,NULL,NULL,0,NULL),(210,'Truphena','Murrey','Truphena','$2y$13$IP7migPCh/CWaYtwdk/YweFgptKLOLuBM1Q23UYbe1p9zhJAaO2e2','Murrey@gmail.com','0729217661','Eldoret','le','[\"ROLE_CUSTOMER\"]','user',0,'female',NULL,'2024-09-28 14:13:49',0,NULL),(211,'doricas','misango','dorcas','$2y$13$CPIjnaeprQ.Ga3hzwl1AZO.grNRniATKUe5SbuGpSA4jy1BN9DH5.','huldawasilwa@gmail.com','0708062616','Kakamega','le','[\"ROLE_CUSTOMER\"]','user',0,'female',NULL,'2024-09-28 14:17:05',0,NULL),(212,'Zipporah','Nyakundi',NULL,'$2y$13$ZMuASXyM/rcAT5FSGqqq1.5hc15xO1R4EHqbcTRd5jvkSdwol94mK','nyakundizippy87@gmail.com',NULL,NULL,NULL,'[\"ROLE_CUSTOMER\"]','customer',NULL,NULL,NULL,NULL,0,NULL),(213,'Deborah','Achieng','Deborah','$2y$13$WTll95KTUR1P2qQO7CxOI.5tlqErQ7N1k/VmgfFJHA719MPy4ZSe2','deboraachieng27@gmail.com','0748340335','Kochia',NULL,'[\"ROLE_CUSTOMER\"]','user',0,'female',NULL,'2024-09-28 14:28:10',0,NULL),(214,'Risper','Nyanchera','Risper','$2y$13$bdGuAbb0qhjvnjptY50cae/6Xfam/L3fmQeeKXV1jXrj8kGI27hbK','rispernyanchera01@gmail.com','0723601115','Molem','le','[\"ROLE_CUSTOMER\"]','user',1,'female',NULL,'2024-09-28 14:43:03',0,NULL),(215,'Jackline','Ayako','Jackline','$2y$13$awieKexosvLMQIFwWK3G8eedhCE9kbydqqwCe9CcW.hoqjr2obeKu','jacklineayako3@gmail.com','0722659789','Tasia','le','[\"ROLE_CUSTOMER\"]','user',1,'female',NULL,'2024-09-28 14:41:30',0,NULL),(216,'Cecilia','Njoroge','Cecilia','$2y$13$taDNk.P4PPmrRTEGpe6GMOvuz2aa.Re6u1mUoHko.3GQkBCgGohuu','cecynjoro23@gmail.com','0726141272','Githunguri','le','[\"ROLE_CUSTOMER\"]','user',1,'female',NULL,'2024-09-28 14:50:18',0,NULL),(217,'Orpah','Chelimo','Orpahchelimo','$2y$13$hPYrV4SzfeG4g6FmqXZBuecwa2d.X/cRFQ6Cwerd9tNXMnJGfDtte','Oprahjelimo@gmail.com','0725463617','Eldoret','le','[\"ROLE_CUSTOMER\"]','user',1,'female',NULL,'2024-09-28 19:54:06',0,NULL),(218,'Norah','Nyaribo','norahkemunto','$2y$13$sorcxt3bkiVOWAQzWnl1hOacPNRxC7vF7HjqAPB4GfexxYDqlpbE2','norakefa@yahoo.com','0722609370','Hurlingharm','le','[\"ROLE_CUSTOMER\"]','user',1,'female',NULL,'2024-09-28 20:04:51',0,NULL),(219,'Sophia wambui','Wambui',NULL,'$2y$13$iFVGQr02NKpEN3wfnoG7zuhkYDW4dpjhsb1IpiK4R7Sz61z2zFKsO','Sophia@25',NULL,NULL,NULL,'[\"ROLE_CUSTOMER\"]','customer',NULL,NULL,NULL,NULL,0,NULL),(220,'Sophia wambui','Wambui',NULL,'$2y$13$gkSDDR8TFLiDEHWZt2CtuuUynhD3kDY6Zma/1nrZb2twfhGkwJvj2','Sophie@25gmail.com',NULL,NULL,NULL,'[\"ROLE_CUSTOMER\"]','customer',NULL,NULL,NULL,NULL,0,NULL),(222,'Elizabeth','Koech',NULL,'$2y$13$CICrHCZbHH/lFHNJjlWlsu63wK0lceDUSHrAVQNvaHXyVNZonZszW','lizcaleb.le@gmail.com',NULL,NULL,'le','[\"ROLE_CUSTOMER\"]','user',1,NULL,NULL,'2024-11-28 07:27:20',0,NULL),(223,'Abigael','Koech',NULL,'$2y$13$RwfQ6E/1W6G9klwe/33gre9TqSIzlJHqipVyWgWB/FvcRtNAlOB8q','abikoech8@gmail.com',NULL,NULL,NULL,'[\"ROLE_CUSTOMER\"]','customer',NULL,NULL,NULL,NULL,0,NULL),(224,'SALLY','KOSGEI',NULL,'$2y$13$kXQzEfh0ZDhtzmw3g65kceSWhtiz8qQEgZGFP.fZoN4dqyk72ou2m','sallykos408@gmail.com',NULL,NULL,NULL,'[\"ROLE_CUSTOMER\"]','customer',NULL,NULL,NULL,NULL,0,NULL),(225,'Margaret','Iyaya',NULL,'$2y$13$9mCKj21x5bYSk8PCvrlf7u1N3s/zeuXYZBM9gV7W5EACmviJbgbSi','wambaniiyaya@yahoo.com',NULL,NULL,NULL,'[\"ROLE_CUSTOMER\"]','customer',NULL,NULL,NULL,NULL,0,NULL),(252,'YUNITA','ADHIAMBO',NULL,'$2y$13$9/KnUL/uEzl/Xa7rTfXz.erKnNObCi/7WQAxArt5AOg3PK2HdoTGO','yogweno@yahoo.com','0721715486','HURLINGHAM','office','[\"ROLE_SUPER_ADMIN\"]','admin',1,'female',NULL,'2024-11-28 07:23:01',0,NULL),(253,'YUNITA','OGWENO','YUNITA','$2y$13$gpIJi2obpczUANvBNP3vWOoi5UHbdprSZInqwv.HtceKYQzH/89a2','yunitaadhiambo@gmail.com','0721715486','KILIMANI','le','[\"ROLE_ADMIN\"]','user',1,'female',NULL,'2024-11-28 07:34:54',0,NULL),(254,'Milcah','Mueni',NULL,'$2y$13$7ZkHIyisD06S/5h5lpeZx.dUdA2./XWpVYaoVI3mpj03XN6YPf9Me','milkayo.keli@gmail.com',NULL,NULL,NULL,'[\"ROLE_CUSTOMER\"]','customer',NULL,NULL,NULL,NULL,0,NULL),(272,'Elizabeth','Njoki',NULL,'$2y$13$F4szNz31e68ec6971T5AH.4eO/JrbrRAM1EcA5vkDuLd6Wu/4TAGK','njokielizabeth637@gmail.com',NULL,'Kikuyu','office','[\"ROLE_SUPER_ADMIN\"]','admin',1,'female',NULL,'2024-12-12 12:03:19',0,NULL),(278,'Samuel','Mogambi',NULL,'$2y$13$H0aaT0pndkeTPUiktQyPaOPCcPBt..WnA1B7BlMJNO89VErjz215u','ondiekimogambi@gmail.com',NULL,NULL,NULL,'[\"ROLE_CUSTOMER\"]','customer',NULL,NULL,NULL,NULL,0,NULL),(279,'Peter','Ochieng',NULL,'$2y$13$XT.b5e5LJmqT1IGA4S.IT.dbMwgHnFE/u3LuO9UlIrzSV6OrX/Xli','oduyajnr2@gmail.com',NULL,NULL,NULL,'[\"ROLE_CUSTOMER\"]','customer',NULL,NULL,NULL,NULL,0,NULL);
/*!40000 ALTER TABLE `user` ENABLE KEYS */;
UNLOCK TABLES;

--
-- Table structure for table `user_constituency`
--

DROP TABLE IF EXISTS `user_constituency`;
/*!40101 SET @saved_cs_client     = @@character_set_client */;
/*!50503 SET character_set_client = utf8mb4 */;
CREATE TABLE `user_constituency` (
  `user_id` int NOT NULL,
  `constituency_id` int NOT NULL,
  PRIMARY KEY (`user_id`,`constituency_id`),
  KEY `IDX_DFF40B6BA76ED395` (`user_id`),
  KEY `IDX_DFF40B6B693B626F` (`constituency_id`),
  CONSTRAINT `FK_DFF40B6B693B626F` FOREIGN KEY (`constituency_id`) REFERENCES `constituency` (`id`) ON DELETE CASCADE,
  CONSTRAINT `FK_DFF40B6BA76ED395` FOREIGN KEY (`user_id`) REFERENCES `user` (`id`) ON DELETE CASCADE
) ENGINE=InnoDB DEFAULT CHARSET=utf8mb4 COLLATE=utf8mb4_unicode_ci;
/*!40101 SET character_set_client = @saved_cs_client */;

--
-- Dumping data for table `user_constituency`
--

LOCK TABLES `user_constituency` WRITE;
/*!40000 ALTER TABLE `user_constituency` DISABLE KEYS */;
INSERT INTO `user_constituency` VALUES (1,228),(1,229),(1,230),(1,231),(1,232),(1,233),(1,234),(1,235),(1,236),(1,237),(1,238),(1,239),(1,240),(1,241),(1,242),(1,243),(1,244),(2,147),(2,148),(2,149),(2,228),(2,234),(2,240),(3,203),(3,204),(3,205),(3,206),(3,207),(3,208),(3,209),(4,90),(4,91),(4,92),(4,93),(4,94),(4,95),(4,96),(4,97),(4,98),(4,99),(4,100),(6,228),(6,229),(6,230),(6,231),(6,232),(6,233),(6,234),(6,235),(6,236),(6,237),(6,238),(6,239),(6,240),(6,241),(6,242),(6,243),(6,244),(7,210),(7,211),(7,212),(7,213),(7,214),(7,215),(7,216),(8,145),(8,146),(8,147),(8,148),(8,149),(9,228),(9,229),(9,230),(9,231),(9,232),(9,233),(9,234),(9,235),(9,236),(9,237),(9,238),(9,239),(9,240),(9,241),(9,242),(9,243),(9,244),(10,228),(10,229),(10,230),(10,231),(10,232),(10,233),(10,234),(10,235),(10,236),(10,237),(10,238),(10,239),(10,240),(10,241),(10,242),(10,243),(10,244),(12,192),(12,193),(12,194),(12,195),(12,196),(12,197),(12,198),(12,199),(12,200),(12,201),(12,202),(13,228),(13,229),(13,230),(13,231),(13,232),(13,233),(13,234),(13,235),(13,236),(13,237),(13,238),(13,239),(13,240),(13,241),(13,242),(13,243),(13,244),(14,150),(14,151),(14,152),(14,153),(14,228),(14,229),(14,230),(14,231),(14,232),(14,233),(14,234),(14,235),(14,236),(14,237),(14,238),(14,239),(14,240),(14,241),(14,242),(14,243),(14,244),(15,217),(15,218),(15,219),(15,220),(15,221),(15,222),(15,223),(15,224),(16,115),(16,116),(16,117),(16,118),(16,119),(16,245),(17,111),(17,112),(17,113),(17,114),(17,246),(18,111),(18,112),(18,113),(18,114),(18,246),(19,163),(19,164),(19,165),(19,166),(19,167),(19,168),(19,169),(19,170),(19,171),(19,172),(19,173),(20,197),(20,198),(20,199),(20,200),(20,201),(20,202),(21,115),(21,116),(21,117),(21,118),(21,119),(21,245),(22,203),(22,204),(22,205),(22,206),(22,207),(22,208),(22,209),(23,178),(23,179),(23,180),(23,181),(23,182),(23,183),(23,184),(23,185),(24,50),(24,51),(24,52),(25,123),(25,124),(25,125),(25,126),(25,127),(26,197),(26,198),(26,199),(26,200),(26,201),(26,202),(27,9),(27,10),(27,11),(27,12),(27,13),(27,14),(28,197),(28,198),(28,199),(28,200),(28,201),(28,202),(29,197),(29,198),(29,199),(29,200),(29,201),(29,202),(30,197),(30,198),(30,199),(30,200),(30,201),(30,202),(31,18),(31,19),(31,20),(31,247),(32,228),(32,229),(32,230),(32,231),(32,232),(32,233),(32,234),(32,235),(32,236),(32,237),(32,238),(32,239),(32,240),(32,241),(32,242),(32,243),(32,244),(33,217),(33,218),(33,219),(33,220),(33,221),(33,222),(33,223),(33,224),(136,228),(136,245),(151,9),(151,10),(151,11),(151,12),(151,13),(151,14),(154,228),(154,229),(154,230),(154,231),(154,232),(154,233),(154,234),(154,235),(154,236),(154,237),(154,238),(154,239),(154,240),(154,241),(154,242),(154,243),(154,244),(177,115),(177,116),(177,117),(177,118),(177,119),(177,245),(180,81),(180,82),(180,83),(182,203),(182,204),(182,205),(182,206),(182,207),(182,208),(182,209),(185,90),(185,91),(185,92),(185,93),(185,94),(185,95),(185,96),(185,97),(185,98),(185,99),(185,100),(186,210),(186,211),(186,212),(186,213),(186,214),(186,215),(186,216),(187,81),(187,82),(187,83),(189,203),(189,204),(189,205),(189,206),(189,207),(189,208),(189,209),(190,90),(190,91),(190,92),(190,93),(190,94),(190,95),(190,96),(190,97),(190,98),(190,99),(190,100),(191,40),(191,41),(191,42),(191,43),(191,44),(191,45),(191,46),(191,47),(195,84),(195,85),(195,86),(195,87),(195,88),(195,89),(196,150),(196,151),(196,152),(196,153),(197,50),(197,51),(197,52),(198,154),(198,155),(198,156),(198,157),(198,158),(204,163),(204,164),(204,165),(204,166),(204,167),(204,168),(204,169),(204,170),(204,171),(204,172),(204,173),(210,115),(210,116),(210,117),(210,118),(210,119),(210,245),(211,163),(211,164),(211,165),(211,166),(211,167),(211,168),(211,169),(211,170),(211,171),(211,172),(211,173),(213,203),(213,204),(213,205),(213,206),(213,207),(213,208),(213,209),(214,228),(214,229),(214,230),(214,231),(214,232),(214,233),(214,234),(214,235),(214,236),(214,237),(214,238),(214,239),(214,240),(214,241),(214,242),(214,243),(214,244),(215,228),(215,229),(215,230),(215,231),(215,232),(215,233),(215,234),(215,235),(215,236),(215,237),(215,238),(215,239),(215,240),(215,241),(215,242),(215,243),(215,244),(216,90),(216,91),(216,92),(216,93),(216,94),(216,95),(216,96),(216,97),(216,98),(216,99),(216,100),(217,115),(217,116),(217,117),(217,118),(217,119),(217,245),(218,228),(218,229),(218,230),(218,231),(218,232),(218,233),(218,234),(218,235),(218,236),(218,237),(218,238),(218,239),(218,240),(218,241),(218,242),(218,243),(218,244),(252,228),(252,229),(252,230),(252,231),(252,232),(252,233),(252,234),(252,235),(252,236),(252,237),(252,238),(252,239),(252,240),(252,241),(252,242),(252,243),(252,244),(253,228),(253,229),(253,230),(253,231),(253,232),(253,233),(253,234),(253,235),(253,236),(253,237),(253,238),(253,239),(253,240),(253,241),(253,242),(253,243),(253,244),(272,228),(272,229),(272,230),(272,231),(272,232),(272,233),(272,234),(272,235),(272,236),(272,237),(272,238),(272,239),(272,240),(272,241),(272,242),(272,243),(272,244);
/*!40000 ALTER TABLE `user_constituency` ENABLE KEYS */;
UNLOCK TABLES;

--
-- Table structure for table `user_county`
--

DROP TABLE IF EXISTS `user_county`;
/*!40101 SET @saved_cs_client     = @@character_set_client */;
/*!50503 SET character_set_client = utf8mb4 */;
CREATE TABLE `user_county` (
  `user_id` int NOT NULL,
  `county_id` int NOT NULL,
  PRIMARY KEY (`user_id`,`county_id`),
  KEY `IDX_3DB0E418A76ED395` (`user_id`),
  KEY `IDX_3DB0E41885E73F45` (`county_id`),
  CONSTRAINT `FK_3DB0E41885E73F45` FOREIGN KEY (`county_id`) REFERENCES `county` (`id`) ON DELETE CASCADE,
  CONSTRAINT `FK_3DB0E418A76ED395` FOREIGN KEY (`user_id`) REFERENCES `user` (`id`) ON DELETE CASCADE
) ENGINE=InnoDB DEFAULT CHARSET=utf8mb4 COLLATE=utf8mb4_unicode_ci;
/*!40101 SET character_set_client = @saved_cs_client */;

--
-- Dumping data for table `user_county`
--

LOCK TABLES `user_county` WRITE;
/*!40000 ALTER TABLE `user_county` DISABLE KEYS */;
INSERT INTO `user_county` VALUES (1,47),(2,19),(2,33),(2,47),(3,43),(4,22),(6,47),(7,44),(8,33),(9,47),(10,47),(12,41),(12,42),(13,47),(14,34),(14,47),(15,45),(16,27),(17,26),(18,26),(19,37),(20,42),(21,27),(22,43),(23,39),(24,14),(25,29),(26,42),(27,3),(28,42),(29,42),(30,42),(31,6),(32,47),(33,45),(136,27),(151,3),(154,47),(177,27),(180,20),(182,43),(185,22),(186,44),(187,20),(189,43),(190,22),(191,12),(195,21),(196,34),(197,14),(198,35),(204,37),(210,27),(211,37),(213,43),(214,47),(215,47),(216,22),(217,27),(218,47),(252,47),(253,47),(272,47);
/*!40000 ALTER TABLE `user_county` ENABLE KEYS */;
UNLOCK TABLES;

--
-- Table structure for table `user_rating`
--

DROP TABLE IF EXISTS `user_rating`;
/*!40101 SET @saved_cs_client     = @@character_set_client */;
/*!50503 SET character_set_client = utf8mb4 */;
CREATE TABLE `user_rating` (
  `id` int NOT NULL AUTO_INCREMENT,
  `customer_id` int DEFAULT NULL,
  `agent_id` int DEFAULT NULL,
  `rating` decimal(3,2) NOT NULL,
  `comment` longtext CHARACTER SET utf8mb4 COLLATE utf8mb4_unicode_ci,
  `timestamp` datetime NOT NULL,
  `updated_at` datetime DEFAULT NULL,
  PRIMARY KEY (`id`),
  KEY `IDX_BDDB3D1F9395C3F3` (`customer_id`),
  KEY `IDX_BDDB3D1F3414710B` (`agent_id`),
  CONSTRAINT `FK_BDDB3D1F3414710B` FOREIGN KEY (`agent_id`) REFERENCES `user` (`id`),
  CONSTRAINT `FK_BDDB3D1F9395C3F3` FOREIGN KEY (`customer_id`) REFERENCES `user` (`id`)
) ENGINE=InnoDB DEFAULT CHARSET=utf8mb4 COLLATE=utf8mb4_unicode_ci;
/*!40101 SET character_set_client = @saved_cs_client */;

--
-- Dumping data for table `user_rating`
--

LOCK TABLES `user_rating` WRITE;
/*!40000 ALTER TABLE `user_rating` DISABLE KEYS */;
/*!40000 ALTER TABLE `user_rating` ENABLE KEYS */;
UNLOCK TABLES;
/*!40103 SET TIME_ZONE=@OLD_TIME_ZONE */;

/*!40101 SET SQL_MODE=@OLD_SQL_MODE */;
/*!40014 SET FOREIGN_KEY_CHECKS=@OLD_FOREIGN_KEY_CHECKS */;
/*!40014 SET UNIQUE_CHECKS=@OLD_UNIQUE_CHECKS */;
/*!40101 SET CHARACTER_SET_CLIENT=@OLD_CHARACTER_SET_CLIENT */;
/*!40101 SET CHARACTER_SET_RESULTS=@OLD_CHARACTER_SET_RESULTS */;
/*!40101 SET COLLATION_CONNECTION=@OLD_COLLATION_CONNECTION */;
/*!40111 SET SQL_NOTES=@OLD_SQL_NOTES */;

-- Dump completed on 2025-02-04 12:58:33
